{
    "type": "origins:action_on_callback",
    "entity_action_chosen": {
            "type": "origins:apply_effect",
            "effect": {
                "effect": "minecraft:night_vision",
                "duration": 1000000,
                "amplifier": 0,
                "show_particles": false,
                "show_icon": false
            }
        },
     "entity_action_respawned": {
            "type": "origins:apply_effect",
            "effect": {
                "effect": "minecraft:night_vision",
                "duration": 1000000,
                "amplifier": 0,
                "show_particles": false,
                "show_icon": false
            }
        }
    ,
    "entity_action_lost": {
        "type": "origins:execute_command",
        "command": "effect clear @s night_vision"
            
    },
    "entity_action_removed": {
        "type": "origins:execute_command",
        "command": "effect clear @s night_vision"
    },
    "name":"mightvision",
    "description": "gives night vision"
}