{
    "type": "origins:active_self",
    "entity_action": {
        "type": "origins:and",
        "actions": [
            {
                "type": "origins:apply_effect",
                "effect": {
                    "effect": "minecraft:haste",
                    "duration": 600,
                    "amplifier": 1
                }
            },
            { "type": "origins:apply_effect",
              "effect": {
                "effect": "minecraft:hunger",
                "duration": 600,
                "amplifier": 1
            }
        }
        ]
    },
    "cooldown": 1200,
    "hud_render": {
        "should_render": true,
        "sprite_location": "origins:textures/gui/badge/toggle.png",
        "bar_index": 16
    },
  	"condition": {
        "type": "origins:and",
        "conditions": [
            {
                "type": "origins:sneaking",
                "inverted": true
            }
        ]
    },
    "key": {
        "key": "key.origins.primary_active"
    },
    "name": "haste",
    "description": "you get 30 seconds of haste and hunger"
}