{
    "type": "origins:action_on_callback",
    "entity_action_chosen": {
        "type": "origins:execute_command",
        "command": "scale set pehkui:base 0.75"
    },
    "entity_action_respawned": {
        "type": "origins:execute_command",
        "command": "scale set pehkui:base 0.75"
    },
    "entity_action_lost": {
        "type": "origins:execute_command",
        "command": "scale set pehkui:base 1"
    },
    "entity_action_removed": {
        "type": "origins:execute_command",
        "command": "scale set pehkui:base 1"
    },
    "name": "kobolt-sized",
    "description": "You are the size of 1.5 minecraft block"
}