{
	"powers": [
		"bird:smol_birb",
		"bird:wings",
		"bird:love_air",
		"bird:granivore",
		"extraorigins:jockey",
		"bird:tweet",
		"bird:launch",
		"bird:smaller-appetite",
		"bird:smaller_body",
		"bird:almost_no_armor",
		"origins:more_kinetic_damage",
		"bird:feather_grip",
		"bird:no-shield",
		"bird:feather_grip_spectral",
		"bird:more_air_damage",
		"bird:no-food",
		"bird:credits"
	],
	"icon": "minecraft:chicken",
	"order": 10,
	"impact": 3,
	"name": "Birb",
	"description": "Birbs are small and very cute. They can also fly and chirp."
}
