{
    "name": "Quick Reflexes",
    "description": "When your health gets low, your Enderman reflexes will quickly relocate you somewhere near by, above ground. This ability has a long cooldown.",
    "type": "origins:multiple",
    "active": {
        "condition": {
            "type": "origins:and",
            "conditions": [
                {
                    "type": "origins:or",
                    "conditions": [
                        {
                            "type": "origins:resource",
                            "resource": "*:pumpkin_hate_check",
                            "comparison": "==",
                            "compare_to": 0
                        },
                        {
                            "inverted": true,
                            "type": "origins:power",
                            "power": "enderian:pumpkin_hate"
                        }
                    ]
                },
                {
                    "inverted": true,
                    "type": "origins:gamemode",
                    "gamemode": "spectator"
                }
            ]
        },
        "type": "origins:active_self",
        "entity_action": {
            "type": "origins:if_else",
            "condition": {
                "type": "origins:or",
                "conditions": [
                    {
                        "type": "origins:gamemode",
                        "gamemode": "creative"
                    },
                    {
                        "inverted": true,
                        "type": "origins:power_active",
                        "power": "*:*_prevent"
                    }
                ]
            },
            "if_action": {
                "type": "origins:and",
                "actions": [
                    {
                        "type": "origins:toggle",
                        "power": "*:*_prevent"
                    },
                    {
                        "type": "origins:extinguish"
                    },
                    {
                        "type": "origins:clear_effect"
                    },
                    {
                        "type": "origins:execute_command",
                        "command": "/power grant @s enderian:util/reflex_tp enderian:util"
                    },
                    {
                        "type": "origins:apply_effect",
                        "effects": [
                            {
                                "effect": "absorption",
                                "duration": 600,
                                "amplifier": 1,
                                "show_particles": false,
                                "show_icon": true
                            },
                            {
                                "effect": "blindness",
                                "duration": 100,
                                "amplifier": 0,
                                "show_particles": false,
                                "show_icon": true
                            },
                            {
                                "effect": "nausea",
                                "duration": 120,
                                "amplifier": 0,
                                "show_particles": false,
                                "show_icon": true
                            }
                        ]
                    },
                    {
                        "type": "origins:delay",
                        "action": {
                            "type": "origins:and",
                            "actions": [
                                {
                                    "type": "origins:play_sound",
                                    "sound": "minecraft:entity.enderman.teleport",
                                    "volume": 1,
                                    "pitch": 1
                                },
                                {
                                    "type": "origins:execute_command",
                                    "command": "/summon origins:enderian_pearl ~ ~0.25 ~ {Silent:1b,Motion:[0.0,-0.5,0.0],Item:{id:\"minecraft:air\",Count:1b}}"
                                }
                            ]
                        },
                        "ticks": 3
                    }
                ]
            },
            "else_action": {
                "type": "origins:and",
                "actions": [
                    {
                        "type": "origins:delay",
                        "action": {
                            "type": "origins:change_resource",
                            "resource": "*:*_active",
                            "change": 7200,
                            "operation": "set"
                        },
                        "ticks": 0
                    },
                    {
                        "type": "origins:execute_command",
                        "command": "title @s actionbar {\"text\":\"Your health must fully regenerate before this can be used again\",\"color\":\"aqua\"}"
                    }
                ]
            }
        },
        "cooldown": 7200,
        "hud_render": {
            "should_render": true,
            "sprite_location": "origins:textures/gui/community/spiderkolo/resource_bar_03.png",
            "bar_index": 7
        },
        "key": {
            "key": "key.origins.secondary_active"
        }
    },
    "callback": {
        "type": "origins:action_on_callback",
        "entity_action_chosen": {
            "type": "origins:set_resource",
            "resource": "*:*_active",
            "value": 7200
        },
        "execute_chosen_when_orb": true,
        "entity_action_respawned": {
            "type": "origins:set_resource",
            "resource": "*:*_active",
            "value": 7200
        }
    },
    "invulnerability": {
        "condition": {
            "type": "origins:and",
            "conditions": [
                {
                    "type": "origins:resource",
                    "resource": "*:*_active",
                    "comparison": "<",
                    "compare_to": 7200
                },
                {
                    "type": "origins:resource",
                    "resource": "*:*_active",
                    "comparison": ">=",
                    "compare_to": 7100
                }
            ]
        },
        "type": "origins:invulnerability",
        "damage_condition": {
            "type": "origins:and",
            "conditions": [
                {
                    "inverted": true,
                    "type": "origins:name",
                    "name": "starve"
                },
                {
                    "inverted": true,
                    "type": "origins:name",
                    "name": "magic"
                },
                {
                    "inverted": true,
                    "type": "origins:name",
                    "name": "outOfWorld"
                }
            ]
        }
    },
    "reflex": {
        "condition": {
            "type": "origins:and",
            "conditions": [
                {
                    "type": "origins:resource",
                    "resource": "*:*_active",
                    "comparison": "==",
                    "compare_to": 0
                },
                {
                    "type": "origins:or",
                    "conditions": [
                        {
                            "type": "origins:resource",
                            "resource": "*:pumpkin_hate_check",
                            "comparison": "==",
                            "compare_to": 0
                        },
                        {
                            "inverted": true,
                            "type": "origins:power",
                            "power": "enderian:pumpkin_hate"
                        }
                    ]
                },
                {
                    "inverted": true,
                    "type": "origins:power_active",
                    "power": "*:*_prevent"
                }
            ]
        },
        "type": "origins:prevent_death",
        "damage_condition": {
            "type": "origins:and",
            "conditions": [
                {
                    "inverted": true,
                    "type": "origins:name",
                    "name": "starve"
                },
                {
                    "inverted": true,
                    "type": "origins:name",
                    "name": "outOfWorld"
                }
            ]
        },
        "entity_action": {
            "type": "origins:and",
            "actions": [
                {
                    "type": "origins:extinguish"
                },
                {
                    "type": "origins:clear_effect"
                },
                {
                    "type": "origins:execute_command",
                    "command": "/power grant @s enderian:util/reflex_tp enderian:util"
                },
                {
                    "type": "origins:apply_effect",
                    "effects": [
                        {
                            "effect": "absorption",
                            "duration": 600,
                            "amplifier": 1,
                            "show_particles": false,
                            "show_icon": true
                        },
                        {
                            "effect": "blindness",
                            "duration": 100,
                            "amplifier": 0,
                            "show_particles": false,
                            "show_icon": true
                        },
                        {
                            "effect": "nausea",
                            "duration": 120,
                            "amplifier": 0,
                            "show_particles": false,
                            "show_icon": true
                        }
                    ]
                },
                {
                    "type": "origins:trigger_cooldown",
                    "power": "*:*_active"
                },
                {
                    "type": "origins:toggle",
                    "power": "*:*_prevent"
                },
                {
                    "type": "origins:delay",
                    "action": {
                        "type": "origins:and",
                        "actions": [
                            {
                                "type": "origins:play_sound",
                                "sound": "minecraft:entity.enderman.teleport",
                                "volume": 1,
                                "pitch": 1
                            },
                            {
                                "type": "origins:execute_command",
                                "command": "/summon origins:enderian_pearl ~ ~0.25 ~ {Silent:1b,Motion:[0.0,-0.5,0.0],Item:{id:\"minecraft:air\",Count:1b}}"
                            }
                        ]
                    },
                    "ticks": 3
                }
            ]
        }
    },
    "prevent": {
        "condition": {
            "type": "origins:relative_health",
            "comparison": "<",
            "compare_to": 1
        },
        "type": "origins:toggle",
        "active_by_default": true,
        "key": {
            "key": "key.none"
        },
        "retain_state": false
    }
}