{
	"credit": "Made with Blockbench",
	"texture_size": [64, 64],
	"textures": {
		"0": "./texture",
		"particle": "./texture"
	},
	"elements": [
		{
			"from": [6, 5, -7],
			"to": [10, 9, -4],
			"rotation": {"angle": 0, "axis": "y", "origin": [7.5, -4, 0]},
			"faces": {
				"north": {"uv": [4.5, 0, 5.5, 1], "texture": "#0"},
				"east": {"uv": [3, 6, 3.75, 7], "texture": "#0"},
				"south": {"uv": [4.5, 1, 5.5, 2], "texture": "#0"},
				"west": {"uv": [6, 3.5, 6.75, 4.5], "texture": "#0"},
				"up": {"uv": [4.75, 6.75, 3.75, 6], "texture": "#0"},
				"down": {"uv": [7, 5.5, 6, 6.25], "texture": "#0"}
			}
		},
		{
			"from": [6, 8.5, -8],
			"to": [10, 9, -7],
			"rotation": {"angle": 0, "axis": "y", "origin": [7.5, -4, 0]},
			"faces": {
				"north": {"uv": [8.25, 8, 9.25, 8.25], "texture": "#0"},
				"east": {"uv": [4.5, 10, 4.75, 10.25], "texture": "#0"},
				"south": {"uv": [8.5, 3.25, 9.5, 3.5], "texture": "#0"},
				"west": {"uv": [10, 4.5, 10.25, 4.75], "texture": "#0"},
				"up": {"uv": [9.5, 3.75, 8.5, 3.5], "texture": "#0"},
				"down": {"uv": [9.5, 5.75, 8.5, 6], "texture": "#0"}
			}
		},
		{
			"from": [9.5, 5.5, -8],
			"to": [10, 8.5, -7],
			"rotation": {"angle": 0, "axis": "y", "origin": [7.5, -4, 0]},
			"faces": {
				"north": {"uv": [1.5, 9, 1.75, 9.75], "texture": "#0"},
				"east": {"uv": [1.75, 9, 2, 9.75], "texture": "#0"},
				"south": {"uv": [4, 9, 4.25, 9.75], "texture": "#0"},
				"west": {"uv": [4.25, 9, 4.5, 9.75], "texture": "#0"},
				"up": {"uv": [5, 10.25, 4.75, 10], "texture": "#0"},
				"down": {"uv": [10.25, 4.75, 10, 5], "texture": "#0"}
			}
		},
		{
			"from": [7.75, 5.07716, -7.38791],
			"to": [8.25, 8.07716, -6.38791],
			"rotation": {"angle": 22.5, "axis": "x", "origin": [10.25, 6.57716, -6.88791]},
			"faces": {
				"north": {"uv": [6, 9.25, 6.25, 10], "texture": "#0"},
				"east": {"uv": [6.25, 9.25, 6.5, 10], "texture": "#0"},
				"south": {"uv": [6.5, 9.25, 6.75, 10], "texture": "#0"},
				"west": {"uv": [6.75, 9.25, 7, 10], "texture": "#0"},
				"up": {"uv": [5.75, 10.25, 5.5, 10], "texture": "#0"},
				"down": {"uv": [10.25, 5.5, 10, 5.75], "texture": "#0"}
			}
		},
		{
			"from": [6.07716, 5, -7.38791],
			"to": [9.07716, 5.5, -6.38791],
			"rotation": {"angle": -22.5, "axis": "y", "origin": [7.57716, 5.25, -6.88791]},
			"faces": {
				"north": {"uv": [9.25, 2.75, 10, 3], "texture": "#0"},
				"east": {"uv": [5.75, 10, 6, 10.25], "texture": "#0"},
				"south": {"uv": [9.25, 3, 10, 3.25], "texture": "#0"},
				"west": {"uv": [10, 5.75, 10.25, 6], "texture": "#0"},
				"up": {"uv": [10, 5.5, 9.25, 5.25], "texture": "#0"},
				"down": {"uv": [10, 5.5, 9.25, 5.75], "texture": "#0"}
			}
		},
		{
			"from": [6.92284, 5, -7.38791],
			"to": [9.92284, 5.5, -6.38791],
			"rotation": {"angle": 22.5, "axis": "y", "origin": [8.42284, 5.25, -6.88791]},
			"faces": {
				"north": {"uv": [9.25, 6, 10, 6.25], "texture": "#0"},
				"east": {"uv": [6, 10, 6.25, 10.25], "texture": "#0"},
				"south": {"uv": [9.25, 6.25, 10, 6.5], "texture": "#0"},
				"west": {"uv": [10, 6, 10.25, 6.25], "texture": "#0"},
				"up": {"uv": [10, 7.25, 9.25, 7], "texture": "#0"},
				"down": {"uv": [10, 7.25, 9.25, 7.5], "texture": "#0"}
			}
		},
		{
			"from": [6, 5.5, -8],
			"to": [6.5, 8.5, -7],
			"rotation": {"angle": 0, "axis": "y", "origin": [7.5, -4, 0]},
			"faces": {
				"north": {"uv": [7.25, 9, 7.5, 9.75], "texture": "#0"},
				"east": {"uv": [9.25, 0.25, 9.5, 1], "texture": "#0"},
				"south": {"uv": [2.5, 9.25, 2.75, 10], "texture": "#0"},
				"west": {"uv": [2.75, 9.25, 3, 10], "texture": "#0"},
				"up": {"uv": [5.25, 10.25, 5, 10], "texture": "#0"},
				"down": {"uv": [10.25, 5, 10, 5.25], "texture": "#0"}
			}
		},
		{
			"from": [7.75, 5.92284, -7.38791],
			"to": [8.25, 8.92284, -6.38791],
			"rotation": {"angle": -22.5, "axis": "x", "origin": [12.25, 7.42284, -6.88791]},
			"faces": {
				"north": {"uv": [3.5, 9.25, 3.75, 10], "texture": "#0"},
				"east": {"uv": [3.75, 9.25, 4, 10], "texture": "#0"},
				"south": {"uv": [9.25, 3.75, 9.5, 4.5], "texture": "#0"},
				"west": {"uv": [9.25, 4.5, 9.5, 5.25], "texture": "#0"},
				"up": {"uv": [5.5, 10.25, 5.25, 10], "texture": "#0"},
				"down": {"uv": [10.25, 5.25, 10, 5.5], "texture": "#0"}
			}
		},
		{
			"from": [6.10935, 6.75, -7.2261],
			"to": [9.10935, 7.25, -6.2261],
			"rotation": {"angle": -22.5, "axis": "y", "origin": [8, 7, -6.88791]},
			"faces": {
				"north": {"uv": [9, 9.25, 9.75, 9.5], "texture": "#0"},
				"east": {"uv": [9.25, 10, 9.5, 10.25], "texture": "#0"},
				"south": {"uv": [9.25, 9, 10, 9.25], "texture": "#0"},
				"west": {"uv": [10, 9.25, 10.25, 9.5], "texture": "#0"},
				"up": {"uv": [0.75, 9.75, 0, 9.5], "texture": "#0"},
				"down": {"uv": [10.25, 0.25, 9.5, 0.5], "texture": "#0"}
			}
		},
		{
			"from": [6.89065, 6.75, -7.2261],
			"to": [9.89065, 7.25, -6.2261],
			"rotation": {"angle": 22.5, "axis": "y", "origin": [8, 7, -6.88791]},
			"faces": {
				"north": {"uv": [9.25, 7.5, 10, 7.75], "texture": "#0"},
				"east": {"uv": [9, 10, 9.25, 10.25], "texture": "#0"},
				"south": {"uv": [9.25, 7.75, 10, 8], "texture": "#0"},
				"west": {"uv": [10, 9, 10.25, 9.25], "texture": "#0"},
				"up": {"uv": [10, 8.25, 9.25, 8], "texture": "#0"},
				"down": {"uv": [9, 9.25, 8.25, 9.5], "texture": "#0"}
			}
		},
		{
			"from": [6, 5, -8],
			"to": [10, 5.5, -7],
			"rotation": {"angle": 0, "axis": "y", "origin": [7.5, -4, 0]},
			"faces": {
				"north": {"uv": [8.25, 0, 9.25, 0.25], "texture": "#0"},
				"east": {"uv": [6.5, 3.25, 6.75, 3.5], "texture": "#0"},
				"south": {"uv": [8.25, 0.25, 9.25, 0.5], "texture": "#0"},
				"west": {"uv": [4.25, 9.75, 4.5, 10], "texture": "#0"},
				"up": {"uv": [9.25, 0.75, 8.25, 0.5], "texture": "#0"},
				"down": {"uv": [9.25, 0.75, 8.25, 1], "texture": "#0"}
			}
		},
		{
			"from": [7.25, 4.25, -7.25],
			"to": [8.75, 5, -6.5],
			"rotation": {"angle": 0, "axis": "y", "origin": [7.5, -4, 0]},
			"faces": {
				"north": {"uv": [3.75, 6.75, 4.25, 7], "texture": "#0"},
				"east": {"uv": [9.75, 4.75, 10, 5], "texture": "#0"},
				"south": {"uv": [7.5, 1, 8, 1.25], "texture": "#0"},
				"west": {"uv": [9.75, 5, 10, 5.25], "texture": "#0"},
				"up": {"uv": [10, 0.75, 9.5, 0.5], "texture": "#0"},
				"down": {"uv": [1.25, 9.5, 0.75, 9.75], "texture": "#0"}
			}
		},
		{
			"from": [7.25, -0.25, -7.25],
			"to": [8.75, 1.25, -6.5],
			"rotation": {"angle": 0, "axis": "y", "origin": [7.5, -4, 0]},
			"faces": {
				"north": {"uv": [2, 8.25, 2.5, 8.75], "texture": "#0"},
				"east": {"uv": [2.25, 9.5, 2.5, 10], "texture": "#0"},
				"south": {"uv": [3, 8.25, 3.5, 8.75], "texture": "#0"},
				"west": {"uv": [3, 9.5, 3.25, 10], "texture": "#0"},
				"up": {"uv": [10, 1, 9.5, 0.75], "texture": "#0"},
				"down": {"uv": [10, 2.5, 9.5, 2.75], "texture": "#0"}
			}
		},
		{
			"from": [8.25, 1.25, -7.25],
			"to": [8.75, 4.25, -6.5],
			"rotation": {"angle": 0, "axis": "y", "origin": [7.5, -4, 0]},
			"faces": {
				"north": {"uv": [8.75, 1, 9, 1.75], "texture": "#0"},
				"east": {"uv": [8.75, 1.75, 9, 2.5], "texture": "#0"},
				"south": {"uv": [2, 8.75, 2.25, 9.5], "texture": "#0"},
				"west": {"uv": [2.25, 8.75, 2.5, 9.5], "texture": "#0"},
				"up": {"uv": [10.25, 3, 10, 2.75], "texture": "#0"},
				"down": {"uv": [3.25, 10, 3, 10.25], "texture": "#0"}
			}
		},
		{
			"from": [7.25, 1.25, -7.25],
			"to": [7.75, 4.25, -6.5],
			"rotation": {"angle": 0, "axis": "y", "origin": [7.5, -4, 0]},
			"faces": {
				"north": {"uv": [3, 8.75, 3.25, 9.5], "texture": "#0"},
				"east": {"uv": [3.25, 8.75, 3.5, 9.5], "texture": "#0"},
				"south": {"uv": [4.5, 8.75, 4.75, 9.5], "texture": "#0"},
				"west": {"uv": [7.5, 8.75, 7.75, 9.5], "texture": "#0"},
				"up": {"uv": [10.25, 3.25, 10, 3], "texture": "#0"},
				"down": {"uv": [3.5, 10, 3.25, 10.25], "texture": "#0"}
			}
		},
		{
			"from": [7.5, 0, -6.5],
			"to": [8.5, 1, 1],
			"rotation": {"angle": 0, "axis": "y", "origin": [7.5, -4, 0]},
			"faces": {
				"north": {"uv": [9.75, 6.5, 10, 6.75], "texture": "#0"},
				"east": {"uv": [7, 6.5, 9, 6.75], "texture": "#0"},
				"south": {"uv": [9.75, 6.75, 10, 7], "texture": "#0"},
				"west": {"uv": [7, 6.75, 9, 7], "texture": "#0"},
				"up": {"uv": [4.75, 8.75, 4.5, 6.75], "texture": "#0"},
				"down": {"uv": [6.5, 7.25, 6.25, 9.25], "texture": "#0"}
			}
		},
		{
			"from": [7.5, 0, 10],
			"to": [8.5, 1, 12.75],
			"rotation": {"angle": 0, "axis": "y", "origin": [7.5, -4, 0]},
			"faces": {
				"north": {"uv": [9.75, 8.25, 10, 8.5], "texture": "#0"},
				"east": {"uv": [8.5, 6, 9.25, 6.25], "texture": "#0"},
				"south": {"uv": [9.75, 8.5, 10, 8.75], "texture": "#0"},
				"west": {"uv": [7.5, 8.5, 8.25, 8.75], "texture": "#0"},
				"up": {"uv": [8.5, 9.25, 8.25, 8.5], "texture": "#0"},
				"down": {"uv": [8.75, 8.25, 8.5, 9], "texture": "#0"}
			}
		},
		{
			"from": [7.5, -0.71558, 23.67498],
			"to": [8.5, 3.28442, 30.85195],
			"rotation": {"angle": 22.5, "axis": "x", "origin": [8, -1.21558, 28.04998]},
			"faces": {
				"north": {"uv": [3.75, 8.25, 4, 9.25], "texture": "#0"},
				"east": {"uv": [2, 2, 3.75, 3], "texture": "#0"},
				"south": {"uv": [0.75, 8.5, 1, 9.5], "texture": "#0"},
				"west": {"uv": [2, 3, 3.75, 4], "texture": "#0"},
				"up": {"uv": [7.25, 9, 7, 7.25], "texture": "#0"},
				"down": {"uv": [7.5, 7.25, 7.25, 9], "texture": "#0"}
			}
		},
		{
			"from": [7.5, 0.61612, 19.98008],
			"to": [8.5, 4.61612, 25.73008],
			"rotation": {"angle": 0, "axis": "x", "origin": [8, -1.88388, 30.35508]},
			"faces": {
				"north": {"uv": [1, 8.5, 1.25, 9.5], "texture": "#0"},
				"east": {"uv": [2, 4, 3.5, 5], "texture": "#0"},
				"south": {"uv": [1.25, 8.5, 1.5, 9.5], "texture": "#0"},
				"west": {"uv": [3.5, 4, 5, 5], "texture": "#0"},
				"up": {"uv": [1.75, 9, 1.5, 7.5], "texture": "#0"},
				"down": {"uv": [4.25, 7.5, 4, 9], "texture": "#0"}
			}
		},
		{
			"from": [7.5, 2.61612, 19.98008],
			"to": [8.5, 4.61612, 25.73008],
			"rotation": {"angle": 0, "axis": "x", "origin": [8, -1.88388, 30.35508]},
			"faces": {
				"north": {"uv": [9.75, 3.75, 10, 4.25], "texture": "#0"},
				"east": {"uv": [6, 4.5, 7.5, 5], "texture": "#0"},
				"south": {"uv": [4, 9.75, 4.25, 10.25], "texture": "#0"},
				"west": {"uv": [6.75, 4, 8.25, 4.5], "texture": "#0"},
				"up": {"uv": [5.75, 9.5, 5.5, 8], "texture": "#0"},
				"down": {"uv": [6, 8, 5.75, 9.5], "texture": "#0"}
			}
		},
		{
			"from": [7.5, 2.82873, 11.86104],
			"to": [8.5, 4.07873, 12.36104],
			"rotation": {"angle": 0, "axis": "y", "origin": [7.5, -3.92127, -0.13896]},
			"faces": {
				"north": {"uv": [10, 1.75, 10.25, 2], "texture": "#0"},
				"east": {"uv": [2, 10, 2.25, 10.25], "texture": "#0"},
				"south": {"uv": [2.25, 10, 2.5, 10.25], "texture": "#0"},
				"west": {"uv": [2.5, 10, 2.75, 10.25], "texture": "#0"},
				"up": {"uv": [10.25, 2.75, 10, 2.5], "texture": "#0"},
				"down": {"uv": [3, 10, 2.75, 10.25], "texture": "#0"}
			}
		},
		{
			"from": [7.5, 3.57873, 12.11104],
			"to": [8.5, 5.32873, 16.86104],
			"rotation": {"angle": 0, "axis": "y", "origin": [7.5, -3.92127, -0.13896]},
			"faces": {
				"north": {"uv": [0.75, 9.75, 1, 10.25], "texture": "#0"},
				"east": {"uv": [3, 7, 4.25, 7.5], "texture": "#0"},
				"south": {"uv": [1, 9.75, 1.25, 10.25], "texture": "#0"},
				"west": {"uv": [7, 5, 8.25, 5.5], "texture": "#0"},
				"up": {"uv": [0.5, 9.5, 0.25, 8.25], "texture": "#0"},
				"down": {"uv": [0.75, 8.25, 0.5, 9.5], "texture": "#0"}
			}
		},
		{
			"from": [7.5, 0.74205, 11.29679],
			"to": [8.5, 2.99205, 12.29679],
			"rotation": {"angle": 22.5, "axis": "x", "origin": [8, 1.61705, 11.79679]},
			"faces": {
				"north": {"uv": [4.75, 6, 5, 6.5], "texture": "#0"},
				"east": {"uv": [7, 9.25, 7.25, 9.75], "texture": "#0"},
				"south": {"uv": [1.25, 9.5, 1.5, 10], "texture": "#0"},
				"west": {"uv": [2, 9.5, 2.25, 10], "texture": "#0"},
				"up": {"uv": [1.5, 10.25, 1.25, 10], "texture": "#0"},
				"down": {"uv": [10.25, 1.5, 10, 1.75], "texture": "#0"}
			}
		},
		{
			"from": [7.75, 0.25, 12.75],
			"to": [8.25, 0.75, 13.25],
			"rotation": {"angle": 0, "axis": "y", "origin": [7.5, -4, 6.25]},
			"faces": {
				"north": {"uv": [9.75, 9.25, 10, 9.5], "texture": "#0"},
				"east": {"uv": [9.75, 9.5, 10, 9.75], "texture": "#0"},
				"south": {"uv": [9.75, 9.75, 10, 10], "texture": "#0"},
				"west": {"uv": [10, 0, 10.25, 0.25], "texture": "#0"},
				"up": {"uv": [10.25, 0.75, 10, 0.5], "texture": "#0"},
				"down": {"uv": [10.25, 0.75, 10, 1], "texture": "#0"}
			}
		},
		{
			"from": [7.75, 1, 13.75],
			"to": [8.25, 1.25, 19.25],
			"rotation": {"angle": 0, "axis": "y", "origin": [7.5, -4, 3]},
			"faces": {
				"north": {"uv": [6.25, 10, 6.5, 10.25], "texture": "#0"},
				"east": {"uv": [7.75, 3.75, 9.25, 4], "texture": "#0"},
				"south": {"uv": [10, 6.25, 10.25, 6.5], "texture": "#0"},
				"west": {"uv": [7.75, 6.25, 9.25, 6.5], "texture": "#0"},
				"up": {"uv": [3, 9.25, 2.75, 7.75], "texture": "#0"},
				"down": {"uv": [5, 8, 4.75, 9.5], "texture": "#0"}
			}
		},
		{
			"from": [7.75, 1.25, 17.25],
			"to": [8.25, 2.5, 19.25],
			"rotation": {"angle": 0, "axis": "y", "origin": [7.5, -4, 3]},
			"faces": {
				"north": {"uv": [8, 10, 8.25, 10.25], "texture": "#0"},
				"east": {"uv": [9.75, 2, 10.25, 2.25], "texture": "#0"},
				"south": {"uv": [10, 8, 10.25, 8.25], "texture": "#0"},
				"west": {"uv": [9.75, 2.25, 10.25, 2.5], "texture": "#0"},
				"up": {"uv": [2, 10.25, 1.75, 9.75], "texture": "#0"},
				"down": {"uv": [10, 3.25, 9.75, 3.75], "texture": "#0"}
			}
		},
		{
			"from": [7.75, 1.25, 13.75],
			"to": [8.25, 2.5, 14],
			"rotation": {"angle": 0, "axis": "y", "origin": [7.5, -4, 3]},
			"faces": {
				"north": {"uv": [7, 10, 7.25, 10.25], "texture": "#0"},
				"east": {"uv": [10, 7, 10.25, 7.25], "texture": "#0"},
				"south": {"uv": [7.25, 10, 7.5, 10.25], "texture": "#0"},
				"west": {"uv": [10, 7.25, 10.25, 7.5], "texture": "#0"},
				"up": {"uv": [7.75, 10.25, 7.5, 10], "texture": "#0"},
				"down": {"uv": [10.25, 7.5, 10, 7.75], "texture": "#0"}
			}
		},
		{
			"from": [7.75, 2.5, 13.75],
			"to": [8.25, 2.75, 19.25],
			"rotation": {"angle": 0, "axis": "y", "origin": [7.5, -4, 3]},
			"faces": {
				"north": {"uv": [6.5, 10, 6.75, 10.25], "texture": "#0"},
				"east": {"uv": [7.75, 7, 9.25, 7.25], "texture": "#0"},
				"south": {"uv": [10, 6.5, 10.25, 6.75], "texture": "#0"},
				"west": {"uv": [8, 2.5, 9.5, 2.75], "texture": "#0"},
				"up": {"uv": [5.25, 9.5, 5, 8], "texture": "#0"},
				"down": {"uv": [5.5, 8, 5.25, 9.5], "texture": "#0"}
			}
		},
		{
			"from": [7.75, 1.44239, 16.03963],
			"to": [8.25, 2.44239, 16.53963],
			"rotation": {"angle": 22.5, "axis": "x", "origin": [8, 1.94239, 16.78963]},
			"faces": {
				"north": {"uv": [8.25, 10, 8.5, 10.25], "texture": "#0"},
				"east": {"uv": [10, 8.25, 10.25, 8.5], "texture": "#0"},
				"south": {"uv": [8.5, 10, 8.75, 10.25], "texture": "#0"},
				"west": {"uv": [10, 8.5, 10.25, 8.75], "texture": "#0"},
				"up": {"uv": [9, 10.25, 8.75, 10], "texture": "#0"},
				"down": {"uv": [10.25, 8.75, 10, 9], "texture": "#0"}
			}
		},
		{
			"from": [7.75, 2.75, 15],
			"to": [8.25, 3.75, 17],
			"rotation": {"angle": 0, "axis": "y", "origin": [7.5, -4, 3]},
			"faces": {
				"north": {"uv": [7.75, 10, 8, 10.25], "texture": "#0"},
				"east": {"uv": [9.75, 1, 10.25, 1.25], "texture": "#0"},
				"south": {"uv": [10, 7.75, 10.25, 8], "texture": "#0"},
				"west": {"uv": [9.75, 1.25, 10.25, 1.5], "texture": "#0"},
				"up": {"uv": [1.75, 10.25, 1.5, 9.75], "texture": "#0"},
				"down": {"uv": [10, 1.5, 9.75, 2], "texture": "#0"}
			}
		},
		{
			"from": [7.75, 1.75, 12.25],
			"to": [8.25, 2.75, 13.75],
			"rotation": {"angle": 0, "axis": "y", "origin": [7.5, -4, 3]},
			"faces": {
				"north": {"uv": [6.75, 10, 7, 10.25], "texture": "#0"},
				"east": {"uv": [9.5, 5.75, 10, 6], "texture": "#0"},
				"south": {"uv": [10, 6.75, 10.25, 7], "texture": "#0"},
				"west": {"uv": [9.5, 8.75, 10, 9], "texture": "#0"},
				"up": {"uv": [0.5, 10.25, 0.25, 9.75], "texture": "#0"},
				"down": {"uv": [0.75, 9.75, 0.5, 10.25], "texture": "#0"}
			}
		},
		{
			"from": [7.75, 0.25, 1],
			"to": [8.25, 0.75, 10],
			"rotation": {"angle": 0, "axis": "y", "origin": [7.5, -4, 0]},
			"faces": {
				"north": {"uv": [7, 9.75, 7.25, 10], "texture": "#0"},
				"east": {"uv": [5.5, 7, 7.75, 7.25], "texture": "#0"},
				"south": {"uv": [7.25, 9.75, 7.5, 10], "texture": "#0"},
				"west": {"uv": [7, 5.5, 9.25, 5.75], "texture": "#0"},
				"up": {"uv": [2, 9, 1.75, 6.75], "texture": "#0"},
				"down": {"uv": [4.5, 6.75, 4.25, 9], "texture": "#0"}
			}
		},
		{
			"from": [6.25, 5.25, 11],
			"to": [9.75, 8.75, 15.25],
			"rotation": {"angle": 0, "axis": "y", "origin": [7.5, -4, 0]},
			"faces": {
				"north": {"uv": [4.5, 2, 5.5, 3], "texture": "#0"},
				"east": {"uv": [4.5, 3, 5.5, 4], "texture": "#0"},
				"south": {"uv": [2, 5, 3, 6], "texture": "#0"},
				"west": {"uv": [3, 5, 4, 6], "texture": "#0"},
				"up": {"uv": [5, 6, 4, 5], "texture": "#0"},
				"down": {"uv": [6, 4, 5, 5], "texture": "#0"}
			}
		},
		{
			"from": [6, 5, 15.25],
			"to": [10, 9, 17.75],
			"rotation": {"angle": 0, "axis": "y", "origin": [7.5, -4, 0]},
			"faces": {
				"north": {"uv": [0, 5.75, 1, 6.75], "texture": "#0"},
				"east": {"uv": [4.75, 6.5, 5.5, 7.5], "texture": "#0"},
				"south": {"uv": [1, 5.75, 2, 6.75], "texture": "#0"},
				"west": {"uv": [0, 6.75, 0.75, 7.75], "texture": "#0"},
				"up": {"uv": [1.75, 7.5, 0.75, 6.75], "texture": "#0"},
				"down": {"uv": [7.75, 3.25, 6.75, 4], "texture": "#0"}
			}
		},
		{
			"from": [6, 8, 17.75],
			"to": [10, 9, 18],
			"rotation": {"angle": 0, "axis": "y", "origin": [7.5, -4, 0]},
			"faces": {
				"north": {"uv": [8.25, 4.5, 9.25, 4.75], "texture": "#0"},
				"east": {"uv": [10, 3.25, 10.25, 3.5], "texture": "#0"},
				"south": {"uv": [8.25, 4.75, 9.25, 5], "texture": "#0"},
				"west": {"uv": [3.5, 10, 3.75, 10.25], "texture": "#0"},
				"up": {"uv": [9.25, 5.25, 8.25, 5], "texture": "#0"},
				"down": {"uv": [9.25, 5.25, 8.25, 5.5], "texture": "#0"}
			}
		},
		{
			"from": [6, 5, 17.75],
			"to": [10, 6, 18],
			"rotation": {"angle": 0, "axis": "y", "origin": [7.5, -4, 0]},
			"faces": {
				"north": {"uv": [8.25, 7.25, 9.25, 7.5], "texture": "#0"},
				"east": {"uv": [10, 3.5, 10.25, 3.75], "texture": "#0"},
				"south": {"uv": [7.5, 8.25, 8.5, 8.5], "texture": "#0"},
				"west": {"uv": [3.75, 10, 4, 10.25], "texture": "#0"},
				"up": {"uv": [9.25, 7.75, 8.25, 7.5], "texture": "#0"},
				"down": {"uv": [9.25, 7.75, 8.25, 8], "texture": "#0"}
			}
		},
		{
			"from": [6, 6, 17.75],
			"to": [7, 8, 18],
			"rotation": {"angle": 0, "axis": "y", "origin": [7.5, -4, 0]},
			"faces": {
				"north": {"uv": [7.75, 9.5, 8, 10], "texture": "#0"},
				"east": {"uv": [8, 9.5, 8.25, 10], "texture": "#0"},
				"south": {"uv": [8.25, 9.5, 8.5, 10], "texture": "#0"},
				"west": {"uv": [9.5, 8.25, 9.75, 8.75], "texture": "#0"},
				"up": {"uv": [10.25, 4, 10, 3.75], "texture": "#0"},
				"down": {"uv": [10.25, 4, 10, 4.25], "texture": "#0"}
			}
		},
		{
			"from": [9, 6, 17.75],
			"to": [10, 8, 18],
			"rotation": {"angle": 0, "axis": "y", "origin": [7.5, -4, 0]},
			"faces": {
				"north": {"uv": [8.5, 9.5, 8.75, 10], "texture": "#0"},
				"east": {"uv": [8.75, 9.5, 9, 10], "texture": "#0"},
				"south": {"uv": [9, 9.5, 9.25, 10], "texture": "#0"},
				"west": {"uv": [9.25, 9.5, 9.5, 10], "texture": "#0"},
				"up": {"uv": [4.5, 10.25, 4.25, 10], "texture": "#0"},
				"down": {"uv": [10.25, 4.25, 10, 4.5], "texture": "#0"}
			}
		},
		{
			"from": [5.75, 6.75, 15.25],
			"to": [8.25, 9.25, 16.5],
			"rotation": {"angle": 0, "axis": "y", "origin": [7.5, -4, 0]},
			"faces": {
				"north": {"uv": [7.25, 2, 8, 2.75], "texture": "#0"},
				"east": {"uv": [7.75, 8.75, 8, 9.5], "texture": "#0"},
				"south": {"uv": [5.5, 7.25, 6.25, 8], "texture": "#0"},
				"west": {"uv": [8, 8.75, 8.25, 9.5], "texture": "#0"},
				"up": {"uv": [9.5, 8.5, 8.75, 8.25], "texture": "#0"},
				"down": {"uv": [9.5, 8.5, 8.75, 8.75], "texture": "#0"}
			}
		},
		{
			"from": [6.25, 5.25, -4],
			"to": [9.75, 8.75, 11],
			"rotation": {"angle": 0, "axis": "y", "origin": [7.5, -4, 0]},
			"faces": {
				"north": {"uv": [5.5, 2.5, 6.5, 3.5], "texture": "#0"},
				"east": {"uv": [0, 0, 3.75, 1], "texture": "#0"},
				"south": {"uv": [5, 5.5, 6, 6.5], "texture": "#0"},
				"west": {"uv": [0, 1, 3.75, 2], "texture": "#0"},
				"up": {"uv": [1, 5.75, 0, 2], "texture": "#0"},
				"down": {"uv": [2, 2, 1, 5.75], "texture": "#0"}
			}
		},
		{
			"from": [6, 5, 10.25],
			"to": [10, 9, 11.25],
			"rotation": {"angle": 0, "axis": "y", "origin": [7.5, -4, 0]},
			"faces": {
				"north": {"uv": [5.5, 0.5, 6.5, 1.5], "texture": "#0"},
				"east": {"uv": [2.5, 8.25, 2.75, 9.25], "texture": "#0"},
				"south": {"uv": [5.5, 1.5, 6.5, 2.5], "texture": "#0"},
				"west": {"uv": [3.5, 8.25, 3.75, 9.25], "texture": "#0"},
				"up": {"uv": [9.25, 4.25, 8.25, 4], "texture": "#0"},
				"down": {"uv": [9.25, 4.25, 8.25, 4.5], "texture": "#0"}
			}
		},
		{
			"from": [7.5, 4, 7],
			"to": [8.5, 5.25, 12.25],
			"rotation": {"angle": 0, "axis": "y", "origin": [7.5, -4, 0]},
			"faces": {
				"north": {"uv": [9.75, 4.25, 10, 4.5], "texture": "#0"},
				"east": {"uv": [8, 2.75, 9.25, 3], "texture": "#0"},
				"south": {"uv": [9.75, 4.5, 10, 4.75], "texture": "#0"},
				"west": {"uv": [8, 3, 9.25, 3.25], "texture": "#0"},
				"up": {"uv": [6.25, 9.25, 6, 8], "texture": "#0"},
				"down": {"uv": [0.25, 8.25, 0, 9.5], "texture": "#0"}
			}
		},
		{
			"from": [7.25, 1.37779, 6.56724],
			"to": [8.75, 3.37779, 9.31724],
			"rotation": {"angle": -22.5, "axis": "x", "origin": [7.5, -0.62221, 1.06724]},
			"faces": {
				"north": {"uv": [5.5, 3.5, 6, 4], "texture": "#0"},
				"east": {"uv": [7.5, 0.5, 8.25, 1], "texture": "#0"},
				"south": {"uv": [5.5, 6.5, 6, 7], "texture": "#0"},
				"west": {"uv": [0.75, 7.5, 1.5, 8], "texture": "#0"},
				"up": {"uv": [3.5, 8.25, 3, 7.5], "texture": "#0"},
				"down": {"uv": [4, 7.5, 3.5, 8.25], "texture": "#0"}
			}
		},
		{
			"from": [6.75, 3.25, -2],
			"to": [9.25, 5.25, 5.5],
			"rotation": {"angle": 0, "axis": "y", "origin": [7.5, -4, 0]},
			"faces": {
				"north": {"uv": [7.25, 2.75, 8, 3.25], "texture": "#0"},
				"east": {"uv": [5, 5, 7, 5.5], "texture": "#0"},
				"south": {"uv": [7.5, 0, 8.25, 0.5], "texture": "#0"},
				"west": {"uv": [5.5, 0, 7.5, 0.5], "texture": "#0"},
				"up": {"uv": [4.5, 2, 3.75, 0], "texture": "#0"},
				"down": {"uv": [4.5, 2, 3.75, 4], "texture": "#0"}
			}
		},
		{
			"from": [6.5, 3, -1.75],
			"to": [9.5, 5.25, -1.25],
			"rotation": {"angle": 0, "axis": "y", "origin": [7.5, -4, 0]},
			"faces": {
				"north": {"uv": [7.5, 4.5, 8.25, 5], "texture": "#0"},
				"east": {"uv": [3.25, 9.5, 3.5, 10], "texture": "#0"},
				"south": {"uv": [4.75, 7.5, 5.5, 8], "texture": "#0"},
				"west": {"uv": [9.5, 3.25, 9.75, 3.75], "texture": "#0"},
				"up": {"uv": [9.5, 9, 8.75, 8.75], "texture": "#0"},
				"down": {"uv": [9.75, 1, 9, 1.25], "texture": "#0"}
			}
		},
		{
			"from": [6.5, 3, -0.5],
			"to": [9.5, 5.25, 0],
			"rotation": {"angle": 0, "axis": "y", "origin": [7.5, -4, 0]},
			"faces": {
				"north": {"uv": [7.5, 7.25, 8.25, 7.75], "texture": "#0"},
				"east": {"uv": [9.5, 3.75, 9.75, 4.25], "texture": "#0"},
				"south": {"uv": [0, 7.75, 0.75, 8.25], "texture": "#0"},
				"west": {"uv": [9.5, 4.25, 9.75, 4.75], "texture": "#0"},
				"up": {"uv": [9.75, 1.5, 9, 1.25], "texture": "#0"},
				"down": {"uv": [9.75, 1.5, 9, 1.75], "texture": "#0"}
			}
		},
		{
			"from": [6.5, 3, 0.75],
			"to": [9.5, 5.25, 1.25],
			"rotation": {"angle": 0, "axis": "y", "origin": [7.5, -4, 0]},
			"faces": {
				"north": {"uv": [2, 7.75, 2.75, 8.25], "texture": "#0"},
				"east": {"uv": [4.5, 9.5, 4.75, 10], "texture": "#0"},
				"south": {"uv": [7.75, 3.25, 8.5, 3.75], "texture": "#0"},
				"west": {"uv": [4.75, 9.5, 5, 10], "texture": "#0"},
				"up": {"uv": [9.75, 2, 9, 1.75], "texture": "#0"},
				"down": {"uv": [9.75, 2, 9, 2.25], "texture": "#0"}
			}
		},
		{
			"from": [6.5, 3, 2],
			"to": [9.5, 5.25, 2.5],
			"rotation": {"angle": 0, "axis": "y", "origin": [7.5, -4, 0]},
			"faces": {
				"north": {"uv": [7.75, 5.75, 8.5, 6.25], "texture": "#0"},
				"east": {"uv": [9.5, 4.75, 9.75, 5.25], "texture": "#0"},
				"south": {"uv": [7.5, 7.75, 8.25, 8.25], "texture": "#0"},
				"west": {"uv": [5, 9.5, 5.25, 10], "texture": "#0"},
				"up": {"uv": [9.75, 2.5, 9, 2.25], "texture": "#0"},
				"down": {"uv": [7.25, 9, 6.5, 9.25], "texture": "#0"}
			}
		},
		{
			"from": [6.5, 3, 3.25],
			"to": [9.5, 5.25, 3.75],
			"rotation": {"angle": 0, "axis": "y", "origin": [7.5, -4, 0]},
			"faces": {
				"north": {"uv": [0.75, 8, 1.5, 8.5], "texture": "#0"},
				"east": {"uv": [5.25, 9.5, 5.5, 10], "texture": "#0"},
				"south": {"uv": [8, 1, 8.75, 1.5], "texture": "#0"},
				"west": {"uv": [5.5, 9.5, 5.75, 10], "texture": "#0"},
				"up": {"uv": [9.75, 6.75, 9, 6.5], "texture": "#0"},
				"down": {"uv": [9.75, 6.75, 9, 7], "texture": "#0"}
			}
		},
		{
			"from": [6.5, 3, 4.5],
			"to": [9.5, 5.25, 5],
			"rotation": {"angle": 0, "axis": "y", "origin": [7.5, -4, 0]},
			"faces": {
				"north": {"uv": [8, 1.5, 8.75, 2], "texture": "#0"},
				"east": {"uv": [5.75, 9.5, 6, 10], "texture": "#0"},
				"south": {"uv": [8, 2, 8.75, 2.5], "texture": "#0"},
				"west": {"uv": [7.5, 9.5, 7.75, 10], "texture": "#0"},
				"up": {"uv": [9.25, 9.25, 8.5, 9], "texture": "#0"},
				"down": {"uv": [10, 0, 9.25, 0.25], "texture": "#0"}
			}
		},
		{
			"from": [5.75, 6.75, 11.25],
			"to": [8.25, 9.25, 15],
			"rotation": {"angle": 0, "axis": "y", "origin": [7.5, -4, 0]},
			"faces": {
				"north": {"uv": [7, 5.75, 7.75, 6.5], "texture": "#0"},
				"east": {"uv": [6, 6.25, 7, 7], "texture": "#0"},
				"south": {"uv": [7.25, 1.25, 8, 2], "texture": "#0"},
				"west": {"uv": [6.5, 0.5, 7.5, 1.25], "texture": "#0"},
				"up": {"uv": [7.25, 2.25, 6.5, 1.25], "texture": "#0"},
				"down": {"uv": [7.25, 2.25, 6.5, 3.25], "texture": "#0"}
			}
		},
		{
			"from": [7.5, -3, 17.75],
			"to": [8.5, 4, 19.75],
			"rotation": {"angle": -45, "axis": "x", "origin": [8, 1.5, 16.5]},
			"faces": {
				"north": {"uv": [6.5, 7.25, 6.75, 9], "texture": "#0"},
				"east": {"uv": [2, 6, 2.5, 7.75], "texture": "#0"},
				"south": {"uv": [6.75, 7.25, 7, 9], "texture": "#0"},
				"west": {"uv": [2.5, 6, 3, 7.75], "texture": "#0"},
				"up": {"uv": [9.75, 10, 9.5, 9.5], "texture": "#0"},
				"down": {"uv": [0.25, 9.75, 0, 10.25], "texture": "#0"}
			}
		}
	],
	"display": {
		"thirdperson_righthand": {
			"translation": [-2, 3.75, -1],
			"scale": [0.75, 0.75, 0.75]
		},
		"thirdperson_lefthand": {
			"translation": [-2, 3.75, -1],
			"scale": [0.75, 0.75, 0.75]
		},
		"firstperson_righthand": {
			"rotation": [0, -10, 0],
			"translation": [2.75, 0.25, -8.25]
		},
		"firstperson_lefthand": {
			"rotation": [0, -10, 0],
			"translation": [2.5, 0.25, -8.25]
		},
		"ground": {
			"translation": [0, 5.5, 0],
			"scale": [0.75, 0.75, 0.75]
		},
		"gui": {
			"rotation": [30, 225, 0],
			"translation": [1.25, 1.75, 0],
			"scale": [0.5, 0.5, 0.5]
		},
		"head": {
			"translation": [0, 14.5, -0.75]
		},
		"fixed": {
			"rotation": [-90, 0, 90],
			"translation": [-3.75, -4, -1.25]
		}
	}
}