{
	"credit": "Made by SpiSham#3838",
	"textures": {
		"2": "block/brain/torre",
		"3": "block/brain/brewing_stand_lava",
		"4": "block/brain/frasco",
		"particle": "block/brain/frasco"
	},
	"elements": [
		{
			"from": [9.0072, 1.4, 9.00825],
			"to": [9.6072, 8.6, 9.60825],
			"rotation": {"angle": 0, "axis": "y", "origin": [7.99929, 4.8125, 7.99626]},
			"faces": {
				"north": {"uv": [7, 0, 11, 4], "texture": "#2"},
				"east": {"uv": [7, 0, 11, 4], "texture": "#2"},
				"south": {"uv": [7, 0, 11, 4], "texture": "#2"},
				"west": {"uv": [7, 0, 11, 4], "texture": "#2"},
				"up": {"uv": [7, 0, 11, 4], "texture": "#2"},
				"down": {"uv": [7, 0, 11, 4], "texture": "#2"}
			}
		},
		{
			"from": [7.4, 1.4, 7.4],
			"to": [8.6, 8.6, 8.6],
			"rotation": {"angle": 0, "axis": "y", "origin": [7.99929, 4.8125, 7.99626]},
			"faces": {
				"north": {"uv": [0, 0, 2, 16], "rotation": 180, "texture": "#3"},
				"east": {"uv": [0, 0, 2, 16], "rotation": 180, "texture": "#3"},
				"south": {"uv": [0, 0, 2, 16], "rotation": 180, "texture": "#3"},
				"west": {"uv": [0, 0, 2, 16], "rotation": 180, "texture": "#3"},
				"up": {"uv": [0, 0, 2, 16], "rotation": 180, "texture": "#3"},
				"down": {"uv": [0, 0, 2, 16], "rotation": 180, "texture": "#3"}
			}
		},
		{
			"from": [6.38, 1.4, 9.008],
			"to": [6.98, 8.6, 9.608],
			"rotation": {"angle": 0, "axis": "y", "origin": [7.99929, 4.8125, 7.99626]},
			"faces": {
				"north": {"uv": [7, 0, 11, 4], "texture": "#2"},
				"east": {"uv": [7, 0, 11, 4], "texture": "#2"},
				"south": {"uv": [7, 0, 11, 4], "texture": "#2"},
				"west": {"uv": [7, 0, 11, 4], "texture": "#2"},
				"up": {"uv": [7, 0, 11, 4], "texture": "#2"},
				"down": {"uv": [7, 0, 11, 4], "texture": "#2"}
			}
		},
		{
			"from": [7.99421, 6.2, 8.83841],
			"to": [7.99421, 7.4, 9.43841],
			"rotation": {"angle": -45, "axis": "y", "origin": [7.99929, 4.8125, 7.99626]},
			"faces": {
				"north": {"uv": [7, 0, 11, 4], "texture": "#2"},
				"east": {"uv": [7, 0, 11, 4], "texture": "#2"},
				"south": {"uv": [7, 0, 11, 4], "texture": "#2"},
				"west": {"uv": [7, 0, 11, 4], "texture": "#2"},
				"up": {"uv": [7, 0, 11, 4], "texture": "#2"},
				"down": {"uv": [7, 0, 11, 4], "texture": "#2"}
			}
		},
		{
			"from": [7.99421, 2.6, 8.83841],
			"to": [7.99421, 3.8, 9.43841],
			"rotation": {"angle": -45, "axis": "y", "origin": [7.99929, 4.8125, 7.99626]},
			"faces": {
				"north": {"uv": [7, 0, 11, 4], "texture": "#2"},
				"east": {"uv": [7, 0, 11, 4], "texture": "#2"},
				"south": {"uv": [7, 0, 11, 4], "texture": "#2"},
				"west": {"uv": [7, 0, 11, 4], "texture": "#2"},
				"up": {"uv": [7, 0, 11, 4], "texture": "#2"},
				"down": {"uv": [7, 0, 11, 4], "texture": "#2"}
			}
		},
		{
			"from": [6.56243, 6.2, 7.99018],
			"to": [7.16243, 7.4, 7.99018],
			"rotation": {"angle": -45, "axis": "y", "origin": [7.99929, 4.8125, 7.99626]},
			"faces": {
				"north": {"uv": [7, 0, 11, 4], "texture": "#2"},
				"east": {"uv": [7, 0, 11, 4], "texture": "#2"},
				"south": {"uv": [7, 0, 11, 4], "texture": "#2"},
				"west": {"uv": [7, 0, 11, 4], "texture": "#2"},
				"up": {"uv": [7, 0, 11, 4], "texture": "#2"},
				"down": {"uv": [7, 0, 11, 4], "texture": "#2"}
			}
		},
		{
			"from": [6.56243, 2.6, 7.99018],
			"to": [7.16243, 3.8, 7.99018],
			"rotation": {"angle": -45, "axis": "y", "origin": [7.99929, 4.8125, 7.99626]},
			"faces": {
				"north": {"uv": [7, 0, 11, 4], "texture": "#2"},
				"east": {"uv": [7, 0, 11, 4], "texture": "#2"},
				"south": {"uv": [7, 0, 11, 4], "texture": "#2"},
				"west": {"uv": [7, 0, 11, 4], "texture": "#2"},
				"up": {"uv": [7, 0, 11, 4], "texture": "#2"},
				"down": {"uv": [7, 0, 11, 4], "texture": "#2"}
			}
		},
		{
			"from": [6.392, 1.4, 6.38],
			"to": [6.992, 8.6, 6.98],
			"rotation": {"angle": 0, "axis": "y", "origin": [7.99929, 4.8125, 7.99626]},
			"faces": {
				"north": {"uv": [7, 0, 11, 4], "texture": "#2"},
				"east": {"uv": [7, 0, 11, 4], "texture": "#2"},
				"south": {"uv": [7, 0, 11, 4], "texture": "#2"},
				"west": {"uv": [7, 0, 11, 4], "texture": "#2"},
				"up": {"uv": [7, 0, 11, 4], "texture": "#2"},
				"down": {"uv": [7, 0, 11, 4], "texture": "#2"}
			}
		},
		{
			"from": [9.0192, 1.4, 6.38025],
			"to": [9.6192, 8.6, 6.98025],
			"rotation": {"angle": 0, "axis": "y", "origin": [7.99929, 4.8125, 7.99626]},
			"faces": {
				"north": {"uv": [7, 0, 11, 4], "texture": "#2"},
				"east": {"uv": [7, 0, 11, 4], "texture": "#2"},
				"south": {"uv": [7, 0, 11, 4], "texture": "#2"},
				"west": {"uv": [7, 0, 11, 4], "texture": "#2"},
				"up": {"uv": [7, 0, 11, 4], "texture": "#2"},
				"down": {"uv": [7, 0, 11, 4], "texture": "#2"}
			}
		},
		{
			"from": [8.00178, 2.6, 6.55066],
			"to": [8.00178, 3.8, 7.15066],
			"rotation": {"angle": -45, "axis": "y", "origin": [7.99929, 4.8125, 7.99626]},
			"faces": {
				"north": {"uv": [7, 0, 11, 4], "texture": "#2"},
				"east": {"uv": [7, 0, 11, 4], "texture": "#2"},
				"south": {"uv": [7, 0, 11, 4], "texture": "#2"},
				"west": {"uv": [7, 0, 11, 4], "texture": "#2"},
				"up": {"uv": [7, 0, 11, 4], "texture": "#2"},
				"down": {"uv": [7, 0, 11, 4], "texture": "#2"}
			}
		},
		{
			"from": [8.00178, 6.2, 6.55066],
			"to": [8.00178, 7.4, 7.15066],
			"rotation": {"angle": -45, "axis": "y", "origin": [7.99929, 4.8125, 7.99626]},
			"faces": {
				"north": {"uv": [7, 0, 11, 4], "texture": "#2"},
				"east": {"uv": [7, 0, 11, 4], "texture": "#2"},
				"south": {"uv": [7, 0, 11, 4], "texture": "#2"},
				"west": {"uv": [7, 0, 11, 4], "texture": "#2"},
				"up": {"uv": [7, 0, 11, 4], "texture": "#2"},
				"down": {"uv": [7, 0, 11, 4], "texture": "#2"}
			}
		},
		{
			"from": [8.6, 6.2, 7.4],
			"to": [8.6, 7.4, 8.6],
			"rotation": {"angle": 0, "axis": "y", "origin": [7.99929, 4.8125, 7.99626]},
			"faces": {
				"north": {"uv": [7, 0, 11, 4], "texture": "#2"},
				"east": {"uv": [7, 0, 11, 4], "texture": "#2"},
				"south": {"uv": [7, 0, 11, 4], "texture": "#2"},
				"west": {"uv": [7, 0, 11, 4], "texture": "#2"},
				"up": {"uv": [7, 0, 11, 4], "rotation": 180, "texture": "#2"},
				"down": {"uv": [7, 0, 11, 4], "rotation": 180, "texture": "#2"}
			}
		},
		{
			"from": [8.6, 2.6, 7.4],
			"to": [8.6, 3.8, 8.6],
			"rotation": {"angle": 0, "axis": "y", "origin": [7.99929, 4.8125, 7.99626]},
			"faces": {
				"north": {"uv": [7, 0, 11, 4], "texture": "#2"},
				"east": {"uv": [7, 0, 11, 4], "texture": "#2"},
				"south": {"uv": [7, 0, 11, 4], "texture": "#2"},
				"west": {"uv": [7, 0, 11, 4], "texture": "#2"},
				"up": {"uv": [7, 0, 11, 4], "rotation": 180, "texture": "#2"},
				"down": {"uv": [7, 0, 11, 4], "rotation": 180, "texture": "#2"}
			}
		},
		{
			"from": [7.394, 2.6, 7.4],
			"to": [7.394, 3.8, 8.6],
			"rotation": {"angle": 0, "axis": "y", "origin": [7.99929, 4.8125, 7.99626]},
			"faces": {
				"north": {"uv": [7, 0, 11, 4], "texture": "#2"},
				"east": {"uv": [7, 0, 11, 4], "texture": "#2"},
				"south": {"uv": [7, 0, 11, 4], "texture": "#2"},
				"west": {"uv": [7, 0, 11, 4], "texture": "#2"},
				"up": {"uv": [7, 0, 11, 4], "texture": "#2"},
				"down": {"uv": [7, 0, 11, 4], "texture": "#2"}
			}
		},
		{
			"from": [7.394, 6.2, 7.4],
			"to": [7.394, 7.4, 8.6],
			"rotation": {"angle": 0, "axis": "y", "origin": [7.99929, 4.8125, 7.99626]},
			"faces": {
				"north": {"uv": [7, 0, 11, 4], "texture": "#2"},
				"east": {"uv": [7, 0, 11, 4], "texture": "#2"},
				"south": {"uv": [7, 0, 11, 4], "texture": "#2"},
				"west": {"uv": [7, 0, 11, 4], "texture": "#2"},
				"up": {"uv": [7, 0, 11, 4], "texture": "#2"},
				"down": {"uv": [7, 0, 11, 4], "texture": "#2"}
			}
		},
		{
			"from": [7.39997, 2.6, 7.3994],
			"to": [8.59997, 3.8, 7.3994],
			"rotation": {"angle": 0, "axis": "y", "origin": [7.99929, 4.8125, 7.99626]},
			"faces": {
				"north": {"uv": [7, 0, 11, 4], "texture": "#2"},
				"east": {"uv": [7, 0, 11, 4], "texture": "#2"},
				"south": {"uv": [7, 0, 11, 4], "texture": "#2"},
				"west": {"uv": [7, 0, 11, 4], "texture": "#2"},
				"up": {"uv": [7, 0, 11, 4], "rotation": 90, "texture": "#2"},
				"down": {"uv": [7, 0, 11, 4], "rotation": 270, "texture": "#2"}
			}
		},
		{
			"from": [7.39997, 6.2, 7.3994],
			"to": [8.59997, 7.4, 7.3994],
			"rotation": {"angle": 0, "axis": "y", "origin": [7.99929, 4.8125, 7.99626]},
			"faces": {
				"north": {"uv": [7, 0, 11, 4], "texture": "#2"},
				"east": {"uv": [7, 0, 11, 4], "texture": "#2"},
				"south": {"uv": [7, 0, 11, 4], "texture": "#2"},
				"west": {"uv": [7, 0, 11, 4], "texture": "#2"},
				"up": {"uv": [7, 0, 11, 4], "rotation": 90, "texture": "#2"},
				"down": {"uv": [7, 0, 11, 4], "rotation": 270, "texture": "#2"}
			}
		},
		{
			"from": [7.39997, 2.6, 8.60003],
			"to": [8.59997, 3.8, 8.60003],
			"rotation": {"angle": 0, "axis": "y", "origin": [7.99929, 4.8125, 7.99626]},
			"faces": {
				"north": {"uv": [7, 0, 11, 4], "texture": "#2"},
				"east": {"uv": [7, 0, 11, 4], "texture": "#2"},
				"south": {"uv": [7, 0, 11, 4], "texture": "#2"},
				"west": {"uv": [7, 0, 11, 4], "texture": "#2"},
				"up": {"uv": [7, 0, 11, 4], "rotation": 270, "texture": "#2"},
				"down": {"uv": [7, 0, 11, 4], "rotation": 90, "texture": "#2"}
			}
		},
		{
			"from": [7.39997, 6.2, 8.60003],
			"to": [8.59997, 7.4, 8.60003],
			"rotation": {"angle": 0, "axis": "y", "origin": [7.99929, 4.8125, 7.99626]},
			"faces": {
				"north": {"uv": [7, 0, 11, 4], "texture": "#2"},
				"east": {"uv": [7, 0, 11, 4], "texture": "#2"},
				"south": {"uv": [7, 0, 11, 4], "texture": "#2"},
				"west": {"uv": [7, 0, 11, 4], "texture": "#2"},
				"up": {"uv": [7, 0, 11, 4], "rotation": 270, "texture": "#2"},
				"down": {"uv": [7, 0, 11, 4], "rotation": 90, "texture": "#2"}
			}
		},
		{
			"from": [8.83355, 6.2, 7.99889],
			"to": [9.43355, 7.4, 7.99889],
			"rotation": {"angle": -45, "axis": "y", "origin": [7.99929, 4.8125, 7.99626]},
			"faces": {
				"north": {"uv": [7, 0, 11, 4], "texture": "#2"},
				"east": {"uv": [7, 0, 11, 4], "texture": "#2"},
				"south": {"uv": [7, 0, 11, 4], "texture": "#2"},
				"west": {"uv": [7, 0, 11, 4], "texture": "#2"},
				"up": {"uv": [7, 0, 11, 4], "texture": "#2"},
				"down": {"uv": [7, 0, 11, 4], "texture": "#2"}
			}
		},
		{
			"from": [8.83355, 2.6, 7.99889],
			"to": [9.43355, 3.8, 7.99889],
			"rotation": {"angle": -45, "axis": "y", "origin": [7.99929, 4.8125, 7.99626]},
			"faces": {
				"north": {"uv": [7, 0, 11, 4], "texture": "#2"},
				"east": {"uv": [7, 0, 11, 4], "texture": "#2"},
				"south": {"uv": [7, 0, 11, 4], "texture": "#2"},
				"west": {"uv": [7, 0, 11, 4], "texture": "#2"},
				"up": {"uv": [7, 0, 11, 4], "texture": "#2"},
				"down": {"uv": [7, 0, 11, 4], "texture": "#2"}
			}
		},
		{
			"from": [6.38, 0.2, 6.38],
			"to": [9.62, 1.4, 9.608],
			"rotation": {"angle": 0, "axis": "y", "origin": [7.99929, 4.8125, 7.99626]},
			"faces": {
				"north": {"uv": [7, 0, 11, 4], "texture": "#2"},
				"east": {"uv": [7, 0, 11, 4], "texture": "#2"},
				"south": {"uv": [7, 0, 11, 4], "texture": "#2"},
				"west": {"uv": [7, 0, 11, 4], "texture": "#2"},
				"up": {"uv": [7, 0, 11, 4], "texture": "#2"},
				"down": {"uv": [7, 0, 11, 4], "texture": "#2"}
			}
		},
		{
			"from": [5.78, 0.2, 5.78],
			"to": [10.22, 0.8, 10.208],
			"rotation": {"angle": 0, "axis": "y", "origin": [7.99929, 4.8125, 7.99626]},
			"faces": {
				"north": {"uv": [7, 0, 11, 4], "texture": "#2"},
				"east": {"uv": [7, 0, 11, 4], "texture": "#2"},
				"south": {"uv": [7, 0, 11, 4], "texture": "#2"},
				"west": {"uv": [7, 0, 11, 4], "texture": "#2"},
				"up": {"uv": [7, 0, 11, 4], "texture": "#2"},
				"down": {"uv": [7, 0, 11, 4], "texture": "#2"}
			}
		},
		{
			"from": [5.78, 8.6, 5.78],
			"to": [10.22, 9.8, 10.208],
			"rotation": {"angle": 0, "axis": "y", "origin": [7.99929, 4.8125, 7.99626]},
			"faces": {
				"north": {"uv": [7, 0, 11, 4], "texture": "#2"},
				"east": {"uv": [7, 0, 11, 4], "texture": "#2"},
				"south": {"uv": [7, 0, 11, 4], "texture": "#2"},
				"west": {"uv": [7, 0, 11, 4], "texture": "#2"},
				"up": {"uv": [7, 0, 11, 4], "texture": "#2"},
				"down": {"uv": [7, 0, 11, 4], "texture": "#2"}
			}
		},
		{
			"from": [6.38, 9.8, 6.38],
			"to": [9.62, 10.4, 9.608],
			"rotation": {"angle": 0, "axis": "y", "origin": [3.2, 0.2, 3.2]},
			"faces": {
				"north": {"uv": [0.5, 4, 3, 6.5], "rotation": 90, "texture": "#4"},
				"east": {"uv": [0.5, 4, 3, 6.5], "rotation": 90, "texture": "#4"},
				"south": {"uv": [0.5, 4, 3, 6.5], "rotation": 90, "texture": "#4"},
				"west": {"uv": [0.5, 4, 3, 6.5], "rotation": 90, "texture": "#4"},
				"up": {"uv": [0.5, 4, 3, 6.5], "rotation": 90, "texture": "#4"},
				"down": {"uv": [0.5, 4, 3, 6.5], "rotation": 90, "texture": "#4"}
			}
		},
		{
			"from": [5.78, 10.4, 5.78],
			"to": [10.22, 10.4, 10.208],
			"rotation": {"angle": 0, "axis": "y", "origin": [3.2, 0.2, 3.2]},
			"faces": {
				"north": {"uv": [0.5, 4, 3, 6.5], "rotation": 90, "texture": "#4"},
				"east": {"uv": [0.5, 4, 3, 6.5], "rotation": 90, "texture": "#4"},
				"south": {"uv": [0.5, 4, 3, 6.5], "rotation": 90, "texture": "#4"},
				"west": {"uv": [0.5, 4, 3, 6.5], "rotation": 90, "texture": "#4"},
				"up": {"uv": [0.5, 4, 3, 6.5], "rotation": 90, "texture": "#4"},
				"down": {"uv": [0.5, 4, 3, 6.5], "rotation": 90, "texture": "#4"}
			}
		},
		{
			"from": [5.78, 12.8, 9.608],
			"to": [10.22, 12.8, 10.208],
			"rotation": {"angle": 0, "axis": "y", "origin": [3.2, 0.2, 3.2]},
			"faces": {
				"north": {"uv": [0.5, 4, 3, 6.5], "rotation": 90, "texture": "#4"},
				"east": {"uv": [0.5, 4, 3, 6.5], "rotation": 90, "texture": "#4"},
				"south": {"uv": [0.5, 4, 3, 6.5], "rotation": 90, "texture": "#4"},
				"west": {"uv": [0.5, 4, 3, 6.5], "rotation": 90, "texture": "#4"},
				"up": {"uv": [0.5, 4, 3, 6.5], "rotation": 90, "texture": "#4"},
				"down": {"uv": [0.5, 4, 3, 6.5], "rotation": 90, "texture": "#4"}
			}
		},
		{
			"from": [5.78, 12.8, 5.78],
			"to": [10.22, 12.8, 6.38],
			"rotation": {"angle": 0, "axis": "y", "origin": [3.2, 0.2, 3.2]},
			"faces": {
				"north": {"uv": [0.5, 4, 3, 6.5], "rotation": 90, "texture": "#4"},
				"east": {"uv": [0.5, 4, 3, 6.5], "rotation": 90, "texture": "#4"},
				"south": {"uv": [0.5, 4, 3, 6.5], "rotation": 90, "texture": "#4"},
				"west": {"uv": [0.5, 4, 3, 6.5], "rotation": 90, "texture": "#4"},
				"up": {"uv": [0.5, 4, 3, 6.5], "rotation": 90, "texture": "#4"},
				"down": {"uv": [0.5, 4, 3, 6.5], "rotation": 90, "texture": "#4"}
			}
		},
		{
			"from": [5.78, 12.8, 6.38],
			"to": [6.38, 12.8, 9.614],
			"rotation": {"angle": 0, "axis": "y", "origin": [3.2, 0.2, 3.2]},
			"faces": {
				"north": {"uv": [0.5, 4, 3, 6.5], "rotation": 90, "texture": "#4"},
				"east": {"uv": [0.5, 4, 3, 6.5], "rotation": 90, "texture": "#4"},
				"south": {"uv": [0.5, 4, 3, 6.5], "rotation": 90, "texture": "#4"},
				"west": {"uv": [0.5, 4, 3, 6.5], "rotation": 90, "texture": "#4"},
				"up": {"uv": [0.5, 4, 3, 6.5], "rotation": 90, "texture": "#4"},
				"down": {"uv": [0.5, 4, 3, 6.5], "rotation": 90, "texture": "#4"}
			}
		},
		{
			"from": [9.62, 12.8, 6.38],
			"to": [10.22, 12.8, 9.614],
			"rotation": {"angle": 0, "axis": "y", "origin": [3.2, 0.2, 3.2]},
			"faces": {
				"north": {"uv": [0.5, 4, 3, 6.5], "rotation": 90, "texture": "#4"},
				"east": {"uv": [0.5, 4, 3, 6.5], "rotation": 90, "texture": "#4"},
				"south": {"uv": [0.5, 4, 3, 6.5], "rotation": 90, "texture": "#4"},
				"west": {"uv": [0.5, 4, 3, 6.5], "rotation": 90, "texture": "#4"},
				"up": {"uv": [0.5, 4, 3, 6.5], "rotation": 90, "texture": "#4"},
				"down": {"uv": [0.5, 4, 3, 6.5], "rotation": 90, "texture": "#4"}
			}
		},
		{
			"from": [6.38, 10.4, 6.38],
			"to": [9.62, 11.6, 9.608],
			"rotation": {"angle": 0, "axis": "y", "origin": [3.2, 0.2, 3.2]},
			"faces": {
				"north": {"uv": [11, 3.5, 12.5, 5], "rotation": 90, "texture": "#4"},
				"east": {"uv": [11, 3.5, 12.5, 5], "rotation": 90, "texture": "#4"},
				"south": {"uv": [11, 3.5, 12.5, 5], "rotation": 90, "texture": "#4"},
				"west": {"uv": [11, 3.5, 12.5, 5], "rotation": 90, "texture": "#4"},
				"up": {"uv": [11, 3.5, 12.5, 5], "rotation": 90, "texture": "#4"},
				"down": {"uv": [11, 3.5, 12.5, 5], "rotation": 90, "texture": "#4"}
			}
		},
		{
			"from": [6.98, 12.8, 6.98],
			"to": [9.02, 13.4, 9.008],
			"rotation": {"angle": 0, "axis": "y", "origin": [3.2, 0.2, 3.2]},
			"faces": {
				"north": {"uv": [0.5, 4, 3, 6.5], "rotation": 90, "texture": "#4"},
				"east": {"uv": [0.5, 4, 3, 6.5], "rotation": 90, "texture": "#4"},
				"south": {"uv": [0.5, 4, 3, 6.5], "rotation": 90, "texture": "#4"},
				"west": {"uv": [0.5, 4, 3, 6.5], "rotation": 90, "texture": "#4"},
				"up": {"uv": [0.5, 4, 3, 6.5], "rotation": 90, "texture": "#4"},
				"down": {"uv": [0.5, 4, 3, 6.5], "rotation": 90, "texture": "#4"}
			}
		},
		{
			"from": [6.98, 14.6, 6.98],
			"to": [9.02, 15.2, 9.008],
			"rotation": {"angle": 0, "axis": "y", "origin": [3.2, 0.2, 3.2]},
			"faces": {
				"north": {"uv": [4, 0.5, 6, 2.5], "rotation": 90, "texture": "#4"},
				"east": {"uv": [4, 0.5, 6, 2.5], "rotation": 90, "texture": "#4"},
				"south": {"uv": [4, 0.5, 6, 2.5], "rotation": 90, "texture": "#4"},
				"west": {"uv": [4, 0.5, 6, 2.5], "rotation": 90, "texture": "#4"},
				"up": {"uv": [4, 0.5, 6, 2.5], "rotation": 90, "texture": "#4"},
				"down": {"uv": [4, 0.5, 6, 2.5], "rotation": 90, "texture": "#4"}
			}
		},
		{
			"from": [6.38, 13.4, 6.38],
			"to": [9.62, 14.6, 9.608],
			"rotation": {"angle": 0, "axis": "y", "origin": [3.2, 0.2, 3.2]},
			"faces": {
				"north": {"uv": [0.5, 4, 2.5, 6], "rotation": 90, "texture": "#4"},
				"east": {"uv": [0.5, 4, 2.5, 6], "rotation": 90, "texture": "#4"},
				"south": {"uv": [0.5, 4, 2.5, 6], "rotation": 90, "texture": "#4"},
				"west": {"uv": [0.5, 4, 2.5, 6], "rotation": 90, "texture": "#4"},
				"up": {"uv": [0.5, 4, 2.5, 6], "rotation": 90, "texture": "#4"},
				"down": {"uv": [0.5, 4, 2.5, 6], "rotation": 90, "texture": "#4"}
			}
		},
		{
			"from": [5.78, 12.2, 10.208],
			"to": [10.22, 12.8, 10.208],
			"rotation": {"angle": 0, "axis": "y", "origin": [3.2, 0.2, 3.2]},
			"faces": {
				"north": {"uv": [0.5, 4, 3, 6.5], "rotation": 90, "texture": "#4"},
				"east": {"uv": [0.5, 4, 3, 6.5], "rotation": 90, "texture": "#4"},
				"south": {"uv": [0.5, 4, 3, 6.5], "rotation": 90, "texture": "#4"},
				"west": {"uv": [0.5, 4, 3, 6.5], "rotation": 90, "texture": "#4"},
				"up": {"uv": [0.5, 4, 3, 6.5], "rotation": 90, "texture": "#4"},
				"down": {"uv": [0.5, 4, 3, 6.5], "rotation": 90, "texture": "#4"}
			}
		},
		{
			"from": [5.78, 10.4, 10.208],
			"to": [10.22, 11, 10.208],
			"rotation": {"angle": 0, "axis": "y", "origin": [3.2, 0.2, 3.2]},
			"faces": {
				"north": {"uv": [0.5, 4, 3, 6.5], "rotation": 90, "texture": "#4"},
				"east": {"uv": [0.5, 4, 3, 6.5], "rotation": 90, "texture": "#4"},
				"south": {"uv": [0.5, 4, 3, 6.5], "rotation": 90, "texture": "#4"},
				"west": {"uv": [0.5, 4, 3, 6.5], "rotation": 90, "texture": "#4"},
				"up": {"uv": [0.5, 4, 3, 6.5], "rotation": 90, "texture": "#4"},
				"down": {"uv": [0.5, 4, 3, 6.5], "rotation": 90, "texture": "#4"}
			}
		},
		{
			"from": [10.22, 10.4, 5.78],
			"to": [10.22, 11, 10.208],
			"rotation": {"angle": 0, "axis": "y", "origin": [3.2, 0.2, 3.2]},
			"faces": {
				"north": {"uv": [0.5, 4, 3, 6.5], "rotation": 90, "texture": "#4"},
				"east": {"uv": [0.5, 4, 3, 6.5], "rotation": 90, "texture": "#4"},
				"south": {"uv": [0.5, 4, 3, 6.5], "rotation": 90, "texture": "#4"},
				"west": {"uv": [0.5, 4, 3, 6.5], "rotation": 90, "texture": "#4"},
				"up": {"uv": [0.5, 4, 3, 6.5], "rotation": 90, "texture": "#4"},
				"down": {"uv": [0.5, 4, 3, 6.5], "rotation": 90, "texture": "#4"}
			}
		},
		{
			"from": [5.78, 10.4, 5.78],
			"to": [10.22, 11, 5.78],
			"rotation": {"angle": 0, "axis": "y", "origin": [3.2, 0.2, 3.2]},
			"faces": {
				"north": {"uv": [0.5, 4, 3, 6.5], "rotation": 90, "texture": "#4"},
				"east": {"uv": [0.5, 4, 3, 6.5], "rotation": 90, "texture": "#4"},
				"south": {"uv": [0.5, 4, 3, 6.5], "rotation": 90, "texture": "#4"},
				"west": {"uv": [0.5, 4, 3, 6.5], "rotation": 90, "texture": "#4"},
				"up": {"uv": [0.5, 4, 3, 6.5], "rotation": 90, "texture": "#4"},
				"down": {"uv": [0.5, 4, 3, 6.5], "rotation": 90, "texture": "#4"}
			}
		},
		{
			"from": [5.78, 12.2, 5.78],
			"to": [10.22, 12.8, 5.78],
			"rotation": {"angle": 0, "axis": "y", "origin": [3.2, 0.2, 3.2]},
			"faces": {
				"north": {"uv": [0.5, 4, 3, 6.5], "rotation": 90, "texture": "#4"},
				"east": {"uv": [0.5, 4, 3, 6.5], "rotation": 90, "texture": "#4"},
				"south": {"uv": [0.5, 4, 3, 6.5], "rotation": 90, "texture": "#4"},
				"west": {"uv": [0.5, 4, 3, 6.5], "rotation": 90, "texture": "#4"},
				"up": {"uv": [0.5, 4, 3, 6.5], "rotation": 90, "texture": "#4"},
				"down": {"uv": [0.5, 4, 3, 6.5], "rotation": 90, "texture": "#4"}
			}
		},
		{
			"from": [9.62, 11, 10.208],
			"to": [10.22, 12.2, 10.208],
			"rotation": {"angle": 0, "axis": "y", "origin": [8, 11.6, 7.994]},
			"faces": {
				"north": {"uv": [0.5, 4, 3, 6.5], "rotation": 90, "texture": "#4"},
				"east": {"uv": [0.5, 4, 3, 6.5], "rotation": 90, "texture": "#4"},
				"south": {"uv": [0.5, 4, 3, 6.5], "rotation": 90, "texture": "#4"},
				"west": {"uv": [0.5, 4, 3, 6.5], "rotation": 90, "texture": "#4"},
				"up": {"uv": [0.5, 4, 3, 6.5], "rotation": 90, "texture": "#4"},
				"down": {"uv": [0.5, 4, 3, 6.5], "rotation": 90, "texture": "#4"}
			}
		},
		{
			"from": [9.62, 11, 5.78],
			"to": [10.22, 12.2, 5.78],
			"rotation": {"angle": 0, "axis": "y", "origin": [8, 11.6, 7.994]},
			"faces": {
				"north": {"uv": [0.5, 4, 3, 6.5], "rotation": 90, "texture": "#4"},
				"east": {"uv": [0.5, 4, 3, 6.5], "rotation": 90, "texture": "#4"},
				"south": {"uv": [0.5, 4, 3, 6.5], "rotation": 90, "texture": "#4"},
				"west": {"uv": [0.5, 4, 3, 6.5], "rotation": 90, "texture": "#4"},
				"up": {"uv": [0.5, 4, 3, 6.5], "rotation": 90, "texture": "#4"},
				"down": {"uv": [0.5, 4, 3, 6.5], "rotation": 90, "texture": "#4"}
			}
		},
		{
			"from": [5.78, 11, 10.208],
			"to": [6.38, 12.2, 10.208],
			"rotation": {"angle": 0, "axis": "y", "origin": [8, 11.6, 7.994]},
			"faces": {
				"north": {"uv": [0.5, 4, 3, 6.5], "rotation": 90, "texture": "#4"},
				"east": {"uv": [0.5, 4, 3, 6.5], "rotation": 90, "texture": "#4"},
				"south": {"uv": [0.5, 4, 3, 6.5], "rotation": 90, "texture": "#4"},
				"west": {"uv": [0.5, 4, 3, 6.5], "rotation": 90, "texture": "#4"},
				"up": {"uv": [0.5, 4, 3, 6.5], "rotation": 90, "texture": "#4"},
				"down": {"uv": [0.5, 4, 3, 6.5], "rotation": 90, "texture": "#4"}
			}
		},
		{
			"from": [5.78, 11, 5.78],
			"to": [6.38, 12.2, 5.78],
			"rotation": {"angle": 0, "axis": "y", "origin": [8, 11.6, 7.994]},
			"faces": {
				"north": {"uv": [0.5, 4, 3, 6.5], "rotation": 90, "texture": "#4"},
				"east": {"uv": [0.5, 4, 3, 6.5], "rotation": 90, "texture": "#4"},
				"south": {"uv": [0.5, 4, 3, 6.5], "rotation": 90, "texture": "#4"},
				"west": {"uv": [0.5, 4, 3, 6.5], "rotation": 90, "texture": "#4"},
				"up": {"uv": [0.5, 4, 3, 6.5], "rotation": 90, "texture": "#4"},
				"down": {"uv": [0.5, 4, 3, 6.5], "rotation": 90, "texture": "#4"}
			}
		},
		{
			"from": [10.214, 11, 5.774],
			"to": [10.214, 12.2, 6.374],
			"rotation": {"angle": 0, "axis": "y", "origin": [8, 11.6, 7.994]},
			"faces": {
				"north": {"uv": [0.5, 4, 3, 6.5], "rotation": 180, "texture": "#4"},
				"east": {"uv": [0.5, 4, 3, 6.5], "rotation": 180, "texture": "#4"},
				"south": {"uv": [0.5, 4, 3, 6.5], "rotation": 180, "texture": "#4"},
				"west": {"uv": [0.5, 4, 3, 6.5], "rotation": 180, "texture": "#4"},
				"up": {"uv": [0.5, 4, 3, 6.5], "rotation": 180, "texture": "#4"},
				"down": {"uv": [0.5, 4, 3, 6.5], "rotation": 180, "texture": "#4"}
			}
		},
		{
			"from": [10.214, 11, 9.614],
			"to": [10.214, 12.2, 10.214],
			"rotation": {"angle": 0, "axis": "y", "origin": [8, 11.6, 7.994]},
			"faces": {
				"north": {"uv": [0.5, 4, 3, 6.5], "rotation": 180, "texture": "#4"},
				"east": {"uv": [0.5, 4, 3, 6.5], "rotation": 180, "texture": "#4"},
				"south": {"uv": [0.5, 4, 3, 6.5], "rotation": 180, "texture": "#4"},
				"west": {"uv": [0.5, 4, 3, 6.5], "rotation": 180, "texture": "#4"},
				"up": {"uv": [0.5, 4, 3, 6.5], "rotation": 180, "texture": "#4"},
				"down": {"uv": [0.5, 4, 3, 6.5], "rotation": 180, "texture": "#4"}
			}
		},
		{
			"from": [5.786, 11, 9.614],
			"to": [5.786, 12.2, 10.214],
			"rotation": {"angle": 0, "axis": "y", "origin": [8, 11.6, 7.994]},
			"faces": {
				"north": {"uv": [0.5, 4, 3, 6.5], "rotation": 180, "texture": "#4"},
				"east": {"uv": [0.5, 4, 3, 6.5], "rotation": 180, "texture": "#4"},
				"south": {"uv": [0.5, 4, 3, 6.5], "rotation": 180, "texture": "#4"},
				"west": {"uv": [0.5, 4, 3, 6.5], "rotation": 180, "texture": "#4"},
				"up": {"uv": [0.5, 4, 3, 6.5], "rotation": 180, "texture": "#4"},
				"down": {"uv": [0.5, 4, 3, 6.5], "rotation": 180, "texture": "#4"}
			}
		},
		{
			"from": [5.786, 11, 5.774],
			"to": [5.786, 12.2, 6.374],
			"rotation": {"angle": 0, "axis": "y", "origin": [8, 11.6, 7.994]},
			"faces": {
				"north": {"uv": [0.5, 4, 3, 6.5], "rotation": 180, "texture": "#4"},
				"east": {"uv": [0.5, 4, 3, 6.5], "rotation": 180, "texture": "#4"},
				"south": {"uv": [0.5, 4, 3, 6.5], "rotation": 180, "texture": "#4"},
				"west": {"uv": [0.5, 4, 3, 6.5], "rotation": 180, "texture": "#4"},
				"up": {"uv": [0.5, 4, 3, 6.5], "rotation": 180, "texture": "#4"},
				"down": {"uv": [0.5, 4, 3, 6.5], "rotation": 180, "texture": "#4"}
			}
		},
		{
			"from": [5.78, 10.4, 5.78],
			"to": [5.78, 11, 10.208],
			"rotation": {"angle": 0, "axis": "y", "origin": [3.2, 0.2, 3.2]},
			"faces": {
				"north": {"uv": [0.5, 4, 3, 6.5], "rotation": 90, "texture": "#4"},
				"east": {"uv": [0.5, 4, 3, 6.5], "rotation": 90, "texture": "#4"},
				"south": {"uv": [0.5, 4, 3, 6.5], "rotation": 90, "texture": "#4"},
				"west": {"uv": [0.5, 4, 3, 6.5], "rotation": 90, "texture": "#4"},
				"up": {"uv": [0.5, 4, 3, 6.5], "rotation": 90, "texture": "#4"},
				"down": {"uv": [0.5, 4, 3, 6.5], "rotation": 90, "texture": "#4"}
			}
		},
		{
			"from": [10.22, 12.2, 5.78],
			"to": [10.22, 12.8, 10.208],
			"rotation": {"angle": 0, "axis": "y", "origin": [3.2, 0.2, 3.2]},
			"faces": {
				"north": {"uv": [0.5, 4, 3, 6.5], "rotation": 90, "texture": "#4"},
				"east": {"uv": [0.5, 4, 3, 6.5], "rotation": 90, "texture": "#4"},
				"south": {"uv": [0.5, 4, 3, 6.5], "rotation": 90, "texture": "#4"},
				"west": {"uv": [0.5, 4, 3, 6.5], "rotation": 90, "texture": "#4"},
				"up": {"uv": [0.5, 4, 3, 6.5], "rotation": 90, "texture": "#4"},
				"down": {"uv": [0.5, 4, 3, 6.5], "rotation": 90, "texture": "#4"}
			}
		},
		{
			"from": [5.78, 12.2, 5.78],
			"to": [5.78, 12.8, 10.208],
			"rotation": {"angle": 0, "axis": "y", "origin": [3.2, 0.2, 3.2]},
			"faces": {
				"north": {"uv": [0.5, 4, 3, 6.5], "rotation": 90, "texture": "#4"},
				"east": {"uv": [0.5, 4, 3, 6.5], "rotation": 90, "texture": "#4"},
				"south": {"uv": [0.5, 4, 3, 6.5], "rotation": 90, "texture": "#4"},
				"west": {"uv": [0.5, 4, 3, 6.5], "rotation": 90, "texture": "#4"},
				"up": {"uv": [0.5, 4, 3, 6.5], "rotation": 90, "texture": "#4"},
				"down": {"uv": [0.5, 4, 3, 6.5], "rotation": 90, "texture": "#4"}
			}
		},
		{
			"from": [8.225, 15.155, 8.63],
			"to": [8.525, 16.859, 8.63],
			"rotation": {"angle": 0, "axis": "z", "origin": [10.4, 16.325, 7.955]},
			"faces": {
				"north": {"uv": [0.5, 13, 3, 13.5], "texture": "#4"},
				"east": {"uv": [0.5, 13, 3, 13.5], "texture": "#4"},
				"south": {"uv": [0.5, 13, 3, 13.5], "texture": "#4"},
				"west": {"uv": [0.5, 13, 3, 13.5], "texture": "#4"},
				"up": {"uv": [0.5, 13, 3, 13.5], "texture": "#4"},
				"down": {"uv": [0.5, 13, 3, 13.5], "texture": "#4"}
			}
		},
		{
			"from": [7.475, 15.155, 8.63],
			"to": [7.775, 16.103, 8.63],
			"rotation": {"angle": 0, "axis": "z", "origin": [10.4, 16.325, 7.955]},
			"faces": {
				"north": {"uv": [0.5, 13, 3, 13.5], "rotation": 180, "texture": "#4"},
				"east": {"uv": [0.5, 13, 3, 13.5], "rotation": 180, "texture": "#4"},
				"south": {"uv": [0.5, 13, 3, 13.5], "rotation": 180, "texture": "#4"},
				"west": {"uv": [0.5, 13, 3, 13.5], "rotation": 180, "texture": "#4"},
				"up": {"uv": [0.5, 13, 3, 13.5], "rotation": 180, "texture": "#4"},
				"down": {"uv": [0.5, 13, 3, 13.5], "rotation": 180, "texture": "#4"}
			}
		},
		{
			"from": [7.475, 15.155, 8.33],
			"to": [7.475, 15.803, 8.63],
			"rotation": {"angle": 0, "axis": "z", "origin": [10.4, 16.325, 7.955]},
			"faces": {
				"north": {"uv": [0.5, 13, 3, 13.5], "rotation": 180, "texture": "#4"},
				"east": {"uv": [0.5, 13, 3, 13.5], "rotation": 180, "texture": "#4"},
				"south": {"uv": [0.5, 13, 3, 13.5], "rotation": 180, "texture": "#4"},
				"west": {"uv": [0.5, 13, 3, 13.5], "rotation": 180, "texture": "#4"},
				"up": {"uv": [0.5, 13, 3, 13.5], "rotation": 180, "texture": "#4"},
				"down": {"uv": [0.5, 13, 3, 13.5], "rotation": 180, "texture": "#4"}
			}
		},
		{
			"from": [7.475, 15.155, 7.28],
			"to": [7.775, 16.103, 7.28],
			"rotation": {"angle": 0, "axis": "z", "origin": [10.4, 16.325, 7.955]},
			"faces": {
				"north": {"uv": [0.5, 13, 3, 13.5], "rotation": 180, "texture": "#4"},
				"east": {"uv": [0.5, 13, 3, 13.5], "rotation": 180, "texture": "#4"},
				"south": {"uv": [0.5, 13, 3, 13.5], "rotation": 180, "texture": "#4"},
				"west": {"uv": [0.5, 13, 3, 13.5], "rotation": 180, "texture": "#4"},
				"up": {"uv": [0.5, 13, 3, 13.5], "rotation": 180, "texture": "#4"},
				"down": {"uv": [0.5, 13, 3, 13.5], "rotation": 180, "texture": "#4"}
			}
		},
		{
			"from": [7.475, 15.155, 7.28],
			"to": [7.475, 15.803, 7.58],
			"rotation": {"angle": 0, "axis": "z", "origin": [10.4, 16.325, 7.955]},
			"faces": {
				"north": {"uv": [0.5, 13, 3, 13.5], "rotation": 180, "texture": "#4"},
				"east": {"uv": [0.5, 13, 3, 13.5], "rotation": 180, "texture": "#4"},
				"south": {"uv": [0.5, 13, 3, 13.5], "rotation": 180, "texture": "#4"},
				"west": {"uv": [0.5, 13, 3, 13.5], "rotation": 180, "texture": "#4"},
				"up": {"uv": [0.5, 13, 3, 13.5], "rotation": 180, "texture": "#4"},
				"down": {"uv": [0.5, 13, 3, 13.5], "rotation": 180, "texture": "#4"}
			}
		},
		{
			"from": [8.525, 15.155, 8.33],
			"to": [8.525, 16.859, 8.63],
			"rotation": {"angle": 0, "axis": "z", "origin": [10.4, 16.325, 7.955]},
			"faces": {
				"north": {"uv": [0.5, 13, 3, 13.5], "texture": "#4"},
				"east": {"uv": [0.5, 13, 3, 13.5], "texture": "#4"},
				"south": {"uv": [0.5, 13, 3, 13.5], "texture": "#4"},
				"west": {"uv": [0.5, 13, 3, 13.5], "texture": "#4"},
				"up": {"uv": [0.5, 13, 3, 13.5], "texture": "#4"},
				"down": {"uv": [0.5, 13, 3, 13.5], "texture": "#4"}
			}
		},
		{
			"from": [8.525, 15.155, 7.28],
			"to": [8.525, 16.859, 7.58],
			"rotation": {"angle": 0, "axis": "z", "origin": [10.4, 16.325, 7.955]},
			"faces": {
				"north": {"uv": [0.5, 13, 3, 13.5], "texture": "#4"},
				"east": {"uv": [0.5, 13, 3, 13.5], "texture": "#4"},
				"south": {"uv": [0.5, 13, 3, 13.5], "texture": "#4"},
				"west": {"uv": [0.5, 13, 3, 13.5], "texture": "#4"},
				"up": {"uv": [0.5, 13, 3, 13.5], "texture": "#4"},
				"down": {"uv": [0.5, 13, 3, 13.5], "texture": "#4"}
			}
		},
		{
			"from": [8.225, 15.155, 7.28],
			"to": [8.525, 16.859, 7.28],
			"rotation": {"angle": 0, "axis": "z", "origin": [10.4, 16.325, 7.955]},
			"faces": {
				"north": {"uv": [0.5, 13, 3, 13.5], "texture": "#4"},
				"east": {"uv": [0.5, 13, 3, 13.5], "texture": "#4"},
				"south": {"uv": [0.5, 13, 3, 13.5], "texture": "#4"},
				"west": {"uv": [0.5, 13, 3, 13.5], "texture": "#4"},
				"up": {"uv": [0.5, 13, 3, 13.5], "texture": "#4"},
				"down": {"uv": [0.5, 13, 3, 13.5], "texture": "#4"}
			}
		}
	],
	"groups": [
		{
			"name": "base",
			"origin": [8, 8, 8],
			"color": 0,
			"children": []
		},
		{
			"name": "topo",
			"origin": [8, 8, 8],
			"color": 0,
			"children": [
				{
					"name": "torre",
					"origin": [8, 8, 8],
					"color": 0,
					"children": [0, 1, 2, 3, 4, 5, 6, 7, 8, 9, 10, 11, 12, 13, 14, 15, 16, 17, 18, 19, 20, 21, 22, 23]
				},
				{
					"name": "potes",
					"origin": [8, 8, 8],
					"color": 0,
					"children": [
						{
							"name": "pote topo",
							"origin": [0, 0, 0],
							"color": 0,
							"children": [24, 25, 26, 27, 28, 29, 30, 31, 32, 33, 34, 35, 36, 37, 38, 39, 40, 41, 42, 43, 44, 45, 46, 47, 48, 49]
						}
					]
				},
				{
					"name": "tubo topo 1",
					"origin": [8, 8, 8],
					"color": 0,
					"children": [50, 51, 52, 53, 54, 55, 56, 57]
				}
			]
		}
	]
}