{
    "auto_choose": false,
    "allow_random": true,
    "enabled": true,
    "replace": false,
    "allow_random_unchoosable": false,
    "order": 20,
    "origins": [
        "personality:cautious",
        "personality:cool",
        "personality:couragous",
        "personality:excitable",
        "personality:helpful",
        "personality:kind",
        "personality:laidback",
        "personality:pesimistic",
        "personality:stubborn",
        "personality:boring"
    ],
    "name": "Personality",
    "missing_name": "Human",
    "missing_description": "Regular, boring, and ordinary."
}