{
	"type": "origins:multiple",
	"resource": {
		"type": "origins:resource",
		"min": 0,
		"max": 64,
		"start_value": 64,
		"hud_render": {
			"sprite_location": "origins:textures/gui/community/huang/resource_bar_01.png",
			"bar_index": 5
		}
	},
	"gain": {
		"type": "origins:action_over_time",
		"interval": 15,
		"entity_action": {
			"type": "origins:change_resource",
			"resource": "*:*_resource",
			"change": 1
		},
		"condition": {
			"type": "origins:and",
			"conditions": [
			{
				"type": "origins:exposed_to_sun",
				"inverted": true
			},
			{
				"type": "origins:power_active",
				"power": "*:phantomize",
				"inverted": true
			}
			]
		}
	},
	"loss": {
		"type": "origins:action_over_time",
		"interval": 5,
		"entity_action": {
			"type": "origins:change_resource",
			"resource": "*:*_resource",
			"change": -1
		},
		"condition": {
			"type": "origins:power_active",
			"power": "*:phantomize"
		}
	},
	"forgive": {
		"type": "origins:action_on_callback",
		"entity_action_respawned": {
			"type": "origins:delay",
			"ticks": 1,
			"action": {
				"type": "origins:change_resource",
				"resource": "*:*_resource",
				"change": 64,
				"operation": "set"
			}
		}
	},
	"name": "Integrity",
	"description": "While not exposed to the sun, you gain integrity. Integrity allows you to stay in phantom form."
}