{
	"type": "origins:multiple",
	"primary": {
		"type": "origins:overlay",
		"texture": "minecraft:textures/misc/nausea.png",
		"red": 0.2,
		"green": 0.4,
		"blue": 0.2,
		"strength": 0.7,
		"draw_mode": "nausea",
		"draw_phase": "above_hud",
		"visible_in_third_person": true,
		"hide_with_hud": true,
		"condition": {
			"type": "origins:power_active",
			"power": "*:phantomize"
		}
	},
	"low": {
		"type": "origins:overlay",
		"texture": "minecraft:textures/misc/nausea.png",
		"red": 0.4,
		"green": 0.2,
		"blue": 0.2,
		"strength": 0.7,
		"draw_mode": "nausea",
		"draw_phase": "above_hud",
		"visible_in_third_person": true,
		"hide_with_hud": true,
		"condition": {
			"type": "origins:and",
			"conditions": [
			{
				"type": "origins:power_active",
				"power": "*:phantomize"
			},
			{
				"type": "origins:resource",
				"resource": "*:integrity_resource",
				"comparison": "<=",
				"compare_to": 12				
			}
			]
		}
	},
	"hidden": true
}