{
	"type": "origins:action_over_time",
	"entity_action": {
		"type": "origins:and",
		"actions": [
			{
                "type": "origins:execute_command",
                "command": "effect give @e[distance=..7] weakness 4 0 true",
                "permission_level": 4
            },
			{
				"type": "origins:delay",
				"ticks": 1,
				"action": {
					"type": "origins:execute_command",
					"command": "effect clear @s",
					"permission_level": 4
				}
			}
			
		]
	},
    "interval": 80,
	"name": "Jelly",
	"description": "You make everyone next to you jelly because your so cool"
}