{
	"type": "origins:multiple",
	"cooldown": {
		"type": "origins:cooldown",
		"cooldown": 1200
	},
	"prevent": {
		"type": "origins:prevent_death",
		"entity_action": {
			"type": "origins:and",
			"actions": [{
					"type": "origins:trigger_cooldown",
					"power": "*:*_cooldown"
				},
				{
					"type": "origins:heal",
					"amount": 20
				}
			]
		},
		"condition": {
			"type": "origins:resource",
			"resource": "*:*_cooldown",
			"comparison": "==",
			"compare_to": 0
		}
	},
	"name": "Not Today",
	"description": "Your stubborness keeps you alive to seek vengance"
}