{
	"type": "origins:action_over_time",
	"entity_action": {
		"type": "origins:and",
		"actions": [{
				"type": "origins:execute_command",
				"command": "effect give @e[distance=..7] slowness 10 2 true",
				"permission_level": 4
			},
			{
				"type": "origins:delay",
				"ticks": 1,
				"action": {
					"type": "origins:execute_command",
					"command": "effect clear @s",
					"permission_level": 4
				}
			},
			{
				"type": "origins:delay",
				"ticks": 2,
				"action": {
					"type": "origins:execute_command",
					"command": "effect give @s resistance 10 1 false",
					"permission_level": 4
				}
			}

		]
	},
	"interval": 2000,
	"condition": {
		"type": "origins:health",
		"comparison": "<",
		"compare_to": 8,
		"name": "In the Moment",
		"description": "Slow down your thoughts and relax to get an understanding of the situation"
	}
}