{
    "type": "origins:action_on_callback",
    "execute_chosen_when_orb": true,
    "entity_action_lost": {
        "type": "origins:and",
        "actions": [
            {
                "type": "origins:execute_command",
                "command": "/data merge @s {Silent:0b,Invulnerable:0b}"
            },
            {
                "type": "origins:clear_effect",
                "effect": "minecraft:invisibility"
            }
        ]
    },
    "entity_action_added": {
        "type": "origins:and",
        "actions": [
            {
                "type": "origins:execute_command",
                "command": "/data merge @s {Silent:1b,Invulnerable:1b}"
            },
            {
                "type": "origins:apply_effect",
                "effect": {
                    "effect": "minecraft:invisibility",
                    "duration": 1000000,
                    "amplifier": 0,
                    "is_ambient": false,
                    "show_particles": false,
                    "show_icon": false
                }
            },
            {
                "type": "origins:delay",
                "action": {
                    "type": "origins:and",
                    "actions": [
                        {
                            "type": "origins:execute_command",
                            "command": "/tp @s[type=bee] ~ -200 ~"
                        },
                        {
                            "type": "origins:execute_command",
                            "command": "/kill @s[type=bee]"
                        },
                        {
                            "type": "origins:execute_command",
                            "command": "/power remove @s[type=bee] enderian:util/invis_apply"
                        }
                    ]
                },
                "ticks": 0
            }
        ]
    }
}