{
    "hidden": true,
    "type": "origins:multiple",
    "main": {
        "condition": {
            "type": "origins:and",
            "conditions": [
                {
                    "type": "origins:or",
                    "conditions": [
                        {
                            "type": "origins:equipped_item",
                            "equipment_slot": "mainhand",
                            "item_condition": {
                                "type": "origins:ingredient",
                                "ingredient": {
                                    "item": "minecraft:spawner"
                                }
                            }
                        },
                        {
                            "type": "origins:equipped_item",
                            "equipment_slot": "offhand",
                            "item_condition": {
                                "type": "origins:ingredient",
                                "ingredient": {
                                    "item": "minecraft:spawner"
                                }
                            }
                        }
                    ]
                },
                {
                    "inverted": true,
                    "type": "origins:gamemode",
                    "gamemode": "creative"
                },
                {
                    "inverted": true,
                    "type": "origins:gamemode",
                    "gamemode": "spectator"
                }
            ]
        },
        "type": "origins:action_over_time",
        "interval": 1,
        "entity_action": {
            "type": "origins:if_else",
            "condition": {
                "inverted": true,
                "type": "origins:scoreboard",
                "objective": "placeSpawner",
                "comparison": ">",
                "compare_to": 0
            },
            "if_action": {
                "type": "origins:and",
                "actions": [
                    {
                        "type": "origins:execute_command",
                        "command": "tag @s add this"
                    },
                    {
                        "type": "origins:execute_command",
                        "command": "execute as @e[type=minecraft:marker,tag=storage] if score @s playerid = @p[tag=this] playerid run tag @s add current"
                    },
                    {
                        "type": "origins:if_else",
                        "condition": {
                            "type": "origins:equipped_item",
                            "equipment_slot": "mainhand",
                            "item_condition": {
                                "type": "origins:ingredient",
                                "ingredient": {
                                    "item": "minecraft:spawner"
                                }
                            }
                        },
                        "if_action": {
                            "type": "origins:execute_command",
                            "command": "data modify entity @e[tag=current,limit=1,sort=nearest,type=marker,tag=storage] data merge from entity @s SelectedItem.tag.BlockEntityTag"
                        },
                        "else_action": {
                            "type": "origins:execute_command",
                            "command": "data modify entity @e[tag=current,limit=1,sort=nearest,type=marker,tag=storage] data merge from entity @s Inventory[{Slot:-106b}].tag.BlockEntityTag"
                        }
                    },
                    {
                        "type": "origins:execute_command",
                        "command": "tag @s remove this"
                    },
                    {
                        "type": "origins:execute_command",
                        "command": "tag @e[tag=current,type=marker,tag=storage] remove current"
                    }
                ]
            }
        },
        "rising_action": {
            "type": "origins:and",
            "actions": [
                {
                    "type": "origins:execute_command",
                    "command": "summon marker ~ ~ ~ {Tags:[\"storage\"]}"
                },
                {
                    "type": "origins:execute_command",
                    "command": "scoreboard players operation @e[type=minecraft:marker,tag=storage,sort=nearest,limit=1] playerid = @s playerid"
                },
                {
                    "type": "origins:execute_command",
                    "command": "tp @e[type=minecraft:marker,tag=storage,sort=nearest,limit=1] 0 0 0"
                }
            ]
        },
        "falling_action": {
            "type": "origins:delay",
            "action": {
                "type": "origins:and",
                "actions": [
                    {
                        "type": "origins:execute_command",
                        "command": "tag @s add this"
                    },
                    {
                        "type": "origins:execute_command",
                        "command": "execute as @e[type=minecraft:marker,tag=storage] if score @s playerid = @p[tag=this] playerid run kill @s"
                    },
                    {
                        "type": "origins:execute_command",
                        "command": "tag @s remove this"
                    }
                ]
            },
            "ticks": 1
        }
    },
    "callback": {
        "type": "origins:action_on_callback",
        "execute_chosen_when_orb": false,
        "entity_action_removed": {
            "type": "origins:delay",
            "action": {
                "type": "origins:and",
                "actions": [
                    {
                        "type": "origins:execute_command",
                        "command": "tag @s add this"
                    },
                    {
                        "type": "origins:execute_command",
                        "command": "execute as @e[type=minecraft:marker,tag=storage] if score @s playerid = @p[tag=this] playerid run kill @s"
                    },
                    {
                        "type": "origins:execute_command",
                        "command": "tag @s remove this"
                    }
                ]
            },
            "ticks": 1
        }
    }
}