{
    "hidden": true,
    "type": "origins:multiple",
    "main": {
        "condition": {
            "type": "origins:or",
            "conditions": [
                {
                    "type": "origins:equipped_item",
                    "equipment_slot": "mainhand",
                    "item_condition": {
                        "type": "origins:ingredient",
                        "ingredient": {
                            "item": "minecraft:spawner"
                        }
                    }
                },
                {
                    "type": "origins:equipped_item",
                    "equipment_slot": "offhand",
                    "item_condition": {
                        "type": "origins:ingredient",
                        "ingredient": {
                            "item": "minecraft:spawner"
                        }
                    }
                }
            ]
        },
        "type": "origins:prevent_block_use",
        "block_condition": {
            "type": "origins:constant",
            "value": true
        }
    },
    "remove": {
        "type": "origins:action_on_callback",
        "execute_chosen_when_orb": false,
        "entity_action_added": {
            "type": "origins:delay",
            "action": {
                "type": "origins:revoke_power",
                "power": "*:*",
                "source": "enderian:util"
            },
            "ticks": 1
        }
    }
}