{
	"credit": "Made with Blockbench",
	"textures": {
		"0": "./trophy",
		"2": "./base",
		"3": "./block",
		"particle": "./trophy"
	},
	"elements": [
		{
			"from": [5, 0, 5],
			"to": [11, 2, 11],
			"faces": {
				"north": {"uv": [3, 6.5, 6, 7.5], "texture": "#0"},
				"east": {"uv": [7.5, 2.5, 10.5, 3.5], "texture": "#0"},
				"south": {"uv": [3, 7.5, 6, 8.5], "texture": "#0"},
				"west": {"uv": [7.5, 3.5, 10.5, 4.5], "texture": "#0"},
				"up": {"uv": [3, 3, 0, 0], "texture": "#0"},
				"down": {"uv": [3, 3, 0, 6], "texture": "#0"}
			}
		},
		{
			"from": [6, 2, 6],
			"to": [10, 3, 10],
			"faces": {
				"north": {"uv": [4, 10, 6, 10.5], "texture": "#0"},
				"east": {"uv": [10, 4.5, 12, 5], "texture": "#0"},
				"south": {"uv": [10, 5, 12, 5.5], "texture": "#0"},
				"west": {"uv": [10, 5.5, 12, 6], "texture": "#0"},
				"up": {"uv": [5, 2, 3, 0], "texture": "#0"},
				"down": {"uv": [5, 2, 3, 4], "texture": "#0"}
			}
		},
		{
			"from": [6.5, 4, 6.5],
			"to": [9.5, 5, 9.5],
			"faces": {
				"north": {"uv": [10, 7, 11.5, 7.5], "texture": "#0"},
				"east": {"uv": [10.5, 1, 12, 1.5], "texture": "#0"},
				"south": {"uv": [10.5, 1.5, 12, 2], "texture": "#0"},
				"west": {"uv": [10.5, 2, 12, 2.5], "texture": "#0"},
				"up": {"uv": [6.5, 10, 5, 8.5], "texture": "#0"},
				"down": {"uv": [8, 8.5, 6.5, 10], "texture": "#0"}
			}
		},
		{
			"from": [9, 6.5, 9],
			"to": [10, 8.5, 10],
			"faces": {
				"north": {"uv": [12.5, 9, 13, 10], "texture": "#0"},
				"east": {"uv": [12.5, 10, 13, 11], "texture": "#0"},
				"south": {"uv": [12.5, 11, 13, 12], "texture": "#0"},
				"west": {"uv": [11.5, 12.5, 12, 13.5], "texture": "#0"},
				"up": {"uv": [7.5, 14, 7, 13.5], "texture": "#0"},
				"down": {"uv": [8, 13.5, 7.5, 14], "texture": "#0"}
			}
		},
		{
			"from": [9, 6.5, 6],
			"to": [10, 8.5, 7],
			"faces": {
				"north": {"uv": [12.5, 12, 13, 13], "texture": "#0"},
				"east": {"uv": [0, 13, 0.5, 14], "texture": "#0"},
				"south": {"uv": [13, 0, 13.5, 1], "texture": "#0"},
				"west": {"uv": [0.5, 13, 1, 14], "texture": "#0"},
				"up": {"uv": [14, 8, 13.5, 7.5], "texture": "#0"},
				"down": {"uv": [8.5, 13.5, 8, 14], "texture": "#0"}
			}
		},
		{
			"from": [6, 6.5, 6],
			"to": [7, 8.5, 7],
			"faces": {
				"north": {"uv": [1, 13, 1.5, 14], "texture": "#0"},
				"east": {"uv": [13, 1, 13.5, 2], "texture": "#0"},
				"south": {"uv": [1.5, 13, 2, 14], "texture": "#0"},
				"west": {"uv": [2, 13, 2.5, 14], "texture": "#0"},
				"up": {"uv": [14, 8.5, 13.5, 8], "texture": "#0"},
				"down": {"uv": [14, 8.5, 13.5, 9], "texture": "#0"}
			}
		},
		{
			"from": [6, 6.5, 9],
			"to": [7, 8.5, 10],
			"faces": {
				"north": {"uv": [13, 2, 13.5, 3], "texture": "#0"},
				"east": {"uv": [13, 3, 13.5, 4], "texture": "#0"},
				"south": {"uv": [4, 13, 4.5, 14], "texture": "#0"},
				"west": {"uv": [13, 4, 13.5, 5], "texture": "#0"},
				"up": {"uv": [14, 9.5, 13.5, 9], "texture": "#0"},
				"down": {"uv": [14, 9.5, 13.5, 10], "texture": "#0"}
			}
		},
		{
			"from": [5.5, 9.6194, 10.41342],
			"to": [10.5, 11.6194, 11.41342],
			"rotation": {"angle": 0, "axis": "y", "origin": [0, -0.3806, -0.08658]},
			"faces": {
				"north": {"uv": [7.5, 4.5, 10, 5.5], "texture": "#0"},
				"east": {"uv": [11.5, 11.5, 12, 12.5], "texture": "#0"},
				"south": {"uv": [7.5, 5.5, 10, 6.5], "texture": "#0"},
				"west": {"uv": [0, 12, 0.5, 13], "texture": "#0"},
				"up": {"uv": [10.5, 2.5, 8, 2], "texture": "#0"},
				"down": {"uv": [5, 9.5, 2.5, 10], "texture": "#0"}
			}
		},
		{
			"from": [5.5, 9.6194, 4.58658],
			"to": [10.5, 11.6194, 5.58658],
			"rotation": {"angle": 0, "axis": "y", "origin": [0, -0.3806, -1.91342]},
			"faces": {
				"north": {"uv": [6, 7.5, 8.5, 8.5], "texture": "#0"},
				"east": {"uv": [0.5, 12, 1, 13], "texture": "#0"},
				"south": {"uv": [7.5, 6.5, 10, 7.5], "texture": "#0"},
				"west": {"uv": [1, 12, 1.5, 13], "texture": "#0"},
				"up": {"uv": [12, 8, 9.5, 7.5], "texture": "#0"},
				"down": {"uv": [12, 8, 9.5, 8.5], "texture": "#0"}
			}
		},
		{
			"from": [10.41342, 9.6194, 5.5],
			"to": [11.41342, 11.6194, 10.5],
			"rotation": {"angle": 0, "axis": "y", "origin": [-0.08658, -0.3806, -2]},
			"faces": {
				"north": {"uv": [12, 1, 12.5, 2], "texture": "#0"},
				"east": {"uv": [8, 0, 10.5, 1], "texture": "#0"},
				"south": {"uv": [1.5, 12, 2, 13], "texture": "#0"},
				"west": {"uv": [8, 1, 10.5, 2], "texture": "#0"},
				"up": {"uv": [10, 11, 9.5, 8.5], "texture": "#0"},
				"down": {"uv": [3, 10, 2.5, 12.5], "texture": "#0"}
			}
		},
		{
			"from": [11.41342, 9.6194, 7.5],
			"to": [13.41342, 10.6194, 8.5],
			"rotation": {"angle": 0, "axis": "y", "origin": [-0.08658, -0.3806, -2]},
			"faces": {
				"north": {"uv": [6.5, 13, 7.5, 13.5], "texture": "#0"},
				"east": {"uv": [13.5, 11, 14, 11.5], "texture": "#0"},
				"south": {"uv": [13, 6.5, 14, 7], "texture": "#0"},
				"west": {"uv": [11.5, 13.5, 12, 14], "texture": "#0"},
				"up": {"uv": [14, 7.5, 13, 7], "texture": "#0"},
				"down": {"uv": [8.5, 13, 7.5, 13.5], "texture": "#0"}
			}
		},
		{
			"from": [12.41342, 7.6194, 7.5],
			"to": [13.41342, 9.6194, 8.5],
			"rotation": {"angle": 0, "axis": "y", "origin": [-1.08658, -1.8806, -2]},
			"faces": {
				"north": {"uv": [9.5, 13, 10, 14], "texture": "#0"},
				"east": {"uv": [13, 9.5, 13.5, 10.5], "texture": "#0"},
				"south": {"uv": [10, 13, 10.5, 14], "texture": "#0"},
				"west": {"uv": [10.5, 13, 11, 14], "texture": "#0"},
				"up": {"uv": [14, 13.5, 13.5, 13], "texture": "#0"},
				"down": {"uv": [14, 13.5, 13.5, 14], "texture": "#0"}
			}
		},
		{
			"from": [18.91342, 8.31179, 7.5],
			"to": [19.91342, 10.31179, 8.5],
			"rotation": {"angle": -45, "axis": "z", "origin": [13.41342, 16.81179, 8]},
			"faces": {
				"north": {"uv": [13, 7.5, 13.5, 8.5], "texture": "#0"},
				"east": {"uv": [8.5, 13, 9, 14], "texture": "#0"},
				"south": {"uv": [13, 8.5, 13.5, 9.5], "texture": "#0"},
				"west": {"uv": [9, 13, 9.5, 14], "texture": "#0"},
				"up": {"uv": [14, 12, 13.5, 11.5], "texture": "#0"},
				"down": {"uv": [14, 12, 13.5, 12.5], "texture": "#0"}
			}
		},
		{
			"from": [6.62594, 5.13638, 7.5],
			"to": [9.62594, 6.13638, 8.5],
			"rotation": {"angle": 22.5, "axis": "z", "origin": [8.12594, 11.63638, 8]},
			"faces": {
				"north": {"uv": [11, 3, 12.5, 3.5], "texture": "#0"},
				"east": {"uv": [13.5, 12.5, 14, 13], "texture": "#0"},
				"south": {"uv": [11, 3.5, 12.5, 4], "texture": "#0"},
				"west": {"uv": [13, 13.5, 13.5, 14], "texture": "#0"},
				"up": {"uv": [7, 11.5, 5.5, 11], "texture": "#0"},
				"down": {"uv": [12.5, 6, 11, 6.5], "texture": "#0"}
			}
		},
		{
			"from": [2.58658, 7.6194, 7.5],
			"to": [3.58658, 9.6194, 8.5],
			"rotation": {"angle": 0, "axis": "y", "origin": [17.08658, -1.8806, 18]},
			"faces": {
				"north": {"uv": [12.5, 13, 13, 14], "texture": "#0"},
				"east": {"uv": [13, 12.5, 13.5, 13.5], "texture": "#0"},
				"south": {"uv": [13.5, 0, 14, 1], "texture": "#0"},
				"west": {"uv": [13.5, 1, 14, 2], "texture": "#0"},
				"up": {"uv": [1.5, 14.5, 1, 14], "texture": "#0"},
				"down": {"uv": [14.5, 1, 14, 1.5], "texture": "#0"}
			}
		},
		{
			"from": [-3.91342, 8.31179, 7.5],
			"to": [-2.91342, 10.31179, 8.5],
			"rotation": {"angle": 45, "axis": "z", "origin": [2.58658, 16.81179, 8]},
			"faces": {
				"north": {"uv": [13, 10.5, 13.5, 11.5], "texture": "#0"},
				"east": {"uv": [11, 13, 11.5, 14], "texture": "#0"},
				"south": {"uv": [13, 11.5, 13.5, 12.5], "texture": "#0"},
				"west": {"uv": [12, 13, 12.5, 14], "texture": "#0"},
				"up": {"uv": [1, 14.5, 0.5, 14], "texture": "#0"},
				"down": {"uv": [14.5, 0.5, 14, 1], "texture": "#0"}
			}
		},
		{
			"from": [6.37406, 5.13638, 7.5],
			"to": [9.37406, 6.13638, 8.5],
			"rotation": {"angle": -22.5, "axis": "z", "origin": [7.87406, 11.63638, 8]},
			"faces": {
				"north": {"uv": [11, 6.5, 12.5, 7], "texture": "#0"},
				"east": {"uv": [0, 14, 0.5, 14.5], "texture": "#0"},
				"south": {"uv": [7, 11, 8.5, 11.5], "texture": "#0"},
				"west": {"uv": [14, 0, 14.5, 0.5], "texture": "#0"},
				"up": {"uv": [10, 11.5, 8.5, 11], "texture": "#0"},
				"down": {"uv": [12.5, 8.5, 11, 9], "texture": "#0"}
			}
		},
		{
			"from": [4.58658, 9.6194, 5.5],
			"to": [5.58658, 11.6194, 10.5],
			"rotation": {"angle": 0, "axis": "y", "origin": [2.08658, -0.3806, -2]},
			"faces": {
				"north": {"uv": [2, 12, 2.5, 13], "texture": "#0"},
				"east": {"uv": [0, 8.5, 2.5, 9.5], "texture": "#0"},
				"south": {"uv": [4, 12, 4.5, 13], "texture": "#0"},
				"west": {"uv": [2.5, 8.5, 5, 9.5], "texture": "#0"},
				"up": {"uv": [3.5, 12.5, 3, 10], "texture": "#0"},
				"down": {"uv": [4, 10, 3.5, 12.5], "texture": "#0"}
			}
		},
		{
			"from": [2.58658, 9.6194, 7.5],
			"to": [4.58658, 10.6194, 8.5],
			"rotation": {"angle": 0, "axis": "y", "origin": [2.08658, -0.3806, -2]},
			"faces": {
				"north": {"uv": [13, 5, 14, 5.5], "texture": "#0"},
				"east": {"uv": [13.5, 10, 14, 10.5], "texture": "#0"},
				"south": {"uv": [5.5, 13, 6.5, 13.5], "texture": "#0"},
				"west": {"uv": [13.5, 10.5, 14, 11], "texture": "#0"},
				"up": {"uv": [14, 6, 13, 5.5], "texture": "#0"},
				"down": {"uv": [14, 6, 13, 6.5], "texture": "#0"}
			}
		},
		{
			"from": [6.5, 5, 6.5],
			"to": [7.5, 10, 9.5],
			"rotation": {"angle": 22.5, "axis": "z", "origin": [6.5, 5, 8]},
			"faces": {
				"north": {"uv": [8.5, 7.5, 9, 10], "texture": "#0"},
				"east": {"uv": [3, 4, 4.5, 6.5], "texture": "#0"},
				"south": {"uv": [8, 8.5, 8.5, 11], "texture": "#0"},
				"west": {"uv": [4.5, 4, 6, 6.5], "texture": "#0"},
				"up": {"uv": [11, 4, 10.5, 2.5], "texture": "#0"},
				"down": {"uv": [4.5, 10.5, 4, 12], "texture": "#0"}
			}
		},
		{
			"from": [6.5, 8, 5.5],
			"to": [7.5, 10, 6.5],
			"rotation": {"angle": 22.5, "axis": "z", "origin": [6.5, 5, 8]},
			"faces": {
				"north": {"uv": [8, 12, 8.5, 13], "texture": "#0"},
				"east": {"uv": [8.5, 12, 9, 13], "texture": "#0"},
				"south": {"uv": [9, 12, 9.5, 13], "texture": "#0"},
				"west": {"uv": [12, 9, 12.5, 10], "texture": "#0"},
				"up": {"uv": [14, 3, 13.5, 2.5], "texture": "#0"},
				"down": {"uv": [3.5, 13.5, 3, 14], "texture": "#0"}
			}
		},
		{
			"from": [6.5, 8, 9.5],
			"to": [7.5, 10, 10.5],
			"rotation": {"angle": 22.5, "axis": "z", "origin": [6.5, 5, 8]},
			"faces": {
				"north": {"uv": [9.5, 12, 10, 13], "texture": "#0"},
				"east": {"uv": [10, 12, 10.5, 13], "texture": "#0"},
				"south": {"uv": [10.5, 12, 11, 13], "texture": "#0"},
				"west": {"uv": [11, 12, 11.5, 13], "texture": "#0"},
				"up": {"uv": [14, 3.5, 13.5, 3], "texture": "#0"},
				"down": {"uv": [4, 13.5, 3.5, 14], "texture": "#0"}
			}
		},
		{
			"from": [8.5, 5, 6.5],
			"to": [9.5, 10, 9.5],
			"rotation": {"angle": -22.5, "axis": "z", "origin": [9.5, 5, 8]},
			"faces": {
				"north": {"uv": [1.5, 9.5, 2, 12], "texture": "#0"},
				"east": {"uv": [6, 5, 7.5, 7.5], "texture": "#0"},
				"south": {"uv": [2, 9.5, 2.5, 12], "texture": "#0"},
				"west": {"uv": [6.5, 0, 8, 2.5], "texture": "#0"},
				"up": {"uv": [5, 12.5, 4.5, 11], "texture": "#0"},
				"down": {"uv": [5.5, 11, 5, 12.5], "texture": "#0"}
			}
		},
		{
			"from": [8.5, 8, 9.5],
			"to": [9.5, 10, 10.5],
			"rotation": {"angle": -22.5, "axis": "z", "origin": [9.5, 5, 8]},
			"faces": {
				"north": {"uv": [3.5, 12.5, 4, 13.5], "texture": "#0"},
				"east": {"uv": [12.5, 4, 13, 5], "texture": "#0"},
				"south": {"uv": [4.5, 12.5, 5, 13.5], "texture": "#0"},
				"west": {"uv": [5, 12.5, 5.5, 13.5], "texture": "#0"},
				"up": {"uv": [5.5, 14, 5, 13.5], "texture": "#0"},
				"down": {"uv": [6, 13.5, 5.5, 14], "texture": "#0"}
			}
		},
		{
			"from": [8.5, 8, 5.5],
			"to": [9.5, 10, 6.5],
			"rotation": {"angle": -22.5, "axis": "z", "origin": [9.5, 5, 8]},
			"faces": {
				"north": {"uv": [12.5, 5, 13, 6], "texture": "#0"},
				"east": {"uv": [12.5, 6, 13, 7], "texture": "#0"},
				"south": {"uv": [12.5, 7, 13, 8], "texture": "#0"},
				"west": {"uv": [12.5, 8, 13, 9], "texture": "#0"},
				"up": {"uv": [6.5, 14, 6, 13.5], "texture": "#0"},
				"down": {"uv": [7, 13.5, 6.5, 14], "texture": "#0"}
			}
		},
		{
			"from": [6.5, 5, 6.5],
			"to": [9.5, 10, 7.5],
			"rotation": {"angle": -22.5, "axis": "x", "origin": [8, 5, 6.5]},
			"faces": {
				"north": {"uv": [5, 0, 6.5, 2.5], "texture": "#0"},
				"east": {"uv": [9, 7.5, 9.5, 10], "texture": "#0"},
				"south": {"uv": [0, 6, 1.5, 8.5], "texture": "#0"},
				"west": {"uv": [0, 9.5, 0.5, 12], "texture": "#0"},
				"up": {"uv": [12, 4.5, 10.5, 4], "texture": "#0"},
				"down": {"uv": [6, 10.5, 4.5, 11], "texture": "#0"}
			}
		},
		{
			"from": [9.5, 8, 6.5],
			"to": [10.5, 10, 7.5],
			"rotation": {"angle": -22.5, "axis": "x", "origin": [8, 5, 6.5]},
			"faces": {
				"north": {"uv": [12, 4, 12.5, 5], "texture": "#0"},
				"east": {"uv": [12, 5, 12.5, 6], "texture": "#0"},
				"south": {"uv": [5.5, 12, 6, 13], "texture": "#0"},
				"west": {"uv": [6, 12, 6.5, 13], "texture": "#0"},
				"up": {"uv": [12.5, 2.5, 12, 2], "texture": "#0"},
				"down": {"uv": [12.5, 10, 12, 10.5], "texture": "#0"}
			}
		},
		{
			"from": [5.5, 8, 6.5],
			"to": [6.5, 10, 7.5],
			"rotation": {"angle": -22.5, "axis": "x", "origin": [8, 5, 6.5]},
			"faces": {
				"north": {"uv": [6.5, 12, 7, 13], "texture": "#0"},
				"east": {"uv": [7, 12, 7.5, 13], "texture": "#0"},
				"south": {"uv": [7.5, 12, 8, 13], "texture": "#0"},
				"west": {"uv": [12, 7.5, 12.5, 8.5], "texture": "#0"},
				"up": {"uv": [14, 2.5, 13.5, 2], "texture": "#0"},
				"down": {"uv": [3, 13.5, 2.5, 14], "texture": "#0"}
			}
		},
		{
			"from": [6.5, 5, 8.5],
			"to": [9.5, 10, 9.5],
			"rotation": {"angle": 22.5, "axis": "x", "origin": [8, 5, 9.5]},
			"faces": {
				"north": {"uv": [1.5, 6, 3, 8.5], "texture": "#0"},
				"east": {"uv": [0.5, 9.5, 1, 12], "texture": "#0"},
				"south": {"uv": [6, 2.5, 7.5, 5], "texture": "#0"},
				"west": {"uv": [1, 9.5, 1.5, 12], "texture": "#0"},
				"up": {"uv": [11.5, 11, 10, 10.5], "texture": "#0"},
				"down": {"uv": [12.5, 2.5, 11, 3], "texture": "#0"}
			}
		},
		{
			"from": [5.5, 8, 8.5],
			"to": [6.5, 10, 9.5],
			"rotation": {"angle": 22.5, "axis": "x", "origin": [8, 5, 9.5]},
			"faces": {
				"north": {"uv": [12, 11, 12.5, 12], "texture": "#0"},
				"east": {"uv": [12, 12, 12.5, 13], "texture": "#0"},
				"south": {"uv": [12.5, 0, 13, 1], "texture": "#0"},
				"west": {"uv": [12.5, 1, 13, 2], "texture": "#0"},
				"up": {"uv": [14, 4, 13.5, 3.5], "texture": "#0"},
				"down": {"uv": [14, 4, 13.5, 4.5], "texture": "#0"}
			}
		},
		{
			"from": [9.5, 8, 8.5],
			"to": [10.5, 10, 9.5],
			"rotation": {"angle": 22.5, "axis": "x", "origin": [8, 5, 9.5]},
			"faces": {
				"north": {"uv": [12.5, 2, 13, 3], "texture": "#0"},
				"east": {"uv": [2.5, 12.5, 3, 13.5], "texture": "#0"},
				"south": {"uv": [3, 12.5, 3.5, 13.5], "texture": "#0"},
				"west": {"uv": [12.5, 3, 13, 4], "texture": "#0"},
				"up": {"uv": [5, 14, 4.5, 13.5], "texture": "#0"},
				"down": {"uv": [14, 4.5, 13.5, 5], "texture": "#0"}
			}
		},
		{
			"from": [7, 3.56066, 8.23223],
			"to": [9, 4.56066, 10.23223],
			"rotation": {"angle": 45, "axis": "x", "origin": [8, 4.06066, 8.23223]},
			"faces": {
				"north": {"uv": [5, 3.5, 6, 4], "texture": "#0"},
				"east": {"uv": [11, 9, 12, 9.5], "texture": "#0"},
				"south": {"uv": [11, 9.5, 12, 10], "texture": "#0"},
				"west": {"uv": [10, 11, 11, 11.5], "texture": "#0"},
				"up": {"uv": [6, 3.5, 5, 2.5], "texture": "#0"},
				"down": {"uv": [7, 10, 6, 11], "texture": "#0"}
			}
		},
		{
			"from": [7, 0.73223, 6.93934],
			"to": [9, 1.73223, 8.93934],
			"rotation": {"angle": -45, "axis": "x", "origin": [7, 1.23223, 4.93934]},
			"faces": {
				"north": {"uv": [5.5, 11.5, 6.5, 12], "texture": "#0"},
				"east": {"uv": [6.5, 11.5, 7.5, 12], "texture": "#0"},
				"south": {"uv": [11.5, 7, 12.5, 7.5], "texture": "#0"},
				"west": {"uv": [7.5, 11.5, 8.5, 12], "texture": "#0"},
				"up": {"uv": [9.5, 11, 8.5, 10], "texture": "#0"},
				"down": {"uv": [11, 8.5, 10, 9.5], "texture": "#0"}
			}
		},
		{
			"from": [5.64645, 1.31802, 7],
			"to": [7.64645, 2.31802, 9],
			"rotation": {"angle": -45, "axis": "z", "origin": [9.64645, -0.18198, 6]},
			"faces": {
				"north": {"uv": [8.5, 11.5, 9.5, 12], "texture": "#0"},
				"east": {"uv": [9.5, 11.5, 10.5, 12], "texture": "#0"},
				"south": {"uv": [10.5, 11.5, 11.5, 12], "texture": "#0"},
				"west": {"uv": [11.5, 10.5, 12.5, 11], "texture": "#0"},
				"up": {"uv": [11, 10.5, 10, 9.5], "texture": "#0"},
				"down": {"uv": [11.5, 0, 10.5, 1], "texture": "#0"}
			}
		},
		{
			"from": [7.23223, 0.02513, 7],
			"to": [9.23223, 1.02513, 9],
			"rotation": {"angle": 45, "axis": "z", "origin": [4.23223, 0.52513, 8]},
			"faces": {
				"north": {"uv": [11, 10, 12, 10.5], "texture": "#0"},
				"east": {"uv": [11, 11, 12, 11.5], "texture": "#0"},
				"south": {"uv": [11.5, 0, 12.5, 0.5], "texture": "#0"},
				"west": {"uv": [11.5, 0.5, 12.5, 1], "texture": "#0"},
				"up": {"uv": [11, 7, 10, 6], "texture": "#0"},
				"down": {"uv": [8, 10, 7, 11], "texture": "#0"}
			}
		},
		{
			"from": [5.5, 10, 5.5],
			"to": [10.5, 11, 10.5],
			"rotation": {"angle": 0, "axis": "y", "origin": [0, -3, -1]},
			"faces": {
				"north": {"uv": [2.5, 0, 5, 0.5], "texture": "#2"},
				"east": {"uv": [2.5, 0.5, 5, 1], "texture": "#2"},
				"south": {"uv": [2.5, 1, 5, 1.5], "texture": "#2"},
				"west": {"uv": [2.5, 1.5, 5, 2], "texture": "#2"},
				"up": {"uv": [2.5, 2.5, 0, 0], "texture": "#2"},
				"down": {"uv": [2.5, 2.5, 0, 5], "texture": "#2"}
			}
		},
		{
			"from": [9, 11, 7.5],
			"to": [10, 15, 8.5],
			"rotation": {"angle": 0, "axis": "x", "origin": [8, 11.5, 8]},
			"faces": {
				"north": {"uv": [4, 4, 3, 8], "rotation": 180, "texture": "#3"},
				"east": {"uv": [2, 2, 6, 3], "rotation": 270, "texture": "#3"},
				"south": {"uv": [3, 8, 2, 4], "texture": "#3"},
				"west": {"uv": [2, 3, 6, 4], "rotation": 90, "texture": "#3"},
				"up": {"uv": [6, 5, 7, 6], "rotation": 180, "texture": "#3"},
				"down": {"uv": [6, 6, 7, 7], "texture": "#3"}
			}
		},
		{
			"from": [7, 11.5, 7.5],
			"to": [9, 12.5, 8.5],
			"rotation": {"angle": 0, "axis": "x", "origin": [8, 11.5, 8]},
			"faces": {
				"north": {"uv": [8, 2, 6, 3], "rotation": 180, "texture": "#3"},
				"east": {"uv": [0, 7, 1, 8], "rotation": 270, "texture": "#3"},
				"south": {"uv": [8, 2, 6, 1], "texture": "#3"},
				"west": {"uv": [1, 7, 2, 8], "rotation": 90, "texture": "#3"},
				"up": {"uv": [0, 6, 2, 7], "rotation": 180, "texture": "#3"},
				"down": {"uv": [6, 0, 8, 1], "texture": "#3"}
			}
		},
		{
			"from": [7, 13.5, 7.5],
			"to": [9, 14.5, 8.5],
			"rotation": {"angle": 0, "axis": "x", "origin": [8, 11.5, 8]},
			"faces": {
				"north": {"uv": [6, 5, 4, 6], "rotation": 180, "texture": "#3"},
				"east": {"uv": [6, 4, 7, 5], "rotation": 270, "texture": "#3"},
				"south": {"uv": [6, 5, 4, 4], "texture": "#3"},
				"west": {"uv": [5, 6, 6, 7], "rotation": 90, "texture": "#3"},
				"up": {"uv": [4, 0, 6, 1], "rotation": 180, "texture": "#3"},
				"down": {"uv": [4, 1, 6, 2], "texture": "#3"}
			}
		},
		{
			"from": [6, 11, 7.5],
			"to": [7, 15, 8.5],
			"rotation": {"angle": 0, "axis": "x", "origin": [8, 11.5, 8]},
			"faces": {
				"north": {"uv": [2, 2, 1, 6], "rotation": 180, "texture": "#3"},
				"east": {"uv": [0, 0, 4, 1], "rotation": 270, "texture": "#3"},
				"south": {"uv": [1, 6, 0, 2], "texture": "#3"},
				"west": {"uv": [0, 1, 4, 2], "rotation": 90, "texture": "#3"},
				"up": {"uv": [6, 3, 7, 4], "rotation": 180, "texture": "#3"},
				"down": {"uv": [4, 6, 5, 7], "texture": "#3"}
			}
		}
	],
	"display": {
		"thirdperson_righthand": {
			"rotation": [75, 45, 0],
			"translation": [0, 1.5, 2.75],
			"scale": [0.5, 0.5, 0.5]
		},
		"thirdperson_lefthand": {
			"rotation": [75, 45, 0],
			"translation": [0, 1.5, 2.75],
			"scale": [0.5, 0.5, 0.5]
		},
		"firstperson_righthand": {
			"rotation": [0, 45, 0],
			"translation": [0, 4, 0],
			"scale": [0.5, 0.5, 0.5]
		},
		"firstperson_lefthand": {
			"rotation": [0, 225, 0],
			"translation": [0, 4, 0],
			"scale": [0.5, 0.5, 0.5]
		},
		"ground": {
			"translation": [0, 2, 0],
			"scale": [0.5, 0.5, 0.5]
		},
		"gui": {
			"rotation": [30, 225, 0],
			"translation": [0, 1.5, 0],
			"scale": [0.75, 0.75, 0.75]
		},
		"head": {
			"translation": [0, 14.4, 0]
		},
		"fixed": {
			"rotation": [-90, 0, 0],
			"translation": [0, 0, -8]
		}
	}
}