{
    "variants": {
        "delay=1,facing=south,powered=false": { "model": "block/off_1" },
        "delay=1,facing=west,powered=false": { "model": "block/off_1", "y": 90 },
        "delay=1,facing=north,powered=false": { "model": "block/off_1", "y": 180 },
        "delay=1,facing=east,powered=false": { "model": "block/off_1", "y": 270 },
        "delay=2,facing=south,powered=false": { "model": "block/off_2" },
        "delay=2,facing=west,powered=false": { "model": "block/off_2", "y": 90 },
        "delay=2,facing=north,powered=false": { "model": "block/off_2", "y": 180 },
        "delay=2,facing=east,powered=false": { "model": "block/off_2", "y": 270 },
        "delay=3,facing=south,powered=false": { "model": "block/off_3" },
        "delay=3,facing=west,powered=false": { "model": "block/off_3", "y": 90 },
        "delay=3,facing=north,powered=false": { "model": "block/off_3", "y": 180 },
        "delay=3,facing=east,powered=false": { "model": "block/off_3", "y": 270 },
        "delay=4,facing=south,powered=false": { "model": "block/off_4" },
        "delay=4,facing=west,powered=false": { "model": "block/off_4", "y": 90 },
        "delay=4,facing=north,powered=false": { "model": "block/off_4", "y": 180 },
        "delay=4,facing=east,powered=false": { "model": "block/off_4", "y": 270 },
        "delay=1,facing=south,powered=true": { "model": "block/on_1" },
        "delay=1,facing=west,powered=true": { "model": "block/on_1", "y": 90 },
        "delay=1,facing=north,powered=true": { "model": "block/on_1", "y": 180 },
        "delay=1,facing=east,powered=true": { "model": "block/on_1", "y": 270 },
        "delay=2,facing=south,powered=true": { "model": "block/on_2" },
        "delay=2,facing=west,powered=true": { "model": "block/on_2", "y": 90 },
        "delay=2,facing=north,powered=true": { "model": "block/on_2", "y": 180 },
        "delay=2,facing=east,powered=true": { "model": "block/on_2", "y": 270 },
        "delay=3,facing=south,powered=true": { "model": "block/on_3" },
        "delay=3,facing=west,powered=true": { "model": "block/on_3", "y": 90 },
        "delay=3,facing=north,powered=true": { "model": "block/on_3", "y": 180 },
        "delay=3,facing=east,powered=true": { "model": "block/on_3", "y": 270 },
        "delay=4,facing=south,powered=true": { "model": "block/on_4" },
        "delay=4,facing=west,powered=true": { "model": "block/on_4", "y": 90 },
        "delay=4,facing=north,powered=true": { "model": "block/on_4", "y": 180 },
        "delay=4,facing=east,powered=true": { "model": "block/on_4", "y": 270 }
    }
}
