{
  "variants": {
    "pickles=1": [
      {
        "model": "minecraft:block/one_sea_pickle"
      },
      {
        "model": "minecraft:block/one_sea_pickle",
        "y": 90
      }
    ],
    "pickles=2": [
      {
        "model": "minecraft:block/two_sea_pickles"
      },
      {
        "model": "minecraft:block/two_sea_pickles",
        "y": 90
      }
    ],
    "pickles=3": [
      {
        "model": "minecraft:block/three_sea_pickles"
      },
      {
        "model": "minecraft:block/three_sea_pickles",
        "y": 90
      }
    ],
    "pickles=4": [
      {
        "model": "minecraft:block/four_sea_pickles"
      },
      {
        "model": "minecraft:block/four_sea_pickles",
        "y": 90
      }
    ]
  }
}