{
  "variants": {
    "eggs=1": [
      {
        "model": "minecraft:block/one_turtle_egg"
      },
      {
        "model": "minecraft:block/one_turtle_egg",
        "y": 90
      }
    ],
    "eggs=2": [
      {
        "model": "minecraft:block/two_turtle_eggs"
      },
      {
        "model": "minecraft:block/two_turtle_eggs",
        "y": 90
      }
    ],
    "eggs=3": [
      {
        "model": "minecraft:block/three_turtle_eggs"
      },
      {
        "model": "minecraft:block/three_turtle_eggs",
        "y": 90
      }
    ],
    "eggs=4": [
      {
        "model": "minecraft:block/four_turtle_eggs"
      },
      {
        "model": "minecraft:block/four_turtle_eggs",
        "y": 90
      }
    ]
  }
}