{
	"credit": "Made with Blockbench",
	"parent": "block/block",
	"textures": {
		"particle": "block/anvil",
		"body": "block/anvil"
	},
	"elements": [
		{
			"from": [4, 0, 2],
			"to": [12, 4, 14],
			"faces": {
				"north": {"uv": [4, 12, 12, 16], "texture": "#body"},
				"east": {"uv": [4, 12, 16, 16], "texture": "#body"},
				"south": {"uv": [4, 12, 12, 16], "texture": "#body"},
				"west": {"uv": [0, 12, 12, 16], "texture": "#body"},
				"up": {"uv": [4, 4, 12, 16], "texture": "#body"},
				"down": {"uv": [4, 4, 12, 16], "texture": "#body"}
			}
		},
		{
			"from": [6, 4, 4],
			"to": [10, 8, 12],
			"faces": {
				"north": {"uv": [0, 8, 4, 12], "texture": "#body"},
				"east": {"uv": [4, 8, 12, 12], "texture": "#body"},
				"south": {"uv": [12, 8, 16, 12], "texture": "#body"},
				"west": {"uv": [4, 8, 12, 12], "texture": "#body"}
			}
		},
		{
			"from": [4, 8, 0],
			"to": [12, 16, 16],
			"faces": {
				"north": {"uv": [8, 0, 16, 8], "texture": "#body"},
				"east": {"uv": [0, 0, 16, 8], "texture": "#body"},
				"south": {"uv": [8, 0, 16, 8], "texture": "#body"},
				"west": {"uv": [0, 0, 16, 8], "texture": "#body"},
				"up": {"uv": [4, 0, 12, 16], "rotation": 180, "texture": "#body"},
				"down": {"uv": [4, 0, 12, 16], "rotation": 180, "texture": "#body"}
			}
		}
	],
	"display": {
		"thirdperson_righthand": {
			"rotation": [75, 45, 0],
			"translation": [0, 2.5, 0],
			"scale": [0.375, 0.375, 0.375]
		},
		"firstperson_righthand": {
			"rotation": [0, 45, 0],
			"scale": [0.4, 0.4, 0.4]
		},
		"firstperson_lefthand": {
			"rotation": [0, 225, 0],
			"scale": [0.4, 0.4, 0.4]
		},
		"ground": {
			"rotation": [15, 0, 0],
			"translation": [0, 4, 0],
			"scale": [0.6, 0.6, 0.6]
		},
		"gui": {
			"rotation": [0, 70, 0],
			"translation": [1, 2, 0],
			"scale": [0.8, 0.8, 0.8]
		},
		"fixed": {
			"scale": [0.5, 0.5, 0.5]
		}
	},
	"groups": [
		{
			"name": "wall_inventory",
			"origin": [8, 8, 8],
			"children": []
		},
		{
			"name": "anvil",
			"origin": [8, 8, 8],
			"children": [0, 1, 2]
		}
	]
}