{
    "textures": {
        "all": "block/bamboo_stalk",
        "particle": "block/bamboo_stalk"
    },
    "elements": [
        {   "from": [ 6, 0, 6 ],
            "to": [ 10, 16, 10 ],
            "faces": {
                "down":  { "uv": [ 4, 0, 8, 4 ], "texture": "#all", "cullface": "down" },
                "up":    { "uv": [ 4, 0, 8, 4], "texture": "#all", "cullface": "up" },
                "north": { "uv": [ 0, 0, 4, 16 ], "texture": "#all" },
                "south": { "uv": [ 0, 0, 4, 16 ], "texture": "#all" },
                "west":  { "uv": [  0, 0, 4, 16 ], "texture": "#all" },
                "east":  { "uv": [  0, 0, 4, 16 ], "texture": "#all" }
            }
        }
    ]
}
