{   "parent": "block/block",
    "ambientocclusion": false,
    "textures": {
        "particle": "block/glass",
        "glass": "block/glass",
        "obsidian": "block/obsidian",
        "beacon": "block/beacon"
    },
    "elements": [
        {   "__comment": "Glass shell",
            "from": [ 0, 0, 0 ],
            "to": [ 16, 16, 16 ],
            "faces": {
                "down":  { "uv": [ 0, 0, 16, 16 ], "texture": "#glass", "cullface": "down"  },
                "up":    { "uv": [ 0, 0, 16, 16 ], "texture": "#glass", "cullface": "up"  },
                "north": { "uv": [ 0, 0, 16, 16 ], "texture": "#glass", "cullface": "north"  },
                "south": { "uv": [ 0, 0, 16, 16 ], "texture": "#glass", "cullface": "south"  },
                "west":  { "uv": [ 0, 0, 16, 16 ], "texture": "#glass", "cullface": "west"  },
                "east":  { "uv": [ 0, 0, 16, 16 ], "texture": "#glass", "cullface": "east"  }
            }
        },
        {   "__comment": "Inner beacon texture",
            "from": [ 3, 3, 3 ],
            "to": [ 13, 14, 13 ],
            "faces": {
                "up":    { "uv": [ 4, 4, 14, 14 ], "texture": "#beacon" },
                "north": { "uv": [ 4, 4, 14, 14 ], "texture": "#beacon" },
                "south": { "uv": [ 4, 4, 14, 14 ], "texture": "#beacon" },
                "west":  { "uv": [ 4, 4, 14, 14 ], "texture": "#beacon" },
                "east":  { "uv": [ 4, 4, 14, 14 ], "texture": "#beacon" }
            }
        }
    ]
}
