{
	"credit": "Made with Blockbench",
	"parent": "block/block",
	"textures": {
		"particle": "block/brewing_stand",
		"stand": "block/brewing_stand",
		"base": "block/brewing_stand_base"
	},
	"elements": [
		{
			"from": [6, 4, 6],
			"to": [10, 16, 10],
			"faces": {
				"north": {"uv": [4, 0, 8, 12], "texture": "#stand"},
				"east": {"uv": [4, 0, 8, 12], "texture": "#stand"},
				"south": {"uv": [4, 0, 8, 12], "texture": "#stand"},
				"west": {"uv": [4, 0, 8, 12], "texture": "#stand"},
				"up": {"uv": [4, 0, 8, 4], "texture": "#stand"}
			}
		},
		{
			"from": [0, 0, 0],
			"to": [16, 4, 16],
			"faces": {
				"north": {"uv": [0, 12, 16, 16], "texture": "#base"},
				"east": {"uv": [0, 12, 16, 16], "texture": "#base"},
				"south": {"uv": [0, 12, 16, 16], "texture": "#base"},
				"west": {"uv": [0, 12, 16, 16], "texture": "#base"},
				"up": {"uv": [0, 0, 16, 16], "texture": "#base"},
				"down": {"uv": [0, 0, 16, 16], "texture": "#base"}
			}
		}
	]
}