{   "parent": "block/block",
    "textures": {
        "particle": "#texture"
    },
    "elements": [
        {   "from": [ 6, 6, 6 ],
            "to": [ 10, 10, 10 ],
            "faces": {
                "down":  { "uv": [ 0,  0, 4, 4 ], "texture": "#texture" },
                "up":    { "uv": [ 0,  0, 4, 4 ], "texture": "#texture" },
                "north": { "uv": [ 0,  0, 4, 4 ], "texture": "#texture" },
                "south": { "uv": [ 0,  0, 4, 4 ], "texture": "#texture" },
                "west":  { "uv": [ 0,  0, 4, 4 ], "texture": "#texture" },
                "east":  { "uv": [ 0,  0, 4, 4 ], "texture": "#texture" }
            }
        }
    ]
}
