{
	"credit": "Made with Blockbench",
	"parent": "block/block",
	"ambientocclusion": false,
	"textures": {
		"2": "block/cactus_top",
		"particle": "block/cactus_side",
		"bamboo": "block/cactus_side"
	},
	"elements": [
		{
			"from": [2, 0, 2],
			"to": [14, 16, 14],
			"faces": {
				"north": {"uv": [0, 0, 12, 16], "texture": "#bamboo"},
				"east": {"uv": [0, 0, 12, 16], "texture": "#bamboo"},
				"south": {"uv": [0, 0, 12, 16], "texture": "#bamboo"},
				"west": {"uv": [0, 0, 12, 16], "texture": "#bamboo"},
				"up": {"uv": [0, 0, 12, 12], "texture": "#2", "cullface": "up"}
			}
		}
	],
	"groups": [
		{
			"name": "potted_bamboo",
			"origin": [8, 8, 8],
			"children": []
		},
		{
			"name": "flower_pot_cross",
			"origin": [8, 8, 8],
			"children": []
		},
		{
			"name": "potted_fern",
			"origin": [8, 8, 8],
			"children": []
		},
		{
			"name": "potted_bamboo",
			"origin": [8, 8, 8],
			"children": [
				{
					"name": "potted_bamboo",
					"origin": [8, 8, 8],
					"children": []
				}
			]
		},
		{
			"name": "cactus",
			"origin": [8, 8, 8],
			"children": [0]
		}
	]
}