{
  "parent": "minecraft:block/cube",
  "textures": {
    "particle": "minecraft:block/cartography_table_side3",
    "north": "minecraft:block/cartography_table_side3",
    "south": "minecraft:block/cartography_table_side1",
    "east": "minecraft:block/cartography_table_side3",
    "west": "minecraft:block/cartography_table_side2",
    "up": "minecraft:block/cartography_table_top",
    "down": "minecraft:block/dark_oak_planks"
  },
    "display": {
        "gui": {
            "rotation": [ 0, 70, 0 ],
            "translation": [ 1, 2, 0],
            "scale":[ 0.8, 0.8, 0.8 ]
        }
	}
}