{"ambientocclusion": false,
    "textures": {
        "particle": "minecraft:block/cauldron_side",
        "side": "minecraft:block/cauldron_side",
        "top": "minecraft:block/cauldron_top",
        "water_still": "minecraft:block/water_still",
        "inside": "minecraft:block/cauldron_inner"
    },
    "elements": [
        {
            "from": [ 0, 10, 0 ], 
            "to": [ 16, 16, 2 ], 
            "faces": {
                "north": { "texture": "#side", "uv": [ 0, 0, 16, 6 ], "cullface": "north" },
                "east": { "texture": "#side", "uv": [ 0, 0, 2, 6 ], "cullface": "east" },
                "south": { "texture": "#side", "uv": [ 0, 0, 16, 6 ], "cullface": "up"  },
                "west": { "texture": "#side", "uv": [ 14, 0, 16, 6 ], "cullface": "west" },
                "up": { "texture": "#top", "uv": [ 0, 0, 16, 2 ], "cullface": "up" }
            }
        },
        {
            "from": [ 0, 0, 0 ], 
            "to": [ 16, 10, 16 ], 
            "faces": {
                "north": { "texture": "#side", "uv": [ 0, 6, 16, 16 ], "cullface": "north" },
                "east": { "texture": "#side", "uv": [ 0, 6, 16, 16 ], "cullface": "east" },
                "south": { "texture": "#side", "uv": [ 0, 6, 16, 16 ], "cullface": "south" },
                "west": { "texture": "#side", "uv": [ 0, 6, 16, 16 ], "cullface": "west" },
                "up": { "texture": "#water_still", "uv": [ 0, 0, 16, 16 ], "tintindex": 0, "cullface": "up" },
                "down": { "texture": "#inside", "uv": [ 0, 0, 16, 16 ], "cullface": "down" }
            }
        },
        {
            "from": [ 0, 10, 14 ], 
            "to": [ 16, 16, 16 ], 
            "faces": {
                "north": { "texture": "#side", "uv": [ 0, 0, 16, 6 ], "cullface": "up"  },
                "east": { "texture": "#side", "uv": [ 0, 0, 2, 6 ], "cullface": "east" },
                "south": { "texture": "#side", "uv": [ 0, 0, 16, 6 ], "cullface": "south" },
                "west": { "texture": "#side", "uv": [ 14, 0, 16, 6 ], "cullface": "west" },
                "up": { "texture": "#top", "uv": [ 0, 14, 16, 16 ], "cullface": "up" }
            }
        },
        {
            "from": [ 0, 10, 2 ], 
            "to": [ 2, 16, 14 ], 
            "faces": {
                "east": { "texture": "#side", "uv": [ 2, 0, 14, 6 ], "cullface": "up"  },
                "west": { "texture": "#side", "uv": [ 2, 0, 14, 6 ], "cullface": "west" },
                "up": { "texture": "#top", "uv": [ 0, 2, 2, 14 ], "cullface": "up" }
            }
        },
        {
            "from": [ 14, 10, 2 ], 
            "to": [ 16, 16, 14 ], 
            "faces": {
                "east": { "texture": "#side", "uv": [ 2, 0, 14, 6 ], "cullface": "east" },
                "west": { "texture": "#side", "uv": [ 2, 0, 14, 6 ], "cullface": "up"  },
                "up": { "texture": "#top", "uv": [ 14, 2, 16, 14 ], "cullface": "up" }
            }
        }
    ]
}