{
    "ambientocclusion": false,
    "textures": {
        "particle": "block/cocoa_stage2",
        "cocoa": "block/cocoa_stage2"
    },
    "elements": [
        {   "from": [ 4, 4, 8 ],
            "to": [ 12, 12, 16 ],
            "faces": {
                "down":  { "uv": [  0, 0,  16, 16 ], "texture": "#cocoa" },
                "up":    { "uv": [  0, 0,  16, 16 ], "texture": "#cocoa" },
                "north": { "uv": [  0, 0,  16, 16 ], "texture": "#cocoa" },
                "west":  { "uv": [  0, 0,  16, 16 ], "texture": "#cocoa" },
                "east":  { "uv": [  0, 0,  16, 16 ], "texture": "#cocoa" }
            }
        }
    ]
}