{
    "ambientocclusion": false,
    "textures": {
        "particle": "block/cocoa_stage0",
        "cocoa": "block/cocoa_stage0"
    },
    "elements": [
        {   "from": [ 6, 8, 12 ],
            "to": [ 10, 12, 16 ],
            "faces": {
                "down":  { "uv": [  0, 0,  16, 16 ], "texture": "#cocoa" },
                "up":    { "uv": [  0, 0,  16, 16 ], "texture": "#cocoa" },
                "north": { "uv": [  0, 0,  16, 16 ], "texture": "#cocoa" },
                "west":  { "uv": [  0, 0,  16, 16 ], "texture": "#cocoa" },
                "east":  { "uv": [  0, 0,  16, 16 ], "texture": "#cocoa" }
            }
        }
    ]
}
