{
	"credit": "Made with Blockbench",
	"parent": "block/block",
	"textures": {
		"particle": "#texture"
	},
	"elements": [
		{
			"name": "Left post",
			"from": [6, 0, 0],
			"to": [10, 16, 4],
			"faces": {
				"north": {"uv": [6, 0, 10, 16], "texture": "#texture"},
				"east": {"uv": [0, 0, 4, 16], "texture": "#texture"},
				"south": {"uv": [6, 0, 10, 16], "texture": "#texture"},
				"west": {"uv": [0, 0, 4, 16], "texture": "#texture"},
				"up": {"uv": [6, 0, 10, 4], "texture": "#texture"},
				"down": {"uv": [6, 12, 10, 16], "texture": "#texture", "cullface": "down"}
			}
		},
		{
			"name": "Right post",
			"from": [6, 0, 12],
			"to": [10, 16, 16],
			"faces": {
				"north": {"uv": [6, 0, 10, 16], "texture": "#texture"},
				"east": {"uv": [12, 0, 16, 16], "texture": "#texture"},
				"south": {"uv": [6, 0, 10, 16], "texture": "#texture"},
				"west": {"uv": [12, 0, 16, 16], "texture": "#texture"},
				"up": {"uv": [6, 0, 10, 4], "texture": "#texture"},
				"down": {"uv": [6, 12, 10, 16], "texture": "#texture", "cullface": "down"}
			}
		},
		{
			"name": "Top bar",
			"from": [7, 6, -2],
			"to": [9, 14, 18],
			"faces": {
				"north": {"uv": [0, 2, 2, 10], "texture": "#texture"},
				"east": {"uv": [0, 2, 16, 10], "texture": "#texture"},
				"south": {"uv": [14, 2, 16, 10], "texture": "#texture"},
				"west": {"uv": [0, 2, 16, 10], "texture": "#texture"},
				"up": {"uv": [0, 0, 16, 2], "texture": "#texture"},
				"down": {"uv": [0, 14, 16, 16], "texture": "#texture"}
			}
		}
	],
	"display": {
		"thirdperson_righthand": {
			"rotation": [75, 45, 0],
			"translation": [0, 2.5, 0],
			"scale": [0.375, 0.375, 0.375]
		},
		"firstperson_righthand": {
			"rotation": [0, 45, 0],
			"scale": [0.4, 0.4, 0.4]
		},
		"firstperson_lefthand": {
			"rotation": [0, 225, 0],
			"scale": [0.4, 0.4, 0.4]
		},
		"ground": {
			"rotation": [15, 0, 0],
			"translation": [0, 4, 0],
			"scale": [0.6, 0.6, 0.6]
		},
		"gui": {
			"rotation": [0, 70, 0],
			"translation": [1, 2, 0],
			"scale": [0.8, 0.8, 0.8]
		},
		"fixed": {
			"scale": [0.5, 0.5, 0.5]
		}
	},
	"groups": [
		{
			"name": "fence_inventory",
			"origin": [8, 8, 8],
			"children": [0, 1, 2]
		}
	]
}