{
	"credit": "Made with Blockbench",
	"ambientocclusion": false,
	"textures": {
		"particle": "block/flower_pot",
		"flowerpot": "block/flower_pot"
	},
	"elements": [
		{
			"from": [4, 0, 4],
			"to": [12, 4, 12],
			"faces": {
				"north": {"uv": [4, 12, 12, 16], "texture": "#flowerpot"},
				"east": {"uv": [4, 12, 12, 16], "texture": "#flowerpot"},
				"south": {"uv": [4, 12, 12, 16], "texture": "#flowerpot"},
				"west": {"uv": [4, 12, 12, 16], "texture": "#flowerpot"},
				"up": {"uv": [4, 4, 12, 12], "texture": "#flowerpot"},
				"down": {"uv": [4, 4, 12, 12], "texture": "#flowerpot", "cullface": "down"}
			}
		}
	],
	"groups": [
		{
			"name": "potted_bamboo",
			"origin": [8, 8, 8],
			"children": [0]
		}
	]
}