{
	"credit": "Made with Blockbench",
	"parent": "block/block",
	"textures": {
		"round": "block/grindstone_round",
		"particle": "block/grindstone_side",
		"side": "block/grindstone_side",
		"leg": "block/dark_oak_log"
	},
	"elements": [
		{
			"from": [0, 0, 6],
			"to": [16, 12, 10],
			"faces": {
				"north": {"uv": [0, 8, 4, 16], "texture": "#leg"},
				"east": {"uv": [4, 8, 8, 16], "texture": "#leg"},
				"south": {"uv": [12, 8, 16, 16], "texture": "#leg"},
				"west": {"uv": [4, 8, 8, 16], "texture": "#leg", "cullface": "west"},
				"down": {"uv": [12, 12, 16, 16], "texture": "#leg", "cullface": "down"},
				"up": {"uv": [12, 12, 16, 16], "texture": "#leg"}
			}
		},
		{
			"from": [4, 4, 2],
			"to": [12, 16, 14],
			"faces": {
				"north": {"uv": [0, 0, 8, 12], "texture": "#round"},
				"east": {"uv": [0, 0, 12, 12], "texture": "#side"},
				"south": {"uv": [0, 0, 8, 12], "texture": "#round"},
				"west": {"uv": [0, 0, 12, 12], "texture": "#side"},
				"up": {"uv": [0, 0, 8, 12], "texture": "#round", "cullface": "up"},
				"down": {"uv": [0, 0, 8, 12], "texture": "#round"}
			}
		}
	],
	"display": {
		"gui": {
			"rotation": [0, 70, 0],
			"translation": [1, 2, 0],
			"scale": [0.8, 0.8, 0.8]
		}
	},
	"groups": [
		{
			"name": "grindstone",
			"origin": [8, 8, 8],
			"children": [0, 1, 2, 3]
		}
	]
}