{   "parent": "block/block",
    "ambientocclusion": false,
    "textures": {
        "particle": "minecraft:block/pipe1",
        "pipe": "minecraft:block/pipe1"
    },
    "elements": [
        {
            "from": [ 5, 10, 5 ], 
            "to": [ 11, 16, 11 ], 
            "faces": {
                "north": { "texture": "#pipe", "uv": [ 0, 0, 6, 6 ] },
                "east": { "texture": "#pipe", "uv": [ 0, 0, 6, 6 ] },
                "south": { "texture": "#pipe", "uv": [ 0, 0, 6, 6 ] },
                "west": { "texture": "#pipe", "uv": [ 0, 0, 6, 6 ] },
                "up": { "texture": "#pipe", "uv": [ 0, 0, 6, 6 ], "rotation": 270 },
                "down": { "texture": "#pipe", "uv": [ 0, 0, 6, 6 ], "rotation": 90 }
            }
        },
        {
            "from": [ 6, 0, 6 ], 
            "to": [ 10, 10, 10 ], 
            "faces": {
                "north": { "texture": "#pipe", "uv": [ 0, 12, 10, 16 ], "rotation": 90, "cullface": "north" },
                "east": { "texture": "#pipe", "uv": [ 0, 12, 10, 16 ], "rotation": 90 },
                "south": { "texture": "#pipe", "uv": [ 0, 12, 10, 16 ], "rotation": 90 },
                "west": { "texture": "#pipe", "uv": [ 0, 12, 10, 16 ], "rotation": 90 },
                "down": { "texture": "#pipe", "uv": [ 0, 6, 6, 12 ], "rotation": 90 }
            }
        }
    ]
}