{
"ambientocclusion": false,
    "textures": {
        "particle": "minecraft:block/pipe2",
        "pipe": "minecraft:block/pipe2"
    },
    "elements": [
        {
            "from": [ 5, 10, 5 ], 
            "to": [ 11, 16, 11 ], 
            "faces": {
                "north": { "texture": "#pipe", "uv": [ 0, 0, 6, 6 ] },
                "east": { "texture": "#pipe", "uv": [ 6, 0, 12, 6 ] },
                "south": { "texture": "#pipe", "uv": [ 0, 0, 6, 6 ] },
                "west": { "texture": "#pipe", "uv": [ 12, 0, 6, 6 ] },
                "up": { "texture": "#pipe", "uv": [ 6, 0, 12, 6 ], "rotation": 270 },
                "down": { "texture": "#pipe", "uv": [ 6, 0, 12, 6 ], "rotation": 90 }
            }
        }
    ]
}