{
	"credit": "Made with Blockbench",
	"parent": "block/block",
	"textures": {
		"particle": "block/lectern_base",
		"base": "block/lectern_base",
		"front": "block/lectern_front",
		"top": "block/lectern_sides"
	},
	"elements": [
		{
			"from": [0, 0, 0],
			"to": [16, 4, 16],
			"faces": {
				"north": {"uv": [0, 12, 16, 16], "texture": "#base", "cullface": "north"},
				"east": {"uv": [0, 6, 16, 8], "texture": "#base", "cullface": "east"},
				"south": {"uv": [0, 6, 16, 8], "texture": "#base", "cullface": "south"},
				"west": {"uv": [0, 6, 16, 8], "texture": "#base", "cullface": "west"},
				"up": {"uv": [0, 0, 16, 16], "rotation": 180, "texture": "#base"},
				"down": {"uv": [0, 0, 16, 16], "texture": "#base"}
			}
		},
		{
			"from": [4, 2.9, 4],
			"to": [12, 14.9, 12],
			"faces": {
				"north": {"uv": [0, 0, 8, 12], "texture": "#front"},
				"east": {"uv": [8, 4, 16, 16], "texture": "#front"},
				"south": {"uv": [8, 4, 16, 16], "texture": "#front"},
				"west": {"uv": [8, 4, 16, 16], "texture": "#front"}
			}
		},
		{
			"from": [0.01, 12, 3],
			"to": [15.99, 16, 16],
			"rotation": {"angle": -22.5, "axis": "x", "origin": [8, 8, 8]},
			"faces": {
				"north": {"uv": [0, 12, 16, 16], "rotation": 180, "texture": "#top"},
				"east": {"uv": [0, 12, 12, 16], "rotation": 180, "texture": "#top"},
				"south": {"uv": [0, 0, 16, 4], "rotation": 180, "texture": "#top"},
				"west": {"uv": [4, 12, 16, 16], "rotation": 180, "texture": "#top"},
				"up": {"uv": [0, 0, 16, 12], "rotation": 180, "texture": "#top"},
				"down": {"uv": [0, 0, 16, 12], "rotation": 180, "texture": "#top"}
			}
		}
	],
	"display": {
		"firstperson_righthand": {
			"rotation": [0, 135, 0],
			"scale": [0.4, 0.4, 0.4]
		}
	},
	"groups": [
		{
			"name": "lectern",
			"origin": [8, 8, 8],
			"children": [0, 1, 2]
		}
	]
}