{
	"credit": "Made with Blockbench",
	"parent": "block/block",
	"ambientocclusion": false,
	"textures": {
		"particle": "block/cobblestone",
		"base": "block/cobblestone",
		"lever": "block/lever"
	},
	"elements": [
		{
			"from": [4, 0, 4],
			"to": [12, 4, 12],
			"faces": {
				"north": {"uv": [4, 12, 12, 16], "texture": "#base"},
				"east": {"uv": [4, 12, 12, 16], "texture": "#base"},
				"south": {"uv": [4, 12, 12, 16], "texture": "#base"},
				"west": {"uv": [4, 12, 12, 16], "texture": "#base"},
				"up": {"uv": [4, 4, 12, 12], "texture": "#base"},
				"down": {"uv": [5, 4, 11, 12], "texture": "#base", "cullface": "down"}
			}
		},
		{
			"from": [6, 1, 7],
			"to": [10, 13, 11],
			"rotation": {"angle": -45, "axis": "x", "origin": [8, 1, 8]},
			"faces": {
				"north": {"uv": [4, 4, 8, 16], "texture": "#lever"},
				"east": {"uv": [4, 4, 8, 16], "texture": "#lever"},
				"south": {"uv": [4, 4, 8, 16], "texture": "#lever"},
				"west": {"uv": [4, 4, 8, 16], "texture": "#lever"},
				"up": {"uv": [4, 4, 8, 8], "texture": "#lever"}
			}
		}
	],
	"display": {
		"thirdperson_righthand": {
			"rotation": [75, 45, 0],
			"translation": [0, 2.5, 0],
			"scale": [0.375, 0.375, 0.375]
		},
		"firstperson_righthand": {
			"rotation": [0, 45, 0],
			"scale": [0.4, 0.4, 0.4]
		},
		"firstperson_lefthand": {
			"rotation": [0, 225, 0],
			"scale": [0.4, 0.4, 0.4]
		},
		"ground": {
			"rotation": [15, 0, 0],
			"translation": [0, 4, 0],
			"scale": [0.6, 0.6, 0.6]
		},
		"gui": {
			"rotation": [0, 70, 0],
			"translation": [1, 2, 0],
			"scale": [0.8, 0.8, 0.8]
		},
		"fixed": {
			"scale": [0.5, 0.5, 0.5]
		}
	},
	"groups": [
		{
			"name": "lever",
			"origin": [8, 8, 8],
			"children": [0, 1]
		}
	]
}