{
	"textures": {
		"0": "block/repeater_off_1",
		"particle": "block/repeater_off_1"
	},
	"elements": [
		{
			"from": [0, 0, 0],
			"to": [16, 2, 16],
			"faces": {
				"north": {"uv": [0, 0, 16, 2], "texture": "#0", "cullface": "north"},
				"east": {"uv": [14, 0, 16, 16], "rotation": 90, "texture": "#0", "cullface": "east"},
				"south": {"uv": [0, 14, 16, 16], "texture": "#0", "cullface": "south"},
				"west": {"uv": [0, 0, 2, 16], "rotation": 270, "texture": "#0", "cullface": "west"},
				"up": {"uv": [0, 0, 16, 16], "texture": "#0" },
				"down": {"uv": [0, 0, 16, 16], "rotation": 180, "texture": "#0", "cullface": "down"}
			}
		},
		{
			"from": [6, 2, 2],
			"to": [10, 4, 4],
			"faces": {
				"north": {"uv": [6, 0, 10, 2], "texture": "#0"},
				"east": {"uv": [8, 0, 10, 2], "texture": "#0"},
				"south": {"uv": [6, 0, 10, 2], "texture": "#0"},
				"west": {"uv": [6, 0, 8, 2], "texture": "#0"},
				"up": {"uv": [6, 0, 10, 2], "texture": "#0"}
			}
		},
		{
			"from": [6, 2, 8],
			"to": [10, 4, 10],
			"faces": {
				"north": {"uv": [6, 0, 10, 2], "texture": "#0"},
				"east": {"uv": [8, 0, 10, 2], "texture": "#0"},
				"south": {"uv": [6, 0, 10, 2], "texture": "#0"},
				"west": {"uv": [6, 0, 8, 2], "texture": "#0"},
				"up": {"uv": [6, 0, 10, 2], "texture": "#0"}
			}
		}
	]
}