{
	"credit": "Made with Blockbench",
	"parent": "block/flower_pot_cross",
	"ambientocclusion": false,
	"textures": {
		"particle": "block/flower_pot",
		"flowerpot": "block/flower_pot",
		"bamboo": "block/bamboo_stalk"
	},
	"elements": [
		{
			"from": [4, 0, 4],
			"to": [12, 4, 12],
			"faces": {
				"north": {"uv": [4, 12, 12, 16], "texture": "#flowerpot"},
				"east": {"uv": [4, 12, 12, 16], "texture": "#flowerpot"},
				"south": {"uv": [4, 12, 12, 16], "texture": "#flowerpot"},
				"west": {"uv": [4, 12, 12, 16], "texture": "#flowerpot"},
				"up": {"uv": [4, 4, 12, 12], "texture": "#flowerpot"},
				"down": {"uv": [4, 4, 12, 12], "texture": "#flowerpot", "cullface": "down"}
			}
		},
		{
			"from": [6, 4, 6],
			"to": [10, 16, 10],
			"faces": {
				"north": {"uv": [0, 0, 4, 12], "texture": "#bamboo"},
				"east": {"uv": [0, 0, 4, 12], "texture": "#bamboo"},
				"south": {"uv": [0, 0, 4, 12], "texture": "#bamboo"},
				"west": {"uv": [0, 0, 4, 12], "texture": "#bamboo"},
				"up": {"uv": [4, 0, 8, 4], "texture": "#bamboo", "cullface": "up"}
			}
		}
	],
	"groups": [
		{
			"name": "potted_bamboo",
			"origin": [8, 8, 8],
			"children": []
		},
		{
			"name": "flower_pot_cross",
			"origin": [8, 8, 8],
			"children": []
		},
		{
			"name": "potted_fern",
			"origin": [8, 8, 8],
			"children": []
		},
		{
			"name": "potted_bamboo",
			"origin": [8, 8, 8],
			"children": [
				{
					"name": "potted_bamboo",
					"origin": [8, 8, 8],
					"children": [0, 1]
				}
			]
		}
	]
}