{   "parent": "block/thin_block",
    "textures": {
        "particle": "#texture"
    },
    "elements": [
        {   "from": [ 2, 0, 2 ],
            "to": [ 14, 2, 14 ],
            "faces": {
                "down":  { "uv": [ 0, 0, 4, 4 ], "texture": "#texture", "cullface": "down" },
                "up":    { "uv": [ 0, 0, 4, 4 ], "texture": "#texture" },
                "north": { "uv": [ 0, 0, 4, 4 ], "texture": "#texture" },
                "south": { "uv": [ 0, 0, 4, 4 ], "texture": "#texture" },
                "west":  { "uv": [ 0, 0, 12, 12 ], "texture": "#texture" },
                "east":  { "uv": [ 0, 0, 12, 12 ], "texture": "#texture" }
            }
        }
    ]
}
