{
    "parent": "block/cube_directional",
    "textures": {
        "particle": "block/repeating_command_block_conditional_back",
        "down": "block/repeating_command_block_conditional",
        "up": "block/repeating_command_block_conditional",
        "north": "block/repeating_command_block_conditional_front",
        "east": "block/repeating_command_block_conditional",
        "south": "block/repeating_command_block_conditional_back",
        "west": "block/repeating_command_block_conditional"
    }
}
