{   "parent": "block/block",
	"credit": "Made with Blockbench",
	"textures": {
		"1": "block/oak_logs",
		"2": "block/oak_logs3",
		"particle": "block/oak_logs"
	},
	"elements": [
		{
			"from": [0, 0, 0],
			"to": [16, 8, 16],
			"rotation": {"angle": 0, "axis": "y", "origin": [0, 8, 8]},
			"faces": {
				"north": {"uv": [0, 8, 16, 16], "texture": "#1"},
				"east": {"uv": [0, 8, 16, 16], "texture": "#2"},
				"south": {"uv": [0, 8, 16, 16], "texture": "#1"},
				"west": {"uv": [0, 8, 16, 16], "texture": "#2"},
				"up": {"uv": [0, 0, 16, 16], "texture": "#1"},
				"down": {"uv": [0, 0, 16, 16], "texture": "#1"}
			}
		},
		{
			"from": [0, 8, 8],
			"to": [16, 16, 8],
			"rotation": {"angle": -45, "axis": "y", "origin": [8, 12, 8]},
			"faces": {
				"north": {"uv": [0, 0, 16, 8], "texture": "#2"},
				"south": {"uv": [0, 0, 16, 8], "texture": "#2"}
			}
		},
		{
			"from": [0, 8, 8],
			"to": [16, 16, 8],
			"rotation": {"angle": 45, "axis": "y", "origin": [8, 12, 8]},
			"faces": {
				"north": {"uv": [0, 0, 16, 8], "texture": "#2"},
				"south": {"uv": [0, 0, 16, 8], "texture": "#2"}
			}
		}
	]
}