{
    "ambientocclusion": false,
    "textures": {
        "particle": "block/sunflower_front",
        "cross": "block/sunflower_top",
        "front": "block/sunflower_front"
    },
    "elements": [
        {   "from": [ 8, 0, 0.8 ],
            "to": [ 8, 16, 15.2 ],
            "rotation": { "origin": [ 8, 8, 8 ], "axis": "y", "angle": 45, "rescale": false },
            "shade": false,
            "faces": {
                "west": { "uv": [ 0, 0, 16, 16 ], "texture": "#cross" },
                "east": { "uv": [ 16, 0, 0, 16 ], "texture": "#cross" }
            }
        },
        {   "from": [ 9.8, -1, 1 ],
            "to": [ 9.8, 15, 15 ],
            "rotation": {
                "origin": [ 8, 8, 8 ],
                "axis": "z",
                "angle": 22.5
            },
            "shade": false,
            "faces": {
                "west": { "uv": [ 0, 0, 16, 16 ], "texture": "#front" },
                "east": { "uv": [ 0, 0, 16, 16 ], "texture": "#front" }
            }
        }
    ]
}
