{
	"credit": "Made with Blockbench",
	"parent": "block/block",
	"ambientocclusion": false,
	"textures": {
		"particle": "#texture"
	},
	"elements": [
		{
			"name": "Lower horizontal bar of right-hand gate door",
			"from": [0, 2, 8],
			"to": [16, 14, 8],
			"faces": {
				"north": {"uv": [0, 2, 16, 14], "texture": "#texture"},
				"south": {"uv": [0, 2, 16, 14], "texture": "#texture"}
			}
		}
	],
	"display": {
		"gui": {
			"rotation": [0, 160, 0],
			"translation": [1, 2, 0],
			"scale": [0.6, 0.6, 0.6]
		}
	}
}