{
	"credit": "Made with Blockbench",
	"parent": "block/block",
	"ambientocclusion": false,
	"textures": {
		"particle": "#texture"
	},
	"elements": [
		{
			"name": "Right-hand post",
			"from": [16.1, 0, 6],
			"to": [20.1, 16, 10],
			"faces": {
				"north": {"uv": [0, 0, 4, 16], "texture": "#texture", "cullface": "east"},
				"east": {"uv": [0, 0, 4, 16], "texture": "#texture", "cullface": "east"},
				"south": {"uv": [0, 0, 4, 16], "texture": "#texture", "cullface": "east"},
				"west": {"uv": [0, 0, 4, 16], "texture": "#texture", "cullface": "east"},
				"up": {"uv": [0, 0, 4, 4], "texture": "#texture", "cullface": "east"},
				"down": {"uv": [0, 0, 4, 4], "texture": "#texture", "cullface": "east"}
			}
		},
		{
			"name": "Right-hand post",
			"from": [-4.1, 0, 6],
			"to": [-0.1, 16, 10],
			"faces": {
				"north": {"uv": [0, 0, 4, 16], "texture": "#texture", "cullface": "west"},
				"east": {"uv": [0, 0, 4, 16], "texture": "#texture", "cullface": "west"},
				"south": {"uv": [0, 0, 4, 16], "texture": "#texture", "cullface": "west"},
				"west": {"uv": [0, 0, 4, 16], "texture": "#texture", "cullface": "west"},
				"up": {"uv": [0, 0, 4, 4], "texture": "#texture", "cullface": "west"},
				"down": {"uv": [0, 0, 4, 4], "texture": "#texture", "cullface": "west"}
			}
		},
		{
			"name": "Lower horizontal bar of right-hand gate door",
			"from": [0, 2, 8],
			"to": [16, 14, 8],
			"faces": {
				"north": {"uv": [0, 2, 16, 14], "texture": "#texture"},
				"south": {"uv": [0, 2, 16, 14], "texture": "#texture"}
			}
		}
	],
	"display": {
		"gui": {
			"rotation": [0, 160, 0],
			"translation": [1, 2, 0],
			"scale": [0.6, 0.6, 0.6]
		}
	}
}