{
	"credit": "Made with Blockbench",
	"ambientocclusion": false,
	"textures": {
		"particle": "#torch"
	},
	"elements": [
		{
			"from": [1, 0, 6],
			"to": [5, 12, 10],
			"shade": false,
			"rotation": {"angle": -45, "axis": "z", "origin": [8, 8, 8]},
			"faces": {
				"north": {"uv": [4, 4, 8, 16], "texture": "#torch"},
				"east": {"uv": [4, 4, 8, 16], "texture": "#torch"},
				"south": {"uv": [4, 4, 8, 16], "texture": "#torch"},
				"west": {"uv": [4, 4, 8, 16], "texture": "#torch"},
				"up": {"uv": [4, 4, 8, 8], "texture": "#torch"},
				"down": {"uv": [4, 12, 8, 16], "texture": "#torch"}
			}
		}
	]
}