{
	"credit": "Made with Blockbench",
	"parent": "block/block",
	"textures": {
		"particle": "#wall"
	},
	"elements": [
		{
			"name": "Center post",
			"from": [4, 0, 4],
			"to": [12, 16, 12],
			"faces": {
				"north": {"uv": [4, 0, 12, 16], "texture": "#wall"},
				"east": {"uv": [4, 0, 12, 16], "texture": "#wall"},
				"south": {"uv": [4, 0, 12, 16], "texture": "#wall"},
				"west": {"uv": [4, 0, 12, 16], "texture": "#wall"},
				"up": {"uv": [4, 4, 12, 12], "texture": "#wall"},
				"down": {"uv": [4, 4, 12, 12], "texture": "#wall", "cullface": "down"}
			}
		},
		{
			"name": "Full wall",
			"from": [5, 0, 0],
			"to": [11, 12, 16],
			"faces": {
				"north": {"uv": [5, 4, 11, 16], "texture": "#wall", "cullface": "north"},
				"east": {"uv": [0, 4, 16, 16], "texture": "#wall"},
				"south": {"uv": [5, 4, 11, 16], "texture": "#wall", "cullface": "south"},
				"west": {"uv": [0, 4, 16, 16], "texture": "#wall"},
				"up": {"uv": [5, 0, 11, 16], "texture": "#wall"},
				"down": {"uv": [5, 0, 11, 16], "texture": "#wall", "cullface": "down"}
			}
		}
	],
	"display": {
		"thirdperson_righthand": {
			"rotation": [75, 45, 0],
			"translation": [0, 2.5, 0],
			"scale": [0.375, 0.375, 0.375]
		},
		"firstperson_righthand": {
			"rotation": [0, 45, 0],
			"scale": [0.4, 0.4, 0.4]
		},
		"firstperson_lefthand": {
			"rotation": [0, 225, 0],
			"scale": [0.4, 0.4, 0.4]
		},
		"ground": {
			"rotation": [15, 0, 0],
			"translation": [0, 4, 0],
			"scale": [0.6, 0.6, 0.6]
		},
		"gui": {
			"rotation": [0, 70, 0],
			"translation": [1, 2, 0],
			"scale": [0.8, 0.8, 0.8]
		},
		"fixed": {
			"scale": [0.5, 0.5, 0.5]
		}
	},
	"groups": [
		{
			"name": "wall_inventory",
			"origin": [8, 8, 8],
			"children": [0, 1]
		}
	]
}