{
	"credit": "Beautiful.",
	"ambientocclusion": false,
	"textures": {
		"particle": "block/blue_orchid_block",
		"cross": "block/blue_orchid_block"
	},
	"elements": [
		{
			"from": [8, 0, 0.8],
			"to": [8, 12, 15.2],
			"shade": false,
			"rotation": {"angle": 45, "axis": "y", "origin": [8, 8, 8], "rescale": true},
			"faces": {
				"north": {"uv": [0, 0, 0, 0], "texture": "#cross"},
				"east": {"uv": [0, 5, 16, 16], "texture": "#cross"},
				"south": {"uv": [0, 0, 0, 0], "texture": "#cross"},
				"west": {"uv": [16, 5, 0, 16], "texture": "#cross"},
				"up": {"uv": [0, 0, 0, 0], "texture": "#cross"},
				"down": {"uv": [0, 0, 0, 0], "texture": "#cross"}
			}
		},
		{
			"from": [0.8, 0, 8],
			"to": [15.2, 12, 8],
			"shade": false,
			"rotation": {"angle": 45, "axis": "y", "origin": [8, 8, 8], "rescale": true},
			"faces": {
				"north": {"uv": [0, 5, 16, 16], "texture": "#cross"},
				"south": {"uv": [16, 5, 0, 16], "texture": "#cross"}
			}
		},
		{
			"from": [0.8, 0, 8],
			"to": [8.2, 12, 8],
			"shade": false,
			"rotation": {"angle": 0, "axis": "y", "origin": [8, 8, 8], "rescale": true},
			"faces": {
				"north": {"uv": [8, 5, 0, 16], "texture": "#cross"},
				"south": {"uv": [0, 5, 8, 16], "texture": "#cross"}
			}
		},
		{
			"from": [3, 10, 11.25],
			"to": [5, 10, 13.25],
			"rotation": {"angle": 0, "axis": "x", "origin": [4, 10.00693, 12.25]},
			"faces": {
				"north": {"uv": [0, 0, 3, 0], "texture": "#cross"},
				"east": {"uv": [0, 0, 3, 0], "texture": "#cross"},
				"south": {"uv": [0, 0, 3, 0], "texture": "#cross"},
				"west": {"uv": [0, 0, 3, 0], "texture": "#cross"},
				"up": {"uv": [1, 1, 3, 3], "texture": "#cross"},
				"down": {"uv": [1, 1, 3, 3], "texture": "#cross"}
			}
		},
		{
			"from": [3, 9.64955, 10.38268],
			"to": [5, 9.64955, 12.38268],
			"rotation": {"angle": 22.5, "axis": "x", "origin": [4, 10.00693, 12.25]},
			"faces": {
				"north": {"uv": [0, 0, 3, 0], "texture": "#cross"},
				"east": {"uv": [0, 0, 3, 0], "texture": "#cross"},
				"south": {"uv": [0, 0, 3, 0], "texture": "#cross"},
				"west": {"uv": [0, 0, 3, 0], "texture": "#cross"},
				"up": {"uv": [1, 0, 3, 1], "texture": "#cross"},
				"down": {"uv": [1, 0, 3, 1], "texture": "#cross"}
			}
		},
		{
			"from": [3, 9.64955, 12.11732],
			"to": [5, 9.64955, 14.11732],
			"rotation": {"angle": -22.5, "axis": "x", "origin": [4, 10.00693, 12.25]},
			"faces": {
				"north": {"uv": [0, 0, 3, 0], "texture": "#cross"},
				"east": {"uv": [0, 0, 3, 0], "texture": "#cross"},
				"south": {"uv": [0, 0, 3, 0], "texture": "#cross"},
				"west": {"uv": [0, 0, 3, 0], "texture": "#cross"},
				"up": {"uv": [1, 3, 3, 4], "texture": "#cross"},
				"down": {"uv": [1, 3, 3, 4], "texture": "#cross"}
			}
		},
		{
			"from": [3.86732, 9.64955, 11.25],
			"to": [5.86732, 9.64955, 13.25],
			"rotation": {"angle": 22.5, "axis": "z", "origin": [4, 10.00693, 12.25]},
			"faces": {
				"north": {"uv": [0, 0, 3, 0], "texture": "#cross"},
				"east": {"uv": [0, 0, 3, 0], "texture": "#cross"},
				"south": {"uv": [0, 0, 3, 0], "texture": "#cross"},
				"west": {"uv": [0, 0, 3, 0], "texture": "#cross"},
				"up": {"uv": [3, 1, 4, 3], "texture": "#cross"},
				"down": {"uv": [3, 1, 4, 3], "texture": "#cross"}
			}
		},
		{
			"from": [2.13268, 9.64955, 11.25],
			"to": [4.13268, 9.64955, 13.25],
			"rotation": {"angle": -22.5, "axis": "z", "origin": [4, 10.00693, 12.25]},
			"faces": {
				"north": {"uv": [0, 0, 3, 0], "texture": "#cross"},
				"east": {"uv": [0, 0, 3, 0], "texture": "#cross"},
				"south": {"uv": [0, 0, 3, 0], "texture": "#cross"},
				"west": {"uv": [0, 0, 3, 0], "texture": "#cross"},
				"up": {"uv": [0, 1, 1, 3], "texture": "#cross"},
				"down": {"uv": [0, 1, 1, 3], "texture": "#cross"}
			}
		},
		{
			"from": [3, 10, 2.5],
			"to": [5, 10, 4.5],
			"rotation": {"angle": 0, "axis": "x", "origin": [4, 10, 3.5]},
			"faces": {
				"north": {"uv": [0, 0, 3, 0], "texture": "#cross"},
				"east": {"uv": [0, 0, 3, 0], "texture": "#cross"},
				"south": {"uv": [0, 0, 3, 0], "texture": "#cross"},
				"west": {"uv": [0, 0, 3, 0], "texture": "#cross"},
				"up": {"uv": [1, 1, 3, 3], "texture": "#cross"},
				"down": {"uv": [1, 1, 3, 3], "texture": "#cross"}
			}
		},
		{
			"from": [3, 10.2, 1.6],
			"to": [5, 10.2, 3.6],
			"rotation": {"angle": 22.5, "axis": "x", "origin": [4, 10.2, 2.1]},
			"faces": {
				"north": {"uv": [0, 0, 3, 0], "texture": "#cross"},
				"east": {"uv": [0, 0, 3, 0], "texture": "#cross"},
				"south": {"uv": [0, 0, 3, 0], "texture": "#cross"},
				"west": {"uv": [0, 0, 3, 0], "texture": "#cross"},
				"up": {"uv": [1, 0, 3, 1], "texture": "#cross"},
				"down": {"uv": [1, 0, 3, 1], "texture": "#cross"}
			}
		},
		{
			"from": [3, 10.2, 3.4],
			"to": [5, 10.2, 5.4],
			"rotation": {"angle": -22.5, "axis": "x", "origin": [4, 10.2, 4.9]},
			"faces": {
				"north": {"uv": [0, 0, 3, 0], "texture": "#cross"},
				"east": {"uv": [0, 0, 3, 0], "texture": "#cross"},
				"south": {"uv": [0, 0, 3, 0], "texture": "#cross"},
				"west": {"uv": [0, 0, 3, 0], "texture": "#cross"},
				"up": {"uv": [1, 3, 3, 4], "texture": "#cross"},
				"down": {"uv": [1, 3, 3, 4], "texture": "#cross"}
			}
		},
		{
			"from": [3.9, 10.2, 2.5],
			"to": [5.9, 10.2, 4.5],
			"rotation": {"angle": 22.5, "axis": "z", "origin": [5.4, 10.2, 3.5]},
			"faces": {
				"north": {"uv": [0, 0, 3, 0], "texture": "#cross"},
				"east": {"uv": [0, 0, 3, 0], "texture": "#cross"},
				"south": {"uv": [0, 0, 3, 0], "texture": "#cross"},
				"west": {"uv": [0, 0, 3, 0], "texture": "#cross"},
				"up": {"uv": [3, 1, 4, 3], "texture": "#cross"},
				"down": {"uv": [3, 1, 4, 3], "texture": "#cross"}
			}
		},
		{
			"from": [2.1, 10.2, 2.5],
			"to": [4.1, 10.2, 4.5],
			"rotation": {"angle": -22.5, "axis": "z", "origin": [2.6, 10.2, 3.5]},
			"faces": {
				"north": {"uv": [0, 0, 3, 0], "texture": "#cross"},
				"east": {"uv": [0, 0, 3, 0], "texture": "#cross"},
				"south": {"uv": [0, 0, 3, 0], "texture": "#cross"},
				"west": {"uv": [0, 0, 3, 0], "texture": "#cross"},
				"up": {"uv": [0, 1, 1, 3], "texture": "#cross"},
				"down": {"uv": [0, 1, 1, 3], "texture": "#cross"}
			}
		},
		{
			"from": [10.5, 6.75, 3.5],
			"to": [12.5, 6.75, 5.5],
			"rotation": {"angle": 0, "axis": "x", "origin": [11.5, 6.75, 4.5]},
			"faces": {
				"north": {"uv": [0, 0, 3, 0], "texture": "#cross"},
				"east": {"uv": [0, 0, 3, 0], "texture": "#cross"},
				"south": {"uv": [0, 0, 3, 0], "texture": "#cross"},
				"west": {"uv": [0, 0, 3, 0], "texture": "#cross"},
				"up": {"uv": [1, 1, 3, 3], "texture": "#cross"},
				"down": {"uv": [1, 1, 3, 3], "texture": "#cross"}
			}
		},
		{
			"from": [10.5, 6.95, 2.6],
			"to": [12.5, 6.95, 4.6],
			"rotation": {"angle": 22.5, "axis": "x", "origin": [11.5, 6.95, 3.1]},
			"faces": {
				"north": {"uv": [0, 0, 3, 0], "texture": "#cross"},
				"east": {"uv": [0, 0, 3, 0], "texture": "#cross"},
				"south": {"uv": [0, 0, 3, 0], "texture": "#cross"},
				"west": {"uv": [0, 0, 3, 0], "texture": "#cross"},
				"up": {"uv": [1, 0, 3, 1], "texture": "#cross"},
				"down": {"uv": [1, 0, 3, 1], "texture": "#cross"}
			}
		},
		{
			"from": [10.5, 6.95, 4.4],
			"to": [12.5, 6.95, 6.4],
			"rotation": {"angle": -22.5, "axis": "x", "origin": [11.5, 6.95, 5.9]},
			"faces": {
				"north": {"uv": [0, 0, 3, 0], "texture": "#cross"},
				"east": {"uv": [0, 0, 3, 0], "texture": "#cross"},
				"south": {"uv": [0, 0, 3, 0], "texture": "#cross"},
				"west": {"uv": [0, 0, 3, 0], "texture": "#cross"},
				"up": {"uv": [1, 3, 3, 4], "texture": "#cross"},
				"down": {"uv": [1, 3, 3, 4], "texture": "#cross"}
			}
		},
		{
			"from": [11.4, 6.95, 3.5],
			"to": [13.4, 6.95, 5.5],
			"rotation": {"angle": 22.5, "axis": "z", "origin": [12.9, 6.95, 4.5]},
			"faces": {
				"north": {"uv": [0, 0, 3, 0], "texture": "#cross"},
				"east": {"uv": [0, 0, 3, 0], "texture": "#cross"},
				"south": {"uv": [0, 0, 3, 0], "texture": "#cross"},
				"west": {"uv": [0, 0, 3, 0], "texture": "#cross"},
				"up": {"uv": [3, 1, 4, 3], "texture": "#cross"},
				"down": {"uv": [3, 1, 4, 3], "texture": "#cross"}
			}
		},
		{
			"from": [9.6, 6.95, 3.5],
			"to": [11.6, 6.95, 5.5],
			"rotation": {"angle": -22.5, "axis": "z", "origin": [10.1, 6.95, 4.5]},
			"faces": {
				"north": {"uv": [0, 0, 3, 0], "texture": "#cross"},
				"east": {"uv": [0, 0, 3, 0], "texture": "#cross"},
				"south": {"uv": [0, 0, 3, 0], "texture": "#cross"},
				"west": {"uv": [0, 0, 3, 0], "texture": "#cross"},
				"up": {"uv": [0, 1, 1, 3], "texture": "#cross"},
				"down": {"uv": [0, 1, 1, 3], "texture": "#cross"}
			}
		},
		{
			"from": [10.5, 6.75, 10.5],
			"to": [12.5, 6.75, 12.5],
			"rotation": {"angle": 0, "axis": "x", "origin": [11.5, 6.75, 11.5]},
			"faces": {
				"north": {"uv": [0, 0, 3, 0], "texture": "#cross"},
				"east": {"uv": [0, 0, 3, 0], "texture": "#cross"},
				"south": {"uv": [0, 0, 3, 0], "texture": "#cross"},
				"west": {"uv": [0, 0, 3, 0], "texture": "#cross"},
				"up": {"uv": [1, 1, 3, 3], "texture": "#cross"},
				"down": {"uv": [1, 1, 3, 3], "texture": "#cross"}
			}
		},
		{
			"from": [10.5, 6.95, 9.6],
			"to": [12.5, 6.95, 11.6],
			"rotation": {"angle": 22.5, "axis": "x", "origin": [11.5, 6.95, 10.1]},
			"faces": {
				"north": {"uv": [0, 0, 3, 0], "texture": "#cross"},
				"east": {"uv": [0, 0, 3, 0], "texture": "#cross"},
				"south": {"uv": [0, 0, 3, 0], "texture": "#cross"},
				"west": {"uv": [0, 0, 3, 0], "texture": "#cross"},
				"up": {"uv": [1, 0, 3, 1], "texture": "#cross"},
				"down": {"uv": [1, 0, 3, 1], "texture": "#cross"}
			}
		},
		{
			"from": [10.5, 6.95, 11.4],
			"to": [12.5, 6.95, 13.4],
			"rotation": {"angle": -22.5, "axis": "x", "origin": [11.5, 6.95, 12.9]},
			"faces": {
				"north": {"uv": [0, 0, 3, 0], "texture": "#cross"},
				"east": {"uv": [0, 0, 3, 0], "texture": "#cross"},
				"south": {"uv": [0, 0, 3, 0], "texture": "#cross"},
				"west": {"uv": [0, 0, 3, 0], "texture": "#cross"},
				"up": {"uv": [1, 3, 3, 4], "texture": "#cross"},
				"down": {"uv": [1, 3, 3, 4], "texture": "#cross"}
			}
		},
		{
			"from": [11.4, 6.95, 10.5],
			"to": [13.4, 6.95, 12.5],
			"rotation": {"angle": 22.5, "axis": "z", "origin": [12.9, 6.95, 11.5]},
			"faces": {
				"north": {"uv": [0, 0, 3, 0], "texture": "#cross"},
				"east": {"uv": [0, 0, 3, 0], "texture": "#cross"},
				"south": {"uv": [0, 0, 3, 0], "texture": "#cross"},
				"west": {"uv": [0, 0, 3, 0], "texture": "#cross"},
				"up": {"uv": [3, 1, 4, 3], "texture": "#cross"},
				"down": {"uv": [3, 1, 4, 3], "texture": "#cross"}
			}
		},
		{
			"from": [9.6, 6.95, 10.5],
			"to": [11.6, 6.95, 12.5],
			"rotation": {"angle": -22.5, "axis": "z", "origin": [10.1, 6.95, 11.5]},
			"faces": {
				"north": {"uv": [0, 0, 3, 0], "texture": "#cross"},
				"east": {"uv": [0, 0, 3, 0], "texture": "#cross"},
				"south": {"uv": [0, 0, 3, 0], "texture": "#cross"},
				"west": {"uv": [0, 0, 3, 0], "texture": "#cross"},
				"up": {"uv": [0, 1, 1, 3], "texture": "#cross"},
				"down": {"uv": [0, 1, 1, 3], "texture": "#cross"}
			}
		},
		{
			"from": [8.5, 12, 8.75],
			"to": [10.5, 12, 10.75],
			"rotation": {"angle": 0, "axis": "x", "origin": [9.5, 12, 9.75]},
			"faces": {
				"north": {"uv": [0, 0, 3, 0], "texture": "#cross"},
				"east": {"uv": [0, 0, 3, 0], "texture": "#cross"},
				"south": {"uv": [0, 0, 3, 0], "texture": "#cross"},
				"west": {"uv": [0, 0, 3, 0], "texture": "#cross"},
				"up": {"uv": [1, 1, 3, 3], "texture": "#cross"},
				"down": {"uv": [1, 1, 3, 3], "texture": "#cross"}
			}
		},
		{
			"from": [8.5, 12.2, 7.85],
			"to": [10.5, 12.2, 9.85],
			"rotation": {"angle": 22.5, "axis": "x", "origin": [9.5, 12.2, 8.35]},
			"faces": {
				"north": {"uv": [0, 0, 3, 0], "texture": "#cross"},
				"east": {"uv": [0, 0, 3, 0], "texture": "#cross"},
				"south": {"uv": [0, 0, 3, 0], "texture": "#cross"},
				"west": {"uv": [0, 0, 3, 0], "texture": "#cross"},
				"up": {"uv": [1, 0, 3, 1], "texture": "#cross"},
				"down": {"uv": [1, 0, 3, 1], "texture": "#cross"}
			}
		},
		{
			"from": [8.5, 12.2, 9.65],
			"to": [10.5, 12.2, 11.65],
			"rotation": {"angle": -22.5, "axis": "x", "origin": [9.5, 12.2, 11.15]},
			"faces": {
				"north": {"uv": [0, 0, 3, 0], "texture": "#cross"},
				"east": {"uv": [0, 0, 3, 0], "texture": "#cross"},
				"south": {"uv": [0, 0, 3, 0], "texture": "#cross"},
				"west": {"uv": [0, 0, 3, 0], "texture": "#cross"},
				"up": {"uv": [1, 3, 3, 4], "texture": "#cross"},
				"down": {"uv": [1, 3, 3, 4], "texture": "#cross"}
			}
		},
		{
			"from": [9.4, 12.2, 8.75],
			"to": [11.4, 12.2, 10.75],
			"rotation": {"angle": 22.5, "axis": "z", "origin": [10.9, 12.2, 9.75]},
			"faces": {
				"north": {"uv": [0, 0, 3, 0], "texture": "#cross"},
				"east": {"uv": [0, 0, 3, 0], "texture": "#cross"},
				"south": {"uv": [0, 0, 3, 0], "texture": "#cross"},
				"west": {"uv": [0, 0, 3, 0], "texture": "#cross"},
				"up": {"uv": [3, 1, 4, 3], "texture": "#cross"},
				"down": {"uv": [3, 1, 4, 3], "texture": "#cross"}
			}
		},
		{
			"from": [7.6, 12.2, 8.75],
			"to": [9.6, 12.2, 10.75],
			"rotation": {"angle": -22.5, "axis": "z", "origin": [8.1, 12.2, 9.75]},
			"faces": {
				"north": {"uv": [0, 0, 3, 0], "texture": "#cross"},
				"east": {"uv": [0, 0, 3, 0], "texture": "#cross"},
				"south": {"uv": [0, 0, 3, 0], "texture": "#cross"},
				"west": {"uv": [0, 0, 3, 0], "texture": "#cross"},
				"up": {"uv": [0, 1, 1, 3], "texture": "#cross"},
				"down": {"uv": [0, 1, 1, 3], "texture": "#cross"}
			}
		},
		{
			"from": [4.5, 12, 7.25],
			"to": [6.5, 12, 9.25],
			"rotation": {"angle": 0, "axis": "x", "origin": [5.5, 12, 8.25]},
			"faces": {
				"north": {"uv": [0, 0, 3, 0], "texture": "#cross"},
				"east": {"uv": [0, 0, 3, 0], "texture": "#cross"},
				"south": {"uv": [0, 0, 3, 0], "texture": "#cross"},
				"west": {"uv": [0, 0, 3, 0], "texture": "#cross"},
				"up": {"uv": [1, 1, 3, 3], "texture": "#cross"},
				"down": {"uv": [1, 1, 3, 3], "texture": "#cross"}
			}
		},
		{
			"from": [4.5, 12.2, 6.35],
			"to": [6.5, 12.2, 8.35],
			"rotation": {"angle": 22.5, "axis": "x", "origin": [5.5, 12.2, 6.85]},
			"faces": {
				"north": {"uv": [0, 0, 3, 0], "texture": "#cross"},
				"east": {"uv": [0, 0, 3, 0], "texture": "#cross"},
				"south": {"uv": [0, 0, 3, 0], "texture": "#cross"},
				"west": {"uv": [0, 0, 3, 0], "texture": "#cross"},
				"up": {"uv": [1, 0, 3, 1], "texture": "#cross"},
				"down": {"uv": [1, 0, 3, 1], "texture": "#cross"}
			}
		},
		{
			"from": [4.5, 12.2, 8.15],
			"to": [6.5, 12.2, 10.15],
			"rotation": {"angle": -22.5, "axis": "x", "origin": [5.5, 12.2, 9.65]},
			"faces": {
				"north": {"uv": [0, 0, 3, 0], "texture": "#cross"},
				"east": {"uv": [0, 0, 3, 0], "texture": "#cross"},
				"south": {"uv": [0, 0, 3, 0], "texture": "#cross"},
				"west": {"uv": [0, 0, 3, 0], "texture": "#cross"},
				"up": {"uv": [1, 3, 3, 4], "texture": "#cross"},
				"down": {"uv": [1, 3, 3, 4], "texture": "#cross"}
			}
		},
		{
			"from": [5.4, 12.2, 7.25],
			"to": [7.4, 12.2, 9.25],
			"rotation": {"angle": 22.5, "axis": "z", "origin": [6.9, 12.2, 8.25]},
			"faces": {
				"north": {"uv": [0, 0, 3, 0], "texture": "#cross"},
				"east": {"uv": [0, 0, 3, 0], "texture": "#cross"},
				"south": {"uv": [0, 0, 3, 0], "texture": "#cross"},
				"west": {"uv": [0, 0, 3, 0], "texture": "#cross"},
				"up": {"uv": [3, 1, 4, 3], "texture": "#cross"},
				"down": {"uv": [3, 1, 4, 3], "texture": "#cross"}
			}
		},
		{
			"from": [3.6, 12.2, 7.25],
			"to": [5.6, 12.2, 9.25],
			"rotation": {"angle": -22.5, "axis": "z", "origin": [4.1, 12.2, 8.25]},
			"faces": {
				"north": {"uv": [0, 0, 3, 0], "texture": "#cross"},
				"east": {"uv": [0, 0, 3, 0], "texture": "#cross"},
				"south": {"uv": [0, 0, 3, 0], "texture": "#cross"},
				"west": {"uv": [0, 0, 3, 0], "texture": "#cross"},
				"up": {"uv": [0, 1, 1, 3], "texture": "#cross"},
				"down": {"uv": [0, 1, 1, 3], "texture": "#cross"}
			}
		},
		{
			"from": [8.5, 12.25, 5],
			"to": [10.5, 12.25, 7],
			"rotation": {"angle": 0, "axis": "x", "origin": [9.5, 12.25, 6]},
			"faces": {
				"north": {"uv": [0, 0, 3, 0], "texture": "#cross"},
				"east": {"uv": [0, 0, 3, 0], "texture": "#cross"},
				"south": {"uv": [0, 0, 3, 0], "texture": "#cross"},
				"west": {"uv": [0, 0, 3, 0], "texture": "#cross"},
				"up": {"uv": [1, 1, 3, 3], "texture": "#cross"},
				"down": {"uv": [1, 1, 3, 3], "texture": "#cross"}
			}
		},
		{
			"from": [8.5, 12.45, 4.1],
			"to": [10.5, 12.45, 6.1],
			"rotation": {"angle": 22.5, "axis": "x", "origin": [9.5, 12.45, 4.6]},
			"faces": {
				"north": {"uv": [0, 0, 3, 0], "texture": "#cross"},
				"east": {"uv": [0, 0, 3, 0], "texture": "#cross"},
				"south": {"uv": [0, 0, 3, 0], "texture": "#cross"},
				"west": {"uv": [0, 0, 3, 0], "texture": "#cross"},
				"up": {"uv": [1, 0, 3, 1], "texture": "#cross"},
				"down": {"uv": [1, 0, 3, 1], "texture": "#cross"}
			}
		},
		{
			"from": [8.5, 12.45, 5.9],
			"to": [10.5, 12.45, 7.9],
			"rotation": {"angle": -22.5, "axis": "x", "origin": [9.5, 12.45, 7.4]},
			"faces": {
				"north": {"uv": [0, 0, 3, 0], "texture": "#cross"},
				"east": {"uv": [0, 0, 3, 0], "texture": "#cross"},
				"south": {"uv": [0, 0, 3, 0], "texture": "#cross"},
				"west": {"uv": [0, 0, 3, 0], "texture": "#cross"},
				"up": {"uv": [1, 3, 3, 4], "texture": "#cross"},
				"down": {"uv": [1, 3, 3, 4], "texture": "#cross"}
			}
		},
		{
			"from": [9.4, 12.45, 5],
			"to": [11.4, 12.45, 7],
			"rotation": {"angle": 22.5, "axis": "z", "origin": [10.9, 12.45, 6]},
			"faces": {
				"north": {"uv": [0, 0, 3, 0], "texture": "#cross"},
				"east": {"uv": [0, 0, 3, 0], "texture": "#cross"},
				"south": {"uv": [0, 0, 3, 0], "texture": "#cross"},
				"west": {"uv": [0, 0, 3, 0], "texture": "#cross"},
				"up": {"uv": [3, 1, 4, 3], "texture": "#cross"},
				"down": {"uv": [3, 1, 4, 3], "texture": "#cross"}
			}
		},
		{
			"from": [7.6, 12.45, 5],
			"to": [9.6, 12.45, 7],
			"rotation": {"angle": -22.5, "axis": "z", "origin": [8.1, 12.45, 6]},
			"faces": {
				"north": {"uv": [0, 0, 3, 0], "texture": "#cross"},
				"east": {"uv": [0, 0, 3, 0], "texture": "#cross"},
				"south": {"uv": [0, 0, 3, 0], "texture": "#cross"},
				"west": {"uv": [0, 0, 3, 0], "texture": "#cross"},
				"up": {"uv": [0, 1, 1, 3], "texture": "#cross"},
				"down": {"uv": [0, 1, 1, 3], "texture": "#cross"}
			}
		},
		{
			"from": [2.5, 6.75, 7.25],
			"to": [4.5, 6.75, 9.25],
			"rotation": {"angle": 0, "axis": "x", "origin": [3.5, 6.75, 8.25]},
			"faces": {
				"north": {"uv": [0, 0, 3, 0], "texture": "#cross"},
				"east": {"uv": [0, 0, 3, 0], "texture": "#cross"},
				"south": {"uv": [0, 0, 3, 0], "texture": "#cross"},
				"west": {"uv": [0, 0, 3, 0], "texture": "#cross"},
				"up": {"uv": [1, 1, 3, 3], "texture": "#cross"},
				"down": {"uv": [1, 1, 3, 3], "texture": "#cross"}
			}
		},
		{
			"from": [2.5, 6.95, 6.35],
			"to": [4.5, 6.95, 8.35],
			"rotation": {"angle": 22.5, "axis": "x", "origin": [3.5, 6.95, 6.85]},
			"faces": {
				"north": {"uv": [0, 0, 3, 0], "texture": "#cross"},
				"east": {"uv": [0, 0, 3, 0], "texture": "#cross"},
				"south": {"uv": [0, 0, 3, 0], "texture": "#cross"},
				"west": {"uv": [0, 0, 3, 0], "texture": "#cross"},
				"up": {"uv": [1, 0, 3, 1], "texture": "#cross"},
				"down": {"uv": [1, 0, 3, 1], "texture": "#cross"}
			}
		},
		{
			"from": [2.5, 6.95, 8.15],
			"to": [4.5, 6.95, 10.15],
			"rotation": {"angle": -22.5, "axis": "x", "origin": [3.5, 6.95, 9.65]},
			"faces": {
				"north": {"uv": [0, 0, 3, 0], "texture": "#cross"},
				"east": {"uv": [0, 0, 3, 0], "texture": "#cross"},
				"south": {"uv": [0, 0, 3, 0], "texture": "#cross"},
				"west": {"uv": [0, 0, 3, 0], "texture": "#cross"},
				"up": {"uv": [1, 3, 3, 4], "texture": "#cross"},
				"down": {"uv": [1, 3, 3, 4], "texture": "#cross"}
			}
		},
		{
			"from": [3.4, 6.95, 7.25],
			"to": [5.4, 6.95, 9.25],
			"rotation": {"angle": 22.5, "axis": "z", "origin": [4.9, 6.95, 8.25]},
			"faces": {
				"north": {"uv": [0, 0, 3, 0], "texture": "#cross"},
				"east": {"uv": [0, 0, 3, 0], "texture": "#cross"},
				"south": {"uv": [0, 0, 3, 0], "texture": "#cross"},
				"west": {"uv": [0, 0, 3, 0], "texture": "#cross"},
				"up": {"uv": [3, 1, 4, 3], "texture": "#cross"},
				"down": {"uv": [3, 1, 4, 3], "texture": "#cross"}
			}
		},
		{
			"from": [1.6, 6.95, 7.25],
			"to": [3.6, 6.95, 9.25],
			"rotation": {"angle": -22.5, "axis": "z", "origin": [2.1, 6.95, 8.25]},
			"faces": {
				"north": {"uv": [0, 0, 3, 0], "texture": "#cross"},
				"east": {"uv": [0, 0, 3, 0], "texture": "#cross"},
				"south": {"uv": [0, 0, 3, 0], "texture": "#cross"},
				"west": {"uv": [0, 0, 3, 0], "texture": "#cross"},
				"up": {"uv": [0, 1, 1, 3], "texture": "#cross"},
				"down": {"uv": [0, 1, 1, 3], "texture": "#cross"}
			}
		}
	],
	"groups": [
		{
			"name": "GREEN",
			"origin": [8, 8, 8],
			"children": [0, 1, 2]
		},
		{
			"name": "group",
			"origin": [1.5, 0, 1.5],
			"children": [3, 4, 5, 6, 7]
		},
		{
			"name": "group",
			"origin": [1.5, 0, 1.5],
			"children": [8, 9, 10, 11, 12]
		},
		{
			"name": "group",
			"origin": [1.5, 0, 1.5],
			"children": [13, 14, 15, 16, 17]
		},
		{
			"name": "group",
			"origin": [1.5, 0, 1.5],
			"children": [18, 19, 20, 21, 22]
		},
		{
			"name": "group",
			"origin": [1.5, 0, 1.5],
			"children": [23, 24, 25, 26, 27]
		},
		{
			"name": "group",
			"origin": [1.5, 0, 1.5],
			"children": [28, 29, 30, 31, 32]
		},
		{
			"name": "group",
			"origin": [1.5, 0, 1.5],
			"children": [33, 34, 35, 36, 37]
		},
		{
			"name": "group",
			"origin": [1.5, 0, 1.5],
			"children": [38, 39, 40, 41, 42]
		}
	]
}