{
	"credit": "Made with Blockbench",
	"textures": {
		"0": "block/jungle_log",
		"1": "block/jungle_log_top",
		"2": "block/jungle_leaves",
		"3": "block/grass_block_ants",
		"particle": "block/jungle_log"
	},
	"elements": [
		{
			"from": [0, 0, 0],
			"to": [16, 16, 16],
			"faces": {
				"north": {"uv": [0, 0, 16, 16], "texture": "#0"},
				"east": {"uv": [0, 0, 16, 16], "texture": "#0"},
				"south": {"uv": [0, 0, 16, 16], "texture": "#0"},
				"west": {"uv": [0, 0, 16, 16], "texture": "#0"},
				"up": {"uv": [0, 0, 16, 16], "texture": "#1"},
				"down": {"uv": [0, 0, 16, 16], "texture": "#1"}
			}
		},
		{
			"from": [7, 6, -10],
			"to": [10, 9, 2],
			"rotation": {"angle": 22.5, "axis": "x", "origin": [9.5, 8.5, -0.5]},
			"faces": {
				"north": {"uv": [0, 0, 3, 3], "rotation": 180, "texture": "#0"},
				"east": {"uv": [0, 0, 3, 12], "rotation": 90, "texture": "#0"},
				"south": {"uv": [0, 0, 3, 3], "texture": "#0"},
				"west": {"uv": [0, 0, 3, 12], "rotation": 270, "texture": "#0"},
				"up": {"uv": [0, 0, 3, 12], "texture": "#0"},
				"down": {"uv": [0, 0, 3, 12], "rotation": 180, "texture": "#0"}
			}
		},
		{
			"from": [-10, 6, 7],
			"to": [2, 9, 10],
			"rotation": {"angle": -22.5, "axis": "z", "origin": [-0.5, 8.5, 7.5]},
			"faces": {
				"north": {"uv": [0, 0, 3, 12], "rotation": 90, "texture": "#0"},
				"east": {"uv": [0, 0, 3, 3], "texture": "#0"},
				"south": {"uv": [0, 0, 3, 12], "rotation": 270, "texture": "#0"},
				"west": {"uv": [0, 0, 3, 3], "rotation": 180, "texture": "#0"},
				"up": {"uv": [0, 0, 3, 12], "rotation": 270, "texture": "#0"},
				"down": {"uv": [0, 0, 3, 12], "rotation": 270, "texture": "#0"}
			}
		},
		{
			"from": [-11, 9, -1],
			"to": [-6, 14, 4],
			"rotation": {"angle": 0, "axis": "z", "origin": [1, 17, 11]},
			"faces": {
				"north": {"uv": [0, 0, 5, 5], "texture": "#2", "tintindex": 0},
				"east": {"uv": [0, 0, 5, 5], "texture": "#2", "tintindex": 0},
				"south": {"uv": [0, 0, 5, 5], "texture": "#2", "tintindex": 0},
				"west": {"uv": [0, 0, 5, 5], "texture": "#2", "tintindex": 0},
				"up": {"uv": [0, 0, 5, 5], "texture": "#2", "tintindex": 0},
				"down": {"uv": [0, 0, 5, 5], "texture": "#2", "tintindex": 0}
			}
		},
		{
			"from": [-6, 6, -1],
			"to": [-1, 11, 4],
			"rotation": {"angle": 0, "axis": "z", "origin": [6, 14, 11]},
			"faces": {
				"north": {"uv": [0, 0, 5, 5], "texture": "#2", "tintindex": 0},
				"east": {"uv": [0, 0, 5, 5], "texture": "#2", "tintindex": 0},
				"south": {"uv": [0, 0, 5, 5], "texture": "#2", "tintindex": 0},
				"west": {"uv": [0, 0, 5, 5], "texture": "#2", "tintindex": 0},
				"up": {"uv": [0, 0, 5, 5], "texture": "#2", "tintindex": 0},
				"down": {"uv": [0, 0, 5, 5], "texture": "#2", "tintindex": 0}
			}
		},
		{
			"from": [-9, 12.75, 8],
			"to": [-8, 12.75, 9],
			"rotation": {"angle": 0, "axis": "y", "origin": [-1, 20.75, 16]},
			"faces": {
				"north": {"uv": [1, 1, 2, 2], "texture": "#3"},
				"east": {"uv": [1, 1, 2, 2], "texture": "#3"},
				"south": {"uv": [1, 1, 2, 2], "texture": "#3"},
				"west": {"uv": [1, 1, 2, 2], "texture": "#3"},
				"up": {"uv": [1, 1, 2, 2], "texture": "#3"},
				"down": {"uv": [1, 1, 2, 2], "texture": "#3"}
			}
		},
		{
			"from": [-8, 12.25, 8],
			"to": [-7, 12.25, 9],
			"rotation": {"angle": 0, "axis": "y", "origin": [0, 20.25, 16]},
			"faces": {
				"north": {"uv": [4, 1, 5, 2], "texture": "#3"},
				"east": {"uv": [4, 1, 5, 2], "texture": "#3"},
				"south": {"uv": [4, 1, 5, 2], "texture": "#3"},
				"west": {"uv": [4, 1, 5, 2], "texture": "#3"},
				"up": {"uv": [4, 1, 5, 2], "texture": "#3"},
				"down": {"uv": [4, 1, 5, 2], "texture": "#3"}
			}
		},
		{
			"from": [-6.75, 11.5, 8],
			"to": [-5.75, 11.5, 9],
			"rotation": {"angle": 0, "axis": "y", "origin": [1.25, 19.5, 16]},
			"faces": {
				"north": {"uv": [7, 1, 8, 2], "texture": "#3"},
				"east": {"uv": [7, 1, 8, 2], "texture": "#3"},
				"south": {"uv": [7, 1, 8, 2], "texture": "#3"},
				"west": {"uv": [7, 1, 8, 2], "texture": "#3"},
				"up": {"uv": [7, 1, 8, 2], "texture": "#3"},
				"down": {"uv": [7, 1, 8, 2], "texture": "#3"}
			}
		},
		{
			"from": [-5.25, 11.25, 8],
			"to": [-4.25, 11.25, 9],
			"rotation": {"angle": 0, "axis": "y", "origin": [2.75, 19.25, 16]},
			"faces": {
				"north": {"uv": [10, 2, 11, 3], "texture": "#3"},
				"east": {"uv": [10, 2, 11, 3], "texture": "#3"},
				"south": {"uv": [10, 2, 11, 3], "texture": "#3"},
				"west": {"uv": [10, 2, 11, 3], "texture": "#3"},
				"up": {"uv": [10, 2, 11, 3], "texture": "#3"},
				"down": {"uv": [10, 2, 11, 3], "texture": "#3"}
			}
		},
		{
			"from": [-3.75, 10.25, 8],
			"to": [-2.75, 10.25, 9],
			"rotation": {"angle": 0, "axis": "y", "origin": [4.25, 18.25, 16]},
			"faces": {
				"north": {"uv": [1, 1, 2, 2], "texture": "#3"},
				"east": {"uv": [1, 1, 2, 2], "texture": "#3"},
				"south": {"uv": [1, 1, 2, 2], "texture": "#3"},
				"west": {"uv": [1, 1, 2, 2], "texture": "#3"},
				"up": {"uv": [1, 1, 2, 2], "texture": "#3"},
				"down": {"uv": [1, 1, 2, 2], "texture": "#3"}
			}
		},
		{
			"from": [-2.5, 9.75, 8],
			"to": [-1.5, 9.75, 9],
			"rotation": {"angle": 0, "axis": "y", "origin": [5.5, 17.75, 16]},
			"faces": {
				"north": {"uv": [4, 1, 5, 2], "texture": "#3"},
				"east": {"uv": [4, 1, 5, 2], "texture": "#3"},
				"south": {"uv": [4, 1, 5, 2], "texture": "#3"},
				"west": {"uv": [4, 1, 5, 2], "texture": "#3"},
				"up": {"uv": [4, 1, 5, 2], "texture": "#3"},
				"down": {"uv": [4, 1, 5, 2], "texture": "#3"}
			}
		},
		{
			"from": [-1.25, 9.25, 8],
			"to": [-0.25, 9.25, 9],
			"rotation": {"angle": 0, "axis": "y", "origin": [6.75, 17.25, 16]},
			"faces": {
				"north": {"uv": [7, 1, 8, 2], "texture": "#3"},
				"east": {"uv": [7, 1, 8, 2], "texture": "#3"},
				"south": {"uv": [7, 1, 8, 2], "texture": "#3"},
				"west": {"uv": [7, 1, 8, 2], "texture": "#3"},
				"up": {"uv": [7, 1, 8, 2], "texture": "#3"},
				"down": {"uv": [7, 1, 8, 2], "texture": "#3"}
			}
		},
		{
			"from": [-1.25, 8.5, 10],
			"to": [-0.25, 9.25, 10],
			"rotation": {"angle": 0, "axis": "x", "origin": [-0.75, 8.75, 10]},
			"faces": {
				"north": {"uv": [10, 2, 11, 3], "texture": "#3"},
				"east": {"uv": [10, 2, 11, 3], "texture": "#3"},
				"south": {"uv": [10, 2, 11, 3], "texture": "#3"},
				"west": {"uv": [10, 2, 11, 3], "texture": "#3"},
				"up": {"uv": [10, 2, 11, 3], "texture": "#3"},
				"down": {"uv": [10, 2, 11, 3], "texture": "#3"}
			}
		},
		{
			"from": [-2.75, 8, 10],
			"to": [-1.75, 8.75, 10],
			"rotation": {"angle": 0, "axis": "x", "origin": [-2.25, 8.25, 10]},
			"faces": {
				"north": {"uv": [1, 1, 2, 2], "rotation": 180, "texture": "#3"},
				"east": {"uv": [1, 1, 2, 2], "rotation": 270, "texture": "#3"},
				"south": {"uv": [1, 1, 2, 2], "texture": "#3"},
				"west": {"uv": [1, 1, 2, 2], "rotation": 90, "texture": "#3"},
				"up": {"uv": [1, 1, 2, 2], "rotation": 180, "texture": "#3"},
				"down": {"uv": [1, 1, 2, 2], "texture": "#3"}
			}
		},
		{
			"from": [-4.25, 7.75, 10],
			"to": [-3.25, 8.5, 10],
			"rotation": {"angle": 0, "axis": "x", "origin": [-3.75, 8, 10]},
			"faces": {
				"north": {"uv": [4, 1, 5, 2], "rotation": 90, "texture": "#3"},
				"east": {"uv": [4, 1, 5, 2], "rotation": 90, "texture": "#3"},
				"south": {"uv": [4, 1, 5, 2], "rotation": 90, "texture": "#3"},
				"west": {"uv": [4, 1, 5, 2], "rotation": 90, "texture": "#3"},
				"up": {"uv": [4, 1, 5, 2], "rotation": 90, "texture": "#3"},
				"down": {"uv": [4, 1, 5, 2], "rotation": 90, "texture": "#3"}
			}
		},
		{
			"from": [-5.5, 7.25, 10],
			"to": [-4.5, 8, 10],
			"rotation": {"angle": 0, "axis": "x", "origin": [-5, 7.5, 10]},
			"faces": {
				"north": {"uv": [7, 1, 8, 2], "rotation": 90, "texture": "#3"},
				"east": {"uv": [7, 1, 8, 2], "rotation": 90, "texture": "#3"},
				"south": {"uv": [7, 1, 8, 2], "rotation": 90, "texture": "#3"},
				"west": {"uv": [7, 1, 8, 2], "rotation": 90, "texture": "#3"},
				"up": {"uv": [7, 1, 8, 2], "rotation": 90, "texture": "#3"},
				"down": {"uv": [7, 1, 8, 2], "rotation": 90, "texture": "#3"}
			}
		},
		{
			"from": [-5.5, 7.5, 9],
			"to": [-4.5, 7.5, 9.75],
			"rotation": {"angle": 0, "axis": "x", "origin": [-5, 7.5, 9.25]},
			"faces": {
				"north": {"uv": [10, 2, 11, 3], "texture": "#3"},
				"east": {"uv": [10, 2, 11, 3], "texture": "#3"},
				"south": {"uv": [10, 2, 11, 3], "texture": "#3"},
				"west": {"uv": [10, 2, 11, 3], "texture": "#3"},
				"up": {"uv": [10, 2, 11, 3], "texture": "#3"},
				"down": {"uv": [10, 2, 11, 3], "texture": "#3"}
			}
		},
		{
			"from": [-6.5, 8, 9],
			"to": [-5.5, 8, 9.75],
			"rotation": {"angle": 0, "axis": "x", "origin": [-6, 8, 9.25]},
			"faces": {
				"north": {"uv": [1, 1, 2, 2], "rotation": 180, "texture": "#3"},
				"east": {"uv": [1, 1, 2, 2], "rotation": 180, "texture": "#3"},
				"south": {"uv": [1, 1, 2, 2], "rotation": 180, "texture": "#3"},
				"west": {"uv": [1, 1, 2, 2], "rotation": 180, "texture": "#3"},
				"up": {"uv": [1, 1, 2, 2], "texture": "#3"},
				"down": {"uv": [1, 1, 2, 2], "texture": "#3"}
			}
		},
		{
			"from": [-7.75, 8.5, 9],
			"to": [-6.75, 8.5, 9.75],
			"rotation": {"angle": 0, "axis": "x", "origin": [-7.25, 8.5, 9.25]},
			"faces": {
				"north": {"uv": [4, 1, 5, 2], "rotation": 180, "texture": "#3"},
				"east": {"uv": [4, 1, 5, 2], "rotation": 180, "texture": "#3"},
				"south": {"uv": [4, 1, 5, 2], "rotation": 180, "texture": "#3"},
				"west": {"uv": [4, 1, 5, 2], "rotation": 180, "texture": "#3"},
				"up": {"uv": [4, 1, 5, 2], "rotation": 180, "texture": "#3"},
				"down": {"uv": [4, 1, 5, 2], "rotation": 180, "texture": "#3"}
			}
		},
		{
			"from": [-8.75, 8.75, 9],
			"to": [-7.75, 8.75, 9.75],
			"rotation": {"angle": 0, "axis": "x", "origin": [-8.25, 8.75, 9.25]},
			"faces": {
				"north": {"uv": [7, 1, 8, 2], "rotation": 180, "texture": "#3"},
				"east": {"uv": [7, 1, 8, 2], "rotation": 180, "texture": "#3"},
				"south": {"uv": [7, 1, 8, 2], "rotation": 180, "texture": "#3"},
				"west": {"uv": [7, 1, 8, 2], "rotation": 180, "texture": "#3"},
				"up": {"uv": [7, 1, 8, 2], "rotation": 180, "texture": "#3"},
				"down": {"uv": [7, 1, 8, 2], "rotation": 180, "texture": "#3"}
			}
		},
		{
			"from": [-10, 9.25, 9],
			"to": [-9, 9.25, 9.75],
			"rotation": {"angle": 0, "axis": "x", "origin": [-9.5, 9.25, 9.25]},
			"faces": {
				"north": {"uv": [10, 2, 11, 3], "texture": "#3"},
				"east": {"uv": [10, 2, 11, 3], "texture": "#3"},
				"south": {"uv": [10, 2, 11, 3], "texture": "#3"},
				"west": {"uv": [10, 2, 11, 3], "texture": "#3"},
				"up": {"uv": [10, 2, 11, 3], "texture": "#3"},
				"down": {"uv": [10, 2, 11, 3], "texture": "#3"}
			}
		},
		{
			"from": [-10.25, 9.85, 9],
			"to": [-10.25, 10.85, 9.75],
			"rotation": {"angle": -22.5, "axis": "z", "origin": [-10.25, 10.35, 9.25]},
			"faces": {
				"north": {"uv": [1, 1, 2, 2], "rotation": 90, "texture": "#3"},
				"east": {"uv": [1, 1, 2, 2], "rotation": 90, "texture": "#3"},
				"south": {"uv": [1, 1, 2, 2], "rotation": 270, "texture": "#3"},
				"west": {"uv": [1, 1, 2, 2], "rotation": 90, "texture": "#3"},
				"up": {"uv": [1, 1, 2, 2], "rotation": 270, "texture": "#3"},
				"down": {"uv": [1, 1, 2, 2], "rotation": 270, "texture": "#3"}
			}
		},
		{
			"from": [-9.75, 10.65, 9],
			"to": [-9.75, 11.65, 9.75],
			"rotation": {"angle": -22.5, "axis": "z", "origin": [-9.75, 11.15, 9.25]},
			"faces": {
				"north": {"uv": [4, 1, 5, 2], "rotation": 90, "texture": "#3"},
				"east": {"uv": [4, 1, 5, 2], "rotation": 90, "texture": "#3"},
				"south": {"uv": [4, 1, 5, 2], "rotation": 90, "texture": "#3"},
				"west": {"uv": [4, 1, 5, 2], "rotation": 90, "texture": "#3"},
				"up": {"uv": [4, 1, 5, 2], "rotation": 90, "texture": "#3"},
				"down": {"uv": [4, 1, 5, 2], "rotation": 90, "texture": "#3"}
			}
		},
		{
			"from": [-9.5, 11.65, 9],
			"to": [-9.5, 12.65, 9.75],
			"rotation": {"angle": -22.5, "axis": "z", "origin": [-9.5, 12.15, 9.25]},
			"faces": {
				"north": {"uv": [7, 1, 8, 2], "rotation": 90, "texture": "#3"},
				"east": {"uv": [7, 1, 8, 2], "rotation": 90, "texture": "#3"},
				"south": {"uv": [7, 1, 8, 2], "rotation": 90, "texture": "#3"},
				"west": {"uv": [7, 1, 8, 2], "rotation": 90, "texture": "#3"},
				"up": {"uv": [7, 1, 8, 2], "rotation": 90, "texture": "#3"},
				"down": {"uv": [7, 1, 8, 2], "rotation": 90, "texture": "#3"}
			}
		}
	]
}