{
	"credit": "Made with Blockbench",
	"parent": "minecraft:block/tinted_cross",
	"textures": {
		"1": "block/kelp_plant",
		"2": "block/kelp_plant_big_mid",
		"3": "block/kelp_big_mid",
		"particle": "block/kelp_plant"
	},
	"elements": [
		{
			"from": [0, 0, 8],
			"to": [16, 16, 8],
			"rotation": {"angle": -45, "axis": "y", "origin": [8, 8, 8]},
			"faces": {
				"north": {"uv": [0, 0, 16, 16], "texture": "#1"},
				"east": {"uv": [0, 0, 0, 16], "texture": "#1"},
				"south": {"uv": [0, 0, 16, 16], "texture": "#1"},
				"west": {"uv": [0, 0, 0, 16], "texture": "#1"},
				"up": {"uv": [0, 0, 0, 16], "rotation": 270, "texture": "#1"},
				"down": {"uv": [0, 0, 0, 16], "rotation": 90, "texture": "#1"}
			}
		},
		{
			"from": [0, 0, 8],
			"to": [16, 16, 8],
			"rotation": {"angle": 45, "axis": "y", "origin": [8, 8, 8]},
			"faces": {
				"north": {"uv": [0, 0, 16, 16], "texture": "#1"},
				"east": {"uv": [0, 0, 0, 16], "texture": "#1"},
				"south": {"uv": [0, 0, 16, 16], "texture": "#1"},
				"west": {"uv": [0, 0, 0, 16], "texture": "#1"},
				"up": {"uv": [0, 0, 0, 16], "rotation": 270, "texture": "#1"},
				"down": {"uv": [0, 0, 0, 16], "rotation": 90, "texture": "#1"}
			}
		},
		{
			"from": [8, 0, 0],
			"to": [8, 16, 16],
			"rotation": {"angle": -45, "axis": "z", "origin": [8, 0, 8]},
			"faces": {
				"north": {"uv": [0, 0, 0, 16], "texture": "#2"},
				"east": {"uv": [0, 0, 16, 16], "texture": "#2"},
				"south": {"uv": [0, 0, 0, 16], "texture": "#2"},
				"west": {"uv": [0, 0, 16, 16], "texture": "#2"},
				"up": {"uv": [0, 0, 0, 16], "rotation": 180, "texture": "#2"},
				"down": {"uv": [0, 0, 0, 16], "rotation": 180, "texture": "#2"}
			}
		},
		{
			"from": [8, 0, 0],
			"to": [8, 16, 16],
			"rotation": {"angle": 45, "axis": "z", "origin": [8, 0, 8]},
			"faces": {
				"north": {"uv": [0, 0, 0, 16], "texture": "#2"},
				"east": {"uv": [0, 0, 16, 16], "texture": "#2"},
				"south": {"uv": [0, 0, 0, 16], "texture": "#2"},
				"west": {"uv": [0, 0, 16, 16], "texture": "#2"},
				"up": {"uv": [0, 0, 0, 16], "rotation": 180, "texture": "#2"},
				"down": {"uv": [0, 0, 0, 16], "rotation": 180, "texture": "#2"}
			}
		},
		{
			"from": [2, 14.5, 0],
			"to": [2, 30.5, 16],
			"rotation": {"angle": 22.5, "axis": "z", "origin": [8, 0, 8]},
			"faces": {
				"north": {"uv": [0, 0, 0, 16], "texture": "#3"},
				"east": {"uv": [0, 0, 16, 16], "texture": "#3"},
				"south": {"uv": [0, 0, 0, 16], "texture": "#3"},
				"west": {"uv": [0, 0, 16, 16], "texture": "#3"},
				"up": {"uv": [0, 0, 0, 16], "rotation": 180, "texture": "#3"},
				"down": {"uv": [0, 0, 0, 16], "rotation": 180, "texture": "#3"}
			}
		},
		{
			"from": [14, 14.5, 0],
			"to": [14, 30.5, 16],
			"rotation": {"angle": -22.5, "axis": "z", "origin": [8, 0, 8]},
			"faces": {
				"north": {"uv": [0, 0, 0, 16], "texture": "#3"},
				"east": {"uv": [0, 0, 16, 16], "texture": "#3"},
				"south": {"uv": [0, 0, 0, 16], "texture": "#3"},
				"west": {"uv": [0, 0, 16, 16], "texture": "#3"},
				"up": {"uv": [0, 0, 0, 16], "rotation": 180, "texture": "#3"},
				"down": {"uv": [0, 0, 0, 16], "rotation": 180, "texture": "#3"}
			}
		},
		{
			"from": [0, 0, 8],
			"to": [16, 16, 8],
			"rotation": {"angle": 45, "axis": "x", "origin": [8, 0, 8]},
			"faces": {
				"north": {"uv": [0, 0, 16, 16], "texture": "#2"},
				"east": {"uv": [0, 0, 0, 16], "texture": "#2"},
				"south": {"uv": [0, 0, 16, 16], "texture": "#2"},
				"west": {"uv": [0, 0, 0, 16], "texture": "#2"},
				"up": {"uv": [0, 0, 0, 16], "rotation": 270, "texture": "#2"},
				"down": {"uv": [0, 0, 0, 16], "rotation": 90, "texture": "#2"}
			}
		},
		{
			"from": [0, 0, 8],
			"to": [16, 16, 8],
			"rotation": {"angle": -45, "axis": "x", "origin": [8, 0, 8]},
			"faces": {
				"north": {"uv": [0, 0, 16, 16], "texture": "#2"},
				"east": {"uv": [0, 0, 0, 16], "texture": "#2"},
				"south": {"uv": [0, 0, 16, 16], "texture": "#2"},
				"west": {"uv": [0, 0, 0, 16], "texture": "#2"},
				"up": {"uv": [0, 0, 0, 16], "rotation": 270, "texture": "#2"},
				"down": {"uv": [0, 0, 0, 16], "rotation": 90, "texture": "#2"}
			}
		},
		{
			"from": [0, 14.5, 2],
			"to": [16, 30.5, 2],
			"rotation": {"angle": -22.5, "axis": "x", "origin": [8, 0, 8]},
			"faces": {
				"north": {"uv": [0, 0, 16, 16], "texture": "#3"},
				"east": {"uv": [0, 0, 0, 16], "texture": "#3"},
				"south": {"uv": [0, 0, 16, 16], "texture": "#3"},
				"west": {"uv": [0, 0, 0, 16], "texture": "#3"},
				"up": {"uv": [0, 0, 0, 16], "rotation": 270, "texture": "#3"},
				"down": {"uv": [0, 0, 0, 16], "rotation": 90, "texture": "#3"}
			}
		},
		{
			"from": [0, 14.5, 14],
			"to": [16, 30.5, 14],
			"rotation": {"angle": 22.5, "axis": "x", "origin": [8, 0, 8]},
			"faces": {
				"north": {"uv": [0, 0, 16, 16], "texture": "#3"},
				"east": {"uv": [0, 0, 0, 16], "texture": "#3"},
				"south": {"uv": [0, 0, 16, 16], "texture": "#3"},
				"west": {"uv": [0, 0, 0, 16], "texture": "#3"},
				"up": {"uv": [0, 0, 0, 16], "rotation": 270, "texture": "#3"},
				"down": {"uv": [0, 0, 0, 16], "rotation": 90, "texture": "#3"}
			}
		},
		{
			"from": [8, -9, 0],
			"to": [8, 7, 16],
			"rotation": {"angle": -45, "axis": "z", "origin": [8, -9, 8]},
			"faces": {
				"north": {"uv": [0, 0, 0, 16], "texture": "#2"},
				"east": {"uv": [0, 0, 16, 16], "texture": "#2"},
				"south": {"uv": [0, 0, 0, 16], "texture": "#2"},
				"west": {"uv": [0, 0, 16, 16], "texture": "#2"},
				"up": {"uv": [0, 0, 0, 16], "rotation": 180, "texture": "#2"},
				"down": {"uv": [0, 0, 0, 16], "rotation": 180, "texture": "#2"}
			}
		},
		{
			"from": [8, -9, 0],
			"to": [8, 7, 16],
			"rotation": {"angle": 45, "axis": "z", "origin": [8, -9, 8]},
			"faces": {
				"north": {"uv": [0, 0, 0, 16], "texture": "#2"},
				"east": {"uv": [0, 0, 16, 16], "texture": "#2"},
				"south": {"uv": [0, 0, 0, 16], "texture": "#2"},
				"west": {"uv": [0, 0, 16, 16], "texture": "#2"},
				"up": {"uv": [0, 0, 0, 16], "rotation": 180, "texture": "#2"},
				"down": {"uv": [0, 0, 0, 16], "rotation": 180, "texture": "#2"}
			}
		},
		{
			"from": [2, 5.5, 0],
			"to": [2, 21.5, 16],
			"rotation": {"angle": 22.5, "axis": "z", "origin": [8, -9, 8]},
			"faces": {
				"north": {"uv": [0, 0, 0, 16], "texture": "#2"},
				"east": {"uv": [0, 0, 16, 16], "texture": "#2"},
				"south": {"uv": [0, 0, 0, 16], "texture": "#2"},
				"west": {"uv": [0, 0, 16, 16], "texture": "#2"},
				"up": {"uv": [0, 0, 0, 16], "rotation": 180, "texture": "#2"},
				"down": {"uv": [0, 0, 0, 16], "rotation": 180, "texture": "#2"}
			}
		},
		{
			"from": [14, 5.5, 0],
			"to": [14, 21.5, 16],
			"rotation": {"angle": -22.5, "axis": "z", "origin": [8, -9, 8]},
			"faces": {
				"north": {"uv": [0, 0, 0, 16], "texture": "#2"},
				"east": {"uv": [0, 0, 16, 16], "texture": "#2"},
				"south": {"uv": [0, 0, 0, 16], "texture": "#2"},
				"west": {"uv": [0, 0, 16, 16], "texture": "#2"},
				"up": {"uv": [0, 0, 0, 16], "rotation": 180, "texture": "#2"},
				"down": {"uv": [0, 0, 0, 16], "rotation": 180, "texture": "#2"}
			}
		},
		{
			"from": [0, -9, 8],
			"to": [16, 7, 8],
			"rotation": {"angle": 45, "axis": "x", "origin": [8, -9, 8]},
			"faces": {
				"north": {"uv": [0, 0, 16, 16], "texture": "#2"},
				"east": {"uv": [0, 0, 0, 16], "texture": "#2"},
				"south": {"uv": [0, 0, 16, 16], "texture": "#2"},
				"west": {"uv": [0, 0, 0, 16], "texture": "#2"},
				"up": {"uv": [0, 0, 0, 16], "rotation": 270, "texture": "#2"},
				"down": {"uv": [0, 0, 0, 16], "rotation": 90, "texture": "#2"}
			}
		},
		{
			"from": [0, -9, 8],
			"to": [16, 7, 8],
			"rotation": {"angle": -45, "axis": "x", "origin": [8, -9, 8]},
			"faces": {
				"north": {"uv": [0, 0, 16, 16], "texture": "#2"},
				"east": {"uv": [0, 0, 0, 16], "texture": "#2"},
				"south": {"uv": [0, 0, 16, 16], "texture": "#2"},
				"west": {"uv": [0, 0, 0, 16], "texture": "#2"},
				"up": {"uv": [0, 0, 0, 16], "rotation": 270, "texture": "#2"},
				"down": {"uv": [0, 0, 0, 16], "rotation": 90, "texture": "#2"}
			}
		},
		{
			"from": [0, 5.5, 2],
			"to": [16, 21.5, 2],
			"rotation": {"angle": -22.5, "axis": "x", "origin": [8, -9, 8]},
			"faces": {
				"north": {"uv": [0, 0, 16, 16], "texture": "#2"},
				"east": {"uv": [0, 0, 0, 16], "texture": "#2"},
				"south": {"uv": [0, 0, 16, 16], "texture": "#2"},
				"west": {"uv": [0, 0, 0, 16], "texture": "#2"},
				"up": {"uv": [0, 0, 0, 16], "rotation": 270, "texture": "#2"},
				"down": {"uv": [0, 0, 0, 16], "rotation": 90, "texture": "#2"}
			}
		},
		{
			"from": [0, 5.5, 14],
			"to": [16, 21.5, 14],
			"rotation": {"angle": 22.5, "axis": "x", "origin": [8, -9, 8]},
			"faces": {
				"north": {"uv": [0, 0, 16, 16], "texture": "#2"},
				"east": {"uv": [0, 0, 0, 16], "texture": "#2"},
				"south": {"uv": [0, 0, 16, 16], "texture": "#2"},
				"west": {"uv": [0, 0, 0, 16], "texture": "#2"},
				"up": {"uv": [0, 0, 0, 16], "rotation": 270, "texture": "#2"},
				"down": {"uv": [0, 0, 0, 16], "rotation": 90, "texture": "#2"}
			}
		},
		{
			"from": [0, 9, 8],
			"to": [16, 25, 8],
			"rotation": {"angle": -45, "axis": "x", "origin": [8, 9, 8]},
			"faces": {
				"north": {"uv": [0, 0, 16, 16], "texture": "#2"},
				"east": {"uv": [0, 0, 0, 16], "texture": "#2"},
				"south": {"uv": [0, 0, 16, 16], "texture": "#2"},
				"west": {"uv": [0, 0, 0, 16], "texture": "#2"},
				"up": {"uv": [0, 0, 0, 16], "rotation": 270, "texture": "#2"},
				"down": {"uv": [0, 0, 0, 16], "rotation": 90, "texture": "#2"}
			}
		},
		{
			"from": [0, 9, 8],
			"to": [16, 25, 8],
			"rotation": {"angle": 45, "axis": "x", "origin": [8, 9, 8]},
			"faces": {
				"north": {"uv": [0, 0, 16, 16], "texture": "#2"},
				"east": {"uv": [0, 0, 0, 16], "texture": "#2"},
				"south": {"uv": [0, 0, 16, 16], "texture": "#2"},
				"west": {"uv": [0, 0, 0, 16], "texture": "#2"},
				"up": {"uv": [0, 0, 0, 16], "rotation": 270, "texture": "#2"},
				"down": {"uv": [0, 0, 0, 16], "rotation": 90, "texture": "#2"}
			}
		},
		{
			"from": [8, 9, 0],
			"to": [8, 25, 16],
			"rotation": {"angle": -45, "axis": "z", "origin": [8, 9, 8]},
			"faces": {
				"north": {"uv": [0, 0, 0, 16], "texture": "#2"},
				"east": {"uv": [0, 0, 16, 16], "texture": "#2"},
				"south": {"uv": [0, 0, 0, 16], "texture": "#2"},
				"west": {"uv": [0, 0, 16, 16], "texture": "#2"},
				"up": {"uv": [0, 0, 0, 16], "rotation": 180, "texture": "#2"},
				"down": {"uv": [0, 0, 0, 16], "rotation": 180, "texture": "#2"}
			}
		},
		{
			"from": [8, 9, 0],
			"to": [8, 25, 16],
			"rotation": {"angle": 45, "axis": "z", "origin": [8, 9, 8]},
			"faces": {
				"north": {"uv": [0, 0, 0, 16], "texture": "#2"},
				"east": {"uv": [0, 0, 16, 16], "texture": "#2"},
				"south": {"uv": [0, 0, 0, 16], "texture": "#2"},
				"west": {"uv": [0, 0, 16, 16], "texture": "#2"},
				"up": {"uv": [0, 0, 0, 16], "rotation": 180, "texture": "#2"},
				"down": {"uv": [0, 0, 0, 16], "rotation": 180, "texture": "#2"}
			}
		}
	],
	"groups": [
		{
			"name": "Absolute Top",
			"origin": [8, 24, 8],
			"children": []
		},
		{
			"name": "Middle",
			"origin": [8, 8, 8],
			"children": [0, 1,
				{
					"name": "Leaves",
					"origin": [8, -16, 8],
					"children": [2, 3, 4, 5, 6, 7, 8, 9]
				},
				{
					"name": "Leaves",
					"origin": [8, -16, 8],
					"children": [10, 11, 12, 13, 14, 15, 16, 17]
				},
				{
					"name": "group",
					"origin": [8, 0, 8],
					"children": [18, 19, 20, 21]
				}
			]
		},
		{
			"name": "Bottom",
			"origin": [8, -8, 8],
			"children": [
				{
					"name": "Leaves",
					"origin": [8, -16, 8],
					"children": []
				}
			]
		}
	]
}