{
	"credit": "Made with Blockbench",
	"ambientocclusion": false,
	"textures": {
		"2": "block/lily_pad_bottom",
		"particle": "block/lily_pad_small",
		"texture": "block/lily_pad_small"
	},
	"elements": [
		{
			"from": [0, 0, 0],
			"to": [16, 0, 16],
			"rotation": {"angle": 0, "axis": "y", "origin": [8, 7.75, 8]},
			"faces": {
				"up": {"uv": [16, 0, 0, 16], "texture": "#texture", "tintindex": 0},
				"down": {"uv": [16, 16, 0, 0], "texture": "#texture", "tintindex": 0}
			}
		},
		{
			"from": [11.5, -6.05, 1],
			"to": [11.5, -0.05, 17],
			"rotation": {"angle": 0, "axis": "y", "origin": [11.5, -8.05, 9]},
			"faces": {
				"north": {"uv": [0, 0, 16, 6], "texture": "#2", "tintindex": 0},
				"east": {"uv": [16, 0, 0, 6], "texture": "#2", "tintindex": 0},
				"south": {"uv": [0, 0, 16, 6], "texture": "#2", "tintindex": 0},
				"west": {"uv": [0, 0, 16, 6], "texture": "#2", "tintindex": 0},
				"up": {"uv": [0, 0, 16, 6], "texture": "#2", "tintindex": 0},
				"down": {"uv": [0, 0, 16, 6], "texture": "#2", "tintindex": 0}
			}
		},
		{
			"from": [1, -6.05, 11.66667],
			"to": [17, -0.05, 11.66667],
			"rotation": {"angle": 0, "axis": "y", "origin": [5.33333, -4.05, 11.33333]},
			"faces": {
				"north": {"uv": [16, 0, 0, 6], "texture": "#2", "tintindex": 0},
				"east": {"uv": [0, 0, 16, 6], "texture": "#2", "tintindex": 0},
				"south": {"uv": [0, 0, 16, 6], "texture": "#2", "tintindex": 0},
				"west": {"uv": [0, 0, 16, 6], "texture": "#2", "tintindex": 0},
				"up": {"uv": [0, 0, 16, 6], "rotation": 270, "texture": "#2", "tintindex": 0},
				"down": {"uv": [0, 0, 16, 6], "rotation": 90, "texture": "#2", "tintindex": 0}
			}
		},
		{
			"from": [11.5, -10.05, -7],
			"to": [11.5, -6.05, 9],
			"rotation": {"angle": 0, "axis": "y", "origin": [11.5, -9.05, 1]},
			"faces": {
				"north": {"uv": [0, 12, 16, 16], "texture": "#2", "tintindex": 0},
				"east": {"uv": [16, 12, 0, 16], "texture": "#2", "tintindex": 0},
				"south": {"uv": [0, 12, 16, 16], "texture": "#2", "tintindex": 0},
				"west": {"uv": [0, 12, 16, 16], "texture": "#2", "tintindex": 0},
				"up": {"uv": [0, 12, 16, 16], "texture": "#2", "tintindex": 0},
				"down": {"uv": [0, 12, 16, 16], "texture": "#2", "tintindex": 0}
			}
		},
		{
			"from": [-7, -10.05, 11.66667],
			"to": [9, -6.05, 11.66667],
			"rotation": {"angle": 0, "axis": "y", "origin": [5.33333, -4.05, 11.33333]},
			"faces": {
				"north": {"uv": [16, 12, 0, 16], "texture": "#2", "tintindex": 0},
				"east": {"uv": [0, 12, 16, 16], "texture": "#2", "tintindex": 0},
				"south": {"uv": [0, 12, 16, 16], "texture": "#2", "tintindex": 0},
				"west": {"uv": [0, 12, 16, 16], "texture": "#2", "tintindex": 0},
				"up": {"uv": [0, 12, 16, 16], "rotation": 270, "texture": "#2", "tintindex": 0},
				"down": {"uv": [0, 12, 16, 16], "rotation": 90, "texture": "#2", "tintindex": 0}
			}
		},
		{
			"from": [8.5, -2.05, 6],
			"to": [16.5, -0.05, 6],
			"rotation": {"angle": 0, "axis": "y", "origin": [8.5, -8.05, 6]},
			"faces": {
				"north": {"uv": [0, 0, 8, 2], "texture": "#2", "tintindex": 0},
				"east": {"uv": [0, 0, 8, 2], "texture": "#2", "tintindex": 0},
				"south": {"uv": [8, 0, 0, 2], "texture": "#2", "tintindex": 0},
				"west": {"uv": [0, 0, 8, 2], "texture": "#2", "tintindex": 0},
				"up": {"uv": [0, 0, 8, 2], "texture": "#2", "tintindex": 0},
				"down": {"uv": [0, 0, 8, 2], "texture": "#2", "tintindex": 0}
			}
		},
		{
			"from": [5.5, -2.05, 6.66667],
			"to": [5.5, -0.05, 14.66667],
			"rotation": {"angle": 0, "axis": "y", "origin": [4.83333, -4.05, 11.33333]},
			"faces": {
				"north": {"uv": [0, 0, 8, 2], "texture": "#2", "tintindex": 0},
				"east": {"uv": [8, 0, 0, 2], "texture": "#2", "tintindex": 0},
				"south": {"uv": [0, 0, 8, 2], "texture": "#2", "tintindex": 0},
				"west": {"uv": [0, 0, 8, 2], "texture": "#2", "tintindex": 0},
				"up": {"uv": [0, 0, 8, 2], "rotation": 270, "texture": "#2", "tintindex": 0},
				"down": {"uv": [0, 0, 8, 2], "rotation": 90, "texture": "#2", "tintindex": 0}
			}
		},
		{
			"from": [3, 0, 6],
			"to": [7, 0.5, 6],
			"rotation": {"angle": 0, "axis": "y", "origin": [11, 8, 14]},
			"faces": {
				"north": {"uv": [3, 0, 4, 1], "texture": "#texture", "tintindex": 0},
				"east": {"uv": [3, 0, 4, 1], "texture": "#texture", "tintindex": 0},
				"south": {"uv": [3, 0, 4, 1], "texture": "#texture", "tintindex": 0},
				"west": {"uv": [3, 0, 4, 1], "texture": "#texture", "tintindex": 0},
				"up": {"uv": [3, 0, 4, 1], "texture": "#texture", "tintindex": 0},
				"down": {"uv": [3, 0, 4, 1], "texture": "#texture", "tintindex": 0}
			}
		},
		{
			"from": [3, 0, 16],
			"to": [7, 0.5, 16],
			"rotation": {"angle": 0, "axis": "y", "origin": [11, 8, 24]},
			"faces": {
				"north": {"uv": [3, 0, 4, 1], "texture": "#texture", "tintindex": 0},
				"east": {"uv": [3, 0, 4, 1], "texture": "#texture", "tintindex": 0},
				"south": {"uv": [3, 0, 4, 1], "texture": "#texture", "tintindex": 0},
				"west": {"uv": [3, 0, 4, 1], "texture": "#texture", "tintindex": 0},
				"up": {"uv": [3, 0, 4, 1], "texture": "#texture", "tintindex": 0},
				"down": {"uv": [3, 0, 4, 1], "texture": "#texture", "tintindex": 0}
			}
		},
		{
			"from": [7, 0, 15],
			"to": [8, 0.5, 15],
			"rotation": {"angle": 0, "axis": "y", "origin": [11, 8, 23]},
			"faces": {
				"north": {"uv": [3, 0, 4, 1], "texture": "#texture", "tintindex": 0},
				"east": {"uv": [3, 0, 4, 1], "texture": "#texture", "tintindex": 0},
				"south": {"uv": [3, 0, 4, 1], "texture": "#texture", "tintindex": 0},
				"west": {"uv": [3, 0, 4, 1], "texture": "#texture", "tintindex": 0},
				"up": {"uv": [3, 0, 4, 1], "texture": "#texture", "tintindex": 0},
				"down": {"uv": [3, 0, 4, 1], "texture": "#texture", "tintindex": 0}
			}
		},
		{
			"from": [7, 0, 7],
			"to": [8, 0.5, 7],
			"rotation": {"angle": 0, "axis": "y", "origin": [11, 8, 15]},
			"faces": {
				"north": {"uv": [3, 0, 4, 1], "texture": "#texture", "tintindex": 0},
				"east": {"uv": [3, 0, 4, 1], "texture": "#texture", "tintindex": 0},
				"south": {"uv": [3, 0, 4, 1], "texture": "#texture", "tintindex": 0},
				"west": {"uv": [3, 0, 4, 1], "texture": "#texture", "tintindex": 0},
				"up": {"uv": [3, 0, 4, 1], "texture": "#texture", "tintindex": 0},
				"down": {"uv": [3, 0, 4, 1], "texture": "#texture", "tintindex": 0}
			}
		},
		{
			"from": [8, 0, 8],
			"to": [9, 0.5, 8],
			"rotation": {"angle": 0, "axis": "y", "origin": [12, 8, 16]},
			"faces": {
				"north": {"uv": [3, 0, 4, 1], "texture": "#texture", "tintindex": 0},
				"east": {"uv": [3, 0, 4, 1], "texture": "#texture", "tintindex": 0},
				"south": {"uv": [3, 0, 4, 1], "texture": "#texture", "tintindex": 0},
				"west": {"uv": [3, 0, 4, 1], "texture": "#texture", "tintindex": 0},
				"up": {"uv": [3, 0, 4, 1], "texture": "#texture", "tintindex": 0},
				"down": {"uv": [3, 0, 4, 1], "texture": "#texture", "tintindex": 0}
			}
		},
		{
			"from": [9, 0, 9],
			"to": [10, 0.5, 9],
			"rotation": {"angle": 0, "axis": "y", "origin": [13, 8, 17]},
			"faces": {
				"north": {"uv": [3, 0, 4, 1], "texture": "#texture", "tintindex": 0},
				"east": {"uv": [3, 0, 4, 1], "texture": "#texture", "tintindex": 0},
				"south": {"uv": [3, 0, 4, 1], "texture": "#texture", "tintindex": 0},
				"west": {"uv": [3, 0, 4, 1], "texture": "#texture", "tintindex": 0},
				"up": {"uv": [3, 0, 4, 1], "texture": "#texture", "tintindex": 0},
				"down": {"uv": [3, 0, 4, 1], "texture": "#texture", "tintindex": 0}
			}
		},
		{
			"from": [10, 0, 10],
			"to": [13, 0.5, 10],
			"rotation": {"angle": 0, "axis": "y", "origin": [14, 8, 18]},
			"faces": {
				"north": {"uv": [3, 0, 4, 1], "texture": "#texture", "tintindex": 0},
				"east": {"uv": [3, 0, 4, 1], "texture": "#texture", "tintindex": 0},
				"south": {"uv": [3, 0, 4, 1], "texture": "#texture", "tintindex": 0},
				"west": {"uv": [3, 0, 4, 1], "texture": "#texture", "tintindex": 0},
				"up": {"uv": [3, 0, 4, 1], "texture": "#texture", "tintindex": 0},
				"down": {"uv": [3, 0, 4, 1], "texture": "#texture", "tintindex": 0}
			}
		},
		{
			"from": [9, 0, 0],
			"to": [13, 0.5, 0],
			"rotation": {"angle": 0, "axis": "y", "origin": [14, 8, 8]},
			"faces": {
				"north": {"uv": [3, 0, 4, 1], "texture": "#texture", "tintindex": 0},
				"east": {"uv": [3, 0, 4, 1], "texture": "#texture", "tintindex": 0},
				"south": {"uv": [3, 0, 4, 1], "texture": "#texture", "tintindex": 0},
				"west": {"uv": [3, 0, 4, 1], "texture": "#texture", "tintindex": 0},
				"up": {"uv": [3, 0, 4, 1], "texture": "#texture", "tintindex": 0},
				"down": {"uv": [3, 0, 4, 1], "texture": "#texture", "tintindex": 0}
			}
		},
		{
			"from": [7, 0, 1],
			"to": [9, 0.5, 1],
			"rotation": {"angle": 0, "axis": "y", "origin": [12, 8, 9]},
			"faces": {
				"north": {"uv": [3, 0, 4, 1], "texture": "#texture", "tintindex": 0},
				"east": {"uv": [3, 0, 4, 1], "texture": "#texture", "tintindex": 0},
				"south": {"uv": [3, 0, 4, 1], "texture": "#texture", "tintindex": 0},
				"west": {"uv": [3, 0, 4, 1], "texture": "#texture", "tintindex": 0},
				"up": {"uv": [3, 0, 4, 1], "texture": "#texture", "tintindex": 0},
				"down": {"uv": [3, 0, 4, 1], "texture": "#texture", "tintindex": 0}
			}
		},
		{
			"from": [13, 0, 1],
			"to": [14, 0.5, 1],
			"rotation": {"angle": 0, "axis": "y", "origin": [18, 8, 9]},
			"faces": {
				"north": {"uv": [3, 0, 4, 1], "texture": "#texture", "tintindex": 0},
				"east": {"uv": [3, 0, 4, 1], "texture": "#texture", "tintindex": 0},
				"south": {"uv": [3, 0, 4, 1], "texture": "#texture", "tintindex": 0},
				"west": {"uv": [3, 0, 4, 1], "texture": "#texture", "tintindex": 0},
				"up": {"uv": [3, 0, 4, 1], "texture": "#texture", "tintindex": 0},
				"down": {"uv": [3, 0, 4, 1], "texture": "#texture", "tintindex": 0}
			}
		},
		{
			"from": [6, 0, 3],
			"to": [7, 0.5, 3],
			"rotation": {"angle": 0, "axis": "y", "origin": [11, 8, 11]},
			"faces": {
				"north": {"uv": [3, 0, 4, 1], "texture": "#texture", "tintindex": 0},
				"east": {"uv": [3, 0, 4, 1], "texture": "#texture", "tintindex": 0},
				"south": {"uv": [3, 0, 4, 1], "texture": "#texture", "tintindex": 0},
				"west": {"uv": [3, 0, 4, 1], "texture": "#texture", "tintindex": 0},
				"up": {"uv": [3, 0, 4, 1], "texture": "#texture", "tintindex": 0},
				"down": {"uv": [3, 0, 4, 1], "texture": "#texture", "tintindex": 0}
			}
		},
		{
			"from": [14, 0, 2],
			"to": [15, 0.5, 2],
			"rotation": {"angle": 0, "axis": "y", "origin": [19, 8, 10]},
			"faces": {
				"north": {"uv": [3, 0, 4, 1], "texture": "#texture", "tintindex": 0},
				"east": {"uv": [3, 0, 4, 1], "texture": "#texture", "tintindex": 0},
				"south": {"uv": [3, 0, 4, 1], "texture": "#texture", "tintindex": 0},
				"west": {"uv": [3, 0, 4, 1], "texture": "#texture", "tintindex": 0},
				"up": {"uv": [3, 0, 4, 1], "texture": "#texture", "tintindex": 0},
				"down": {"uv": [3, 0, 4, 1], "texture": "#texture", "tintindex": 0}
			}
		},
		{
			"from": [15, 0, 3],
			"to": [16, 0.5, 3],
			"rotation": {"angle": 0, "axis": "y", "origin": [20, 8, 11]},
			"faces": {
				"north": {"uv": [3, 0, 4, 1], "texture": "#texture", "tintindex": 0},
				"east": {"uv": [3, 0, 4, 1], "texture": "#texture", "tintindex": 0},
				"south": {"uv": [3, 0, 4, 1], "texture": "#texture", "tintindex": 0},
				"west": {"uv": [3, 0, 4, 1], "texture": "#texture", "tintindex": 0},
				"up": {"uv": [3, 0, 4, 1], "texture": "#texture", "tintindex": 0},
				"down": {"uv": [3, 0, 4, 1], "texture": "#texture", "tintindex": 0}
			}
		},
		{
			"from": [13, 0, 9],
			"to": [15, 0.5, 9],
			"rotation": {"angle": 0, "axis": "y", "origin": [19, 8, 17]},
			"faces": {
				"north": {"uv": [3, 0, 4, 1], "texture": "#texture", "tintindex": 0},
				"east": {"uv": [3, 0, 4, 1], "texture": "#texture", "tintindex": 0},
				"south": {"uv": [3, 0, 4, 1], "texture": "#texture", "tintindex": 0},
				"west": {"uv": [3, 0, 4, 1], "texture": "#texture", "tintindex": 0},
				"up": {"uv": [3, 0, 4, 1], "texture": "#texture", "tintindex": 0},
				"down": {"uv": [3, 0, 4, 1], "texture": "#texture", "tintindex": 0}
			}
		},
		{
			"from": [15, 0, 7],
			"to": [16, 0.5, 7],
			"rotation": {"angle": 0, "axis": "y", "origin": [20, 8, 15]},
			"faces": {
				"north": {"uv": [3, 0, 4, 1], "texture": "#texture", "tintindex": 0},
				"east": {"uv": [3, 0, 4, 1], "texture": "#texture", "tintindex": 0},
				"south": {"uv": [3, 0, 4, 1], "texture": "#texture", "tintindex": 0},
				"west": {"uv": [3, 0, 4, 1], "texture": "#texture", "tintindex": 0},
				"up": {"uv": [3, 0, 4, 1], "texture": "#texture", "tintindex": 0},
				"down": {"uv": [3, 0, 4, 1], "texture": "#texture", "tintindex": 0}
			}
		},
		{
			"from": [8, 0, 14],
			"to": [9, 0.5, 14],
			"rotation": {"angle": 0, "axis": "y", "origin": [12, 8, 22]},
			"faces": {
				"north": {"uv": [3, 0, 4, 1], "texture": "#texture", "tintindex": 0},
				"east": {"uv": [3, 0, 4, 1], "texture": "#texture", "tintindex": 0},
				"south": {"uv": [3, 0, 4, 1], "texture": "#texture", "tintindex": 0},
				"west": {"uv": [3, 0, 4, 1], "texture": "#texture", "tintindex": 0},
				"up": {"uv": [3, 0, 4, 1], "texture": "#texture", "tintindex": 0},
				"down": {"uv": [3, 0, 4, 1], "texture": "#texture", "tintindex": 0}
			}
		},
		{
			"from": [9, 0, 13],
			"to": [10, 0.5, 13],
			"rotation": {"angle": 0, "axis": "y", "origin": [13, 8, 21]},
			"faces": {
				"north": {"uv": [3, 0, 4, 1], "texture": "#texture", "tintindex": 0},
				"east": {"uv": [3, 0, 4, 1], "texture": "#texture", "tintindex": 0},
				"south": {"uv": [3, 0, 4, 1], "texture": "#texture", "tintindex": 0},
				"west": {"uv": [3, 0, 4, 1], "texture": "#texture", "tintindex": 0},
				"up": {"uv": [3, 0, 4, 1], "texture": "#texture", "tintindex": 0},
				"down": {"uv": [3, 0, 4, 1], "texture": "#texture", "tintindex": 0}
			}
		},
		{
			"from": [2, 0, 15],
			"to": [3, 0.5, 15],
			"rotation": {"angle": 0, "axis": "y", "origin": [6, 8, 23]},
			"faces": {
				"north": {"uv": [3, 0, 4, 1], "texture": "#texture", "tintindex": 0},
				"east": {"uv": [3, 0, 4, 1], "texture": "#texture", "tintindex": 0},
				"south": {"uv": [3, 0, 4, 1], "texture": "#texture", "tintindex": 0},
				"west": {"uv": [3, 0, 4, 1], "texture": "#texture", "tintindex": 0},
				"up": {"uv": [3, 0, 4, 1], "texture": "#texture", "tintindex": 0},
				"down": {"uv": [3, 0, 4, 1], "texture": "#texture", "tintindex": 0}
			}
		},
		{
			"from": [2, 0, 7],
			"to": [3, 0.5, 7],
			"rotation": {"angle": 0, "axis": "y", "origin": [6, 8, 15]},
			"faces": {
				"north": {"uv": [3, 0, 4, 1], "texture": "#texture", "tintindex": 0},
				"east": {"uv": [3, 0, 4, 1], "texture": "#texture", "tintindex": 0},
				"south": {"uv": [3, 0, 4, 1], "texture": "#texture", "tintindex": 0},
				"west": {"uv": [3, 0, 4, 1], "texture": "#texture", "tintindex": 0},
				"up": {"uv": [3, 0, 4, 1], "texture": "#texture", "tintindex": 0},
				"down": {"uv": [3, 0, 4, 1], "texture": "#texture", "tintindex": 0}
			}
		},
		{
			"from": [1, 0, 8],
			"to": [2, 0.5, 8],
			"rotation": {"angle": 0, "axis": "y", "origin": [5, 8, 16]},
			"faces": {
				"north": {"uv": [3, 0, 4, 1], "texture": "#texture", "tintindex": 0},
				"east": {"uv": [3, 0, 4, 1], "texture": "#texture", "tintindex": 0},
				"south": {"uv": [3, 0, 4, 1], "texture": "#texture", "tintindex": 0},
				"west": {"uv": [3, 0, 4, 1], "texture": "#texture", "tintindex": 0},
				"up": {"uv": [3, 0, 4, 1], "texture": "#texture", "tintindex": 0},
				"down": {"uv": [3, 0, 4, 1], "texture": "#texture", "tintindex": 0}
			}
		},
		{
			"from": [1, 0, 14],
			"to": [2, 0.5, 14],
			"rotation": {"angle": 0, "axis": "y", "origin": [5, 8, 22]},
			"faces": {
				"north": {"uv": [3, 0, 4, 1], "texture": "#texture", "tintindex": 0},
				"east": {"uv": [3, 0, 4, 1], "texture": "#texture", "tintindex": 0},
				"south": {"uv": [3, 0, 4, 1], "texture": "#texture", "tintindex": 0},
				"west": {"uv": [3, 0, 4, 1], "texture": "#texture", "tintindex": 0},
				"up": {"uv": [3, 0, 4, 1], "texture": "#texture", "tintindex": 0},
				"down": {"uv": [3, 0, 4, 1], "texture": "#texture", "tintindex": 0}
			}
		},
		{
			"from": [1, 0, 12],
			"to": [1, 0.5, 14],
			"rotation": {"angle": 0, "axis": "y", "origin": [5, 8, 21]},
			"faces": {
				"north": {"uv": [3, 0, 4, 1], "texture": "#texture", "tintindex": 0},
				"east": {"uv": [3, 0, 4, 1], "texture": "#texture", "tintindex": 0},
				"south": {"uv": [3, 0, 4, 1], "texture": "#texture", "tintindex": 0},
				"west": {"uv": [3, 0, 4, 1], "texture": "#texture", "tintindex": 0},
				"up": {"uv": [3, 0, 4, 1], "texture": "#texture", "tintindex": 0},
				"down": {"uv": [3, 0, 4, 1], "texture": "#texture", "tintindex": 0}
			}
		},
		{
			"from": [1, 0, 8],
			"to": [1, 0.5, 11],
			"rotation": {"angle": 0, "axis": "y", "origin": [5, 8, 18]},
			"faces": {
				"north": {"uv": [3, 0, 4, 1], "texture": "#texture", "tintindex": 0},
				"east": {"uv": [3, 0, 4, 1], "texture": "#texture", "tintindex": 0},
				"south": {"uv": [3, 0, 4, 1], "texture": "#texture", "tintindex": 0},
				"west": {"uv": [3, 0, 4, 1], "texture": "#texture", "tintindex": 0},
				"up": {"uv": [3, 0, 4, 1], "texture": "#texture", "tintindex": 0},
				"down": {"uv": [3, 0, 4, 1], "texture": "#texture", "tintindex": 0}
			}
		},
		{
			"from": [2, 0, 7],
			"to": [2, 0.5, 8],
			"rotation": {"angle": 0, "axis": "y", "origin": [6, 8, 17]},
			"faces": {
				"north": {"uv": [3, 0, 4, 1], "texture": "#texture", "tintindex": 0},
				"east": {"uv": [3, 0, 4, 1], "texture": "#texture", "tintindex": 0},
				"south": {"uv": [3, 0, 4, 1], "texture": "#texture", "tintindex": 0},
				"west": {"uv": [3, 0, 4, 1], "texture": "#texture", "tintindex": 0},
				"up": {"uv": [3, 0, 4, 1], "texture": "#texture", "tintindex": 0},
				"down": {"uv": [3, 0, 4, 1], "texture": "#texture", "tintindex": 0}
			}
		},
		{
			"from": [3, 0, 11],
			"to": [3, 0.5, 12],
			"rotation": {"angle": 0, "axis": "y", "origin": [7, 8, 21]},
			"faces": {
				"north": {"uv": [3, 0, 4, 1], "texture": "#texture", "tintindex": 0},
				"east": {"uv": [3, 0, 4, 1], "texture": "#texture", "tintindex": 0},
				"south": {"uv": [3, 0, 4, 1], "texture": "#texture", "tintindex": 0},
				"west": {"uv": [3, 0, 4, 1], "texture": "#texture", "tintindex": 0},
				"up": {"uv": [3, 0, 4, 1], "texture": "#texture", "tintindex": 0},
				"down": {"uv": [3, 0, 4, 1], "texture": "#texture", "tintindex": 0}
			}
		},
		{
			"from": [2, 0, 14],
			"to": [2, 0.5, 15],
			"rotation": {"angle": 0, "axis": "y", "origin": [6, 8, 24]},
			"faces": {
				"north": {"uv": [3, 0, 4, 1], "texture": "#texture", "tintindex": 0},
				"east": {"uv": [3, 0, 4, 1], "texture": "#texture", "tintindex": 0},
				"south": {"uv": [3, 0, 4, 1], "texture": "#texture", "tintindex": 0},
				"west": {"uv": [3, 0, 4, 1], "texture": "#texture", "tintindex": 0},
				"up": {"uv": [3, 0, 4, 1], "texture": "#texture", "tintindex": 0},
				"down": {"uv": [3, 0, 4, 1], "texture": "#texture", "tintindex": 0}
			}
		},
		{
			"from": [3, 0, 15],
			"to": [3, 0.5, 16],
			"rotation": {"angle": 0, "axis": "y", "origin": [7, 8, 25]},
			"faces": {
				"north": {"uv": [3, 0, 4, 1], "texture": "#texture", "tintindex": 0},
				"east": {"uv": [3, 0, 4, 1], "texture": "#texture", "tintindex": 0},
				"south": {"uv": [3, 0, 4, 1], "texture": "#texture", "tintindex": 0},
				"west": {"uv": [3, 0, 4, 1], "texture": "#texture", "tintindex": 0},
				"up": {"uv": [3, 0, 4, 1], "texture": "#texture", "tintindex": 0},
				"down": {"uv": [3, 0, 4, 1], "texture": "#texture", "tintindex": 0}
			}
		},
		{
			"from": [7, 0, 15],
			"to": [7, 0.5, 16],
			"rotation": {"angle": 0, "axis": "y", "origin": [11, 8, 25]},
			"faces": {
				"north": {"uv": [3, 0, 4, 1], "texture": "#texture", "tintindex": 0},
				"east": {"uv": [3, 0, 4, 1], "texture": "#texture", "tintindex": 0},
				"south": {"uv": [3, 0, 4, 1], "texture": "#texture", "tintindex": 0},
				"west": {"uv": [3, 0, 4, 1], "texture": "#texture", "tintindex": 0},
				"up": {"uv": [3, 0, 4, 1], "texture": "#texture", "tintindex": 0},
				"down": {"uv": [3, 0, 4, 1], "texture": "#texture", "tintindex": 0}
			}
		},
		{
			"from": [8, 0, 14],
			"to": [8, 0.5, 15],
			"rotation": {"angle": 0, "axis": "y", "origin": [12, 8, 24]},
			"faces": {
				"north": {"uv": [3, 0, 4, 1], "texture": "#texture", "tintindex": 0},
				"east": {"uv": [3, 0, 4, 1], "texture": "#texture", "tintindex": 0},
				"south": {"uv": [3, 0, 4, 1], "texture": "#texture", "tintindex": 0},
				"west": {"uv": [3, 0, 4, 1], "texture": "#texture", "tintindex": 0},
				"up": {"uv": [3, 0, 4, 1], "texture": "#texture", "tintindex": 0},
				"down": {"uv": [3, 0, 4, 1], "texture": "#texture", "tintindex": 0}
			}
		},
		{
			"from": [9, 0, 13],
			"to": [9, 0.5, 14],
			"rotation": {"angle": 0, "axis": "y", "origin": [13, 8, 23]},
			"faces": {
				"north": {"uv": [3, 0, 4, 1], "texture": "#texture", "tintindex": 0},
				"east": {"uv": [3, 0, 4, 1], "texture": "#texture", "tintindex": 0},
				"south": {"uv": [3, 0, 4, 1], "texture": "#texture", "tintindex": 0},
				"west": {"uv": [3, 0, 4, 1], "texture": "#texture", "tintindex": 0},
				"up": {"uv": [3, 0, 4, 1], "texture": "#texture", "tintindex": 0},
				"down": {"uv": [3, 0, 4, 1], "texture": "#texture", "tintindex": 0}
			}
		},
		{
			"from": [9, 0, 8],
			"to": [9, 0.5, 9],
			"rotation": {"angle": 0, "axis": "y", "origin": [13, 8, 18]},
			"faces": {
				"north": {"uv": [3, 0, 4, 1], "texture": "#texture", "tintindex": 0},
				"east": {"uv": [3, 0, 4, 1], "texture": "#texture", "tintindex": 0},
				"south": {"uv": [3, 0, 4, 1], "texture": "#texture", "tintindex": 0},
				"west": {"uv": [3, 0, 4, 1], "texture": "#texture", "tintindex": 0},
				"up": {"uv": [3, 0, 4, 1], "texture": "#texture", "tintindex": 0},
				"down": {"uv": [3, 0, 4, 1], "texture": "#texture", "tintindex": 0}
			}
		},
		{
			"from": [8, 0, 7],
			"to": [8, 0.5, 8],
			"rotation": {"angle": 0, "axis": "y", "origin": [12, 8, 17]},
			"faces": {
				"north": {"uv": [3, 0, 4, 1], "texture": "#texture", "tintindex": 0},
				"east": {"uv": [3, 0, 4, 1], "texture": "#texture", "tintindex": 0},
				"south": {"uv": [3, 0, 4, 1], "texture": "#texture", "tintindex": 0},
				"west": {"uv": [3, 0, 4, 1], "texture": "#texture", "tintindex": 0},
				"up": {"uv": [3, 0, 4, 1], "texture": "#texture", "tintindex": 0},
				"down": {"uv": [3, 0, 4, 1], "texture": "#texture", "tintindex": 0}
			}
		},
		{
			"from": [7, 0, 6],
			"to": [7, 0.5, 7],
			"rotation": {"angle": 0, "axis": "y", "origin": [11, 8, 16]},
			"faces": {
				"north": {"uv": [3, 0, 4, 1], "texture": "#texture", "tintindex": 0},
				"east": {"uv": [3, 0, 4, 1], "texture": "#texture", "tintindex": 0},
				"south": {"uv": [3, 0, 4, 1], "texture": "#texture", "tintindex": 0},
				"west": {"uv": [3, 0, 4, 1], "texture": "#texture", "tintindex": 0},
				"up": {"uv": [3, 0, 4, 1], "texture": "#texture", "tintindex": 0},
				"down": {"uv": [3, 0, 4, 1], "texture": "#texture", "tintindex": 0}
			}
		},
		{
			"from": [3, 0, 6],
			"to": [3, 0.5, 7],
			"rotation": {"angle": 0, "axis": "y", "origin": [7, 8, 16]},
			"faces": {
				"north": {"uv": [3, 0, 4, 1], "texture": "#texture", "tintindex": 0},
				"east": {"uv": [3, 0, 4, 1], "texture": "#texture", "tintindex": 0},
				"south": {"uv": [3, 0, 4, 1], "texture": "#texture", "tintindex": 0},
				"west": {"uv": [3, 0, 4, 1], "texture": "#texture", "tintindex": 0},
				"up": {"uv": [3, 0, 4, 1], "texture": "#texture", "tintindex": 0},
				"down": {"uv": [3, 0, 4, 1], "texture": "#texture", "tintindex": 0}
			}
		},
		{
			"from": [6, 0, 3],
			"to": [6, 0.5, 6],
			"rotation": {"angle": 0, "axis": "y", "origin": [10, 8, 15]},
			"faces": {
				"north": {"uv": [3, 0, 4, 1], "texture": "#texture", "tintindex": 0},
				"east": {"uv": [3, 0, 4, 1], "texture": "#texture", "tintindex": 0},
				"south": {"uv": [3, 0, 4, 1], "texture": "#texture", "tintindex": 0},
				"west": {"uv": [3, 0, 4, 1], "texture": "#texture", "tintindex": 0},
				"up": {"uv": [3, 0, 4, 1], "texture": "#texture", "tintindex": 0},
				"down": {"uv": [3, 0, 4, 1], "texture": "#texture", "tintindex": 0}
			}
		},
		{
			"from": [16, 0, 3],
			"to": [16, 0.5, 7],
			"rotation": {"angle": 0, "axis": "y", "origin": [20, 8, 15]},
			"faces": {
				"north": {"uv": [3, 0, 4, 1], "texture": "#texture", "tintindex": 0},
				"east": {"uv": [3, 0, 4, 1], "texture": "#texture", "tintindex": 0},
				"south": {"uv": [3, 0, 4, 1], "texture": "#texture", "tintindex": 0},
				"west": {"uv": [3, 0, 4, 1], "texture": "#texture", "tintindex": 0},
				"up": {"uv": [3, 0, 4, 1], "texture": "#texture", "tintindex": 0},
				"down": {"uv": [3, 0, 4, 1], "texture": "#texture", "tintindex": 0}
			}
		},
		{
			"from": [15, 0, 7],
			"to": [15, 0.5, 9],
			"rotation": {"angle": 0, "axis": "y", "origin": [19, 8, 17]},
			"faces": {
				"north": {"uv": [3, 0, 4, 1], "texture": "#texture", "tintindex": 0},
				"east": {"uv": [3, 0, 4, 1], "texture": "#texture", "tintindex": 0},
				"south": {"uv": [3, 0, 4, 1], "texture": "#texture", "tintindex": 0},
				"west": {"uv": [3, 0, 4, 1], "texture": "#texture", "tintindex": 0},
				"up": {"uv": [3, 0, 4, 1], "texture": "#texture", "tintindex": 0},
				"down": {"uv": [3, 0, 4, 1], "texture": "#texture", "tintindex": 0}
			}
		},
		{
			"from": [13, 0, 9],
			"to": [13, 0.5, 10],
			"rotation": {"angle": 0, "axis": "y", "origin": [17, 8, 18]},
			"faces": {
				"north": {"uv": [3, 0, 4, 1], "texture": "#texture", "tintindex": 0},
				"east": {"uv": [3, 0, 4, 1], "texture": "#texture", "tintindex": 0},
				"south": {"uv": [3, 0, 4, 1], "texture": "#texture", "tintindex": 0},
				"west": {"uv": [3, 0, 4, 1], "texture": "#texture", "tintindex": 0},
				"up": {"uv": [3, 0, 4, 1], "texture": "#texture", "tintindex": 0},
				"down": {"uv": [3, 0, 4, 1], "texture": "#texture", "tintindex": 0}
			}
		},
		{
			"from": [14, 0, 1],
			"to": [14, 0.5, 2],
			"rotation": {"angle": 0, "axis": "y", "origin": [18, 8, 10]},
			"faces": {
				"north": {"uv": [3, 0, 4, 1], "texture": "#texture", "tintindex": 0},
				"east": {"uv": [3, 0, 4, 1], "texture": "#texture", "tintindex": 0},
				"south": {"uv": [3, 0, 4, 1], "texture": "#texture", "tintindex": 0},
				"west": {"uv": [3, 0, 4, 1], "texture": "#texture", "tintindex": 0},
				"up": {"uv": [3, 0, 4, 1], "texture": "#texture", "tintindex": 0},
				"down": {"uv": [3, 0, 4, 1], "texture": "#texture", "tintindex": 0}
			}
		},
		{
			"from": [13, 0, 0],
			"to": [13, 0.5, 1],
			"rotation": {"angle": 0, "axis": "y", "origin": [17, 8, 9]},
			"faces": {
				"north": {"uv": [3, 0, 4, 1], "texture": "#texture", "tintindex": 0},
				"east": {"uv": [3, 0, 4, 1], "texture": "#texture", "tintindex": 0},
				"south": {"uv": [3, 0, 4, 1], "texture": "#texture", "tintindex": 0},
				"west": {"uv": [3, 0, 4, 1], "texture": "#texture", "tintindex": 0},
				"up": {"uv": [3, 0, 4, 1], "texture": "#texture", "tintindex": 0},
				"down": {"uv": [3, 0, 4, 1], "texture": "#texture", "tintindex": 0}
			}
		},
		{
			"from": [9, 0, 0],
			"to": [9, 0.5, 1],
			"rotation": {"angle": 0, "axis": "y", "origin": [13, 8, 9]},
			"faces": {
				"north": {"uv": [3, 0, 4, 1], "texture": "#texture", "tintindex": 0},
				"east": {"uv": [3, 0, 4, 1], "texture": "#texture", "tintindex": 0},
				"south": {"uv": [3, 0, 4, 1], "texture": "#texture", "tintindex": 0},
				"west": {"uv": [3, 0, 4, 1], "texture": "#texture", "tintindex": 0},
				"up": {"uv": [3, 0, 4, 1], "texture": "#texture", "tintindex": 0},
				"down": {"uv": [3, 0, 4, 1], "texture": "#texture", "tintindex": 0}
			}
		},
		{
			"from": [7, 0, 1],
			"to": [7, 0.5, 3],
			"rotation": {"angle": 0, "axis": "y", "origin": [11, 8, 10]},
			"faces": {
				"north": {"uv": [3, 0, 4, 1], "texture": "#texture", "tintindex": 0},
				"east": {"uv": [3, 0, 4, 1], "texture": "#texture", "tintindex": 0},
				"south": {"uv": [3, 0, 4, 1], "texture": "#texture", "tintindex": 0},
				"west": {"uv": [3, 0, 4, 1], "texture": "#texture", "tintindex": 0},
				"up": {"uv": [3, 0, 4, 1], "texture": "#texture", "tintindex": 0},
				"down": {"uv": [3, 0, 4, 1], "texture": "#texture", "tintindex": 0}
			}
		},
		{
			"from": [15, 0, 2],
			"to": [15, 0.5, 3],
			"rotation": {"angle": 0, "axis": "y", "origin": [19, 8, 11]},
			"faces": {
				"north": {"uv": [3, 0, 4, 1], "texture": "#texture", "tintindex": 0},
				"east": {"uv": [3, 0, 4, 1], "texture": "#texture", "tintindex": 0},
				"south": {"uv": [3, 0, 4, 1], "texture": "#texture", "tintindex": 0},
				"west": {"uv": [3, 0, 4, 1], "texture": "#texture", "tintindex": 0},
				"up": {"uv": [3, 0, 4, 1], "texture": "#texture", "tintindex": 0},
				"down": {"uv": [3, 0, 4, 1], "texture": "#texture", "tintindex": 0}
			}
		},
		{
			"from": [10, 0, 9],
			"to": [10, 0.5, 13],
			"rotation": {"angle": 0, "axis": "y", "origin": [14, 8, 20]},
			"faces": {
				"north": {"uv": [3, 0, 4, 1], "texture": "#texture", "tintindex": 0},
				"east": {"uv": [3, 0, 4, 1], "texture": "#texture", "tintindex": 0},
				"south": {"uv": [3, 0, 4, 1], "texture": "#texture", "tintindex": 0},
				"west": {"uv": [3, 0, 4, 1], "texture": "#texture", "tintindex": 0},
				"up": {"uv": [3, 0, 4, 1], "texture": "#texture", "tintindex": 0},
				"down": {"uv": [3, 0, 4, 1], "texture": "#texture", "tintindex": 0}
			}
		},
		{
			"from": [1, 0, 12],
			"to": [3, 0.5, 12],
			"rotation": {"angle": 0, "axis": "y", "origin": [5, 8, 20]},
			"faces": {
				"north": {"uv": [3, 0, 4, 1], "texture": "#texture", "tintindex": 0},
				"east": {"uv": [3, 0, 4, 1], "texture": "#texture", "tintindex": 0},
				"south": {"uv": [3, 0, 4, 1], "texture": "#texture", "tintindex": 0},
				"west": {"uv": [3, 0, 4, 1], "texture": "#texture", "tintindex": 0},
				"up": {"uv": [3, 0, 4, 1], "texture": "#texture", "tintindex": 0},
				"down": {"uv": [3, 0, 4, 1], "texture": "#texture", "tintindex": 0}
			}
		},
		{
			"from": [1, 0, 11],
			"to": [3, 0.5, 11],
			"rotation": {"angle": 0, "axis": "y", "origin": [5, 8, 19]},
			"faces": {
				"north": {"uv": [3, 0, 4, 1], "texture": "#texture", "tintindex": 0},
				"east": {"uv": [3, 0, 4, 1], "texture": "#texture", "tintindex": 0},
				"south": {"uv": [3, 0, 4, 1], "texture": "#texture", "tintindex": 0},
				"west": {"uv": [3, 0, 4, 1], "texture": "#texture", "tintindex": 0},
				"up": {"uv": [3, 0, 4, 1], "texture": "#texture", "tintindex": 0},
				"down": {"uv": [3, 0, 4, 1], "texture": "#texture", "tintindex": 0}
			}
		}
	],
	"groups": [0, 1, 2, 3, 4, 5, 6,
		{
			"name": "group",
			"origin": [5, 8.25, 19],
			"children": [7, 8, 9, 10, 11, 12, 13, 14, 15, 16, 17, 18, 19, 20, 21, 22, 23, 24, 25, 26, 27, 28, 29, 30, 31, 32, 33, 34, 35, 36, 37, 38, 39, 40, 41, 42, 43, 44, 45, 46, 47, 48, 49, 50, 51, 52]
		}
	]
}