{
	"credit": "Made with Blockbench",
	"ambientocclusion": false,
	"textures": {
		"2": "block/lily_pad_bottom",
		"particle": "block/lily_pad_circle",
		"texture": "block/lily_pad_circle"
	},
	"elements": [
		{
			"from": [0, -1, 0],
			"to": [16, -1, 16],
			"rotation": {"angle": 0, "axis": "y", "origin": [8, 6.75, 8]},
			"faces": {
				"north": {"uv": [16, 0, 0, 16], "texture": "#texture", "tintindex": 0},
				"east": {"uv": [16, 0, 0, 16], "texture": "#texture", "tintindex": 0},
				"south": {"uv": [16, 0, 0, 16], "texture": "#texture", "tintindex": 0},
				"west": {"uv": [16, 0, 0, 16], "texture": "#texture", "tintindex": 0},
				"up": {"uv": [16, 0, 0, 16], "texture": "#texture", "tintindex": 0},
				"down": {"uv": [16, 16, 0, 0], "texture": "#texture", "tintindex": 0}
			}
		},
		{
			"from": [8.5, -10.05, 1],
			"to": [8.5, -1.05, 17],
			"rotation": {"angle": 0, "axis": "y", "origin": [8.5, -9.05, 9]},
			"faces": {
				"north": {"uv": [0, 0, 16, 9], "texture": "#2", "tintindex": 0},
				"east": {"uv": [16, 0, 0, 9], "texture": "#2", "tintindex": 0},
				"south": {"uv": [0, 0, 16, 9], "texture": "#2", "tintindex": 0},
				"west": {"uv": [0, 0, 16, 9], "texture": "#2", "tintindex": 0},
				"up": {"uv": [0, 0, 16, 9], "texture": "#2", "tintindex": 0},
				"down": {"uv": [0, 0, 16, 9], "texture": "#2", "tintindex": 0}
			}
		},
		{
			"from": [8.5, -14.05, -4],
			"to": [8.5, -10.05, 12],
			"rotation": {"angle": 0, "axis": "y", "origin": [8.5, -13.05, 4]},
			"faces": {
				"north": {"uv": [0, 12, 16, 16], "texture": "#2", "tintindex": 0},
				"east": {"uv": [16, 12, 0, 16], "texture": "#2", "tintindex": 0},
				"south": {"uv": [0, 12, 16, 16], "texture": "#2", "tintindex": 0},
				"west": {"uv": [0, 12, 16, 16], "texture": "#2", "tintindex": 0},
				"up": {"uv": [0, 12, 16, 16], "texture": "#2", "tintindex": 0},
				"down": {"uv": [0, 12, 16, 16], "texture": "#2", "tintindex": 0}
			}
		},
		{
			"from": [5.5, -3.05, 6],
			"to": [13.5, -1.05, 6],
			"rotation": {"angle": 0, "axis": "y", "origin": [5.5, -9.05, 6]},
			"faces": {
				"north": {"uv": [0, 0, 8, 2], "texture": "#2", "tintindex": 0},
				"east": {"uv": [0, 0, 8, 2], "texture": "#2", "tintindex": 0},
				"south": {"uv": [8, 0, 0, 2], "texture": "#2", "tintindex": 0},
				"west": {"uv": [0, 0, 8, 2], "texture": "#2", "tintindex": 0},
				"up": {"uv": [0, 0, 8, 2], "texture": "#2", "tintindex": 0},
				"down": {"uv": [0, 0, 8, 2], "texture": "#2", "tintindex": 0}
			}
		},
		{
			"from": [6, -1, 1],
			"to": [11, -0.5, 1],
			"rotation": {"angle": 0, "axis": "y", "origin": [14, 7, 9]},
			"faces": {
				"north": {"uv": [5, 1, 10, 2], "texture": "#texture", "tintindex": 0},
				"east": {"uv": [5, 1, 10, 2], "texture": "#texture", "tintindex": 0},
				"south": {"uv": [5, 1, 10, 2], "texture": "#texture", "tintindex": 0},
				"west": {"uv": [5, 1, 10, 2], "texture": "#texture", "tintindex": 0},
				"up": {"uv": [5, 1, 10, 2], "texture": "#texture", "tintindex": 0},
				"down": {"uv": [5, 1, 10, 2], "texture": "#texture", "tintindex": 0}
			}
		},
		{
			"from": [6, -1, 14],
			"to": [11, -0.5, 14],
			"rotation": {"angle": 0, "axis": "y", "origin": [14, 7, 22]},
			"faces": {
				"north": {"uv": [5, 1, 10, 2], "texture": "#texture", "tintindex": 0},
				"east": {"uv": [5, 1, 10, 2], "texture": "#texture", "tintindex": 0},
				"south": {"uv": [5, 1, 10, 2], "texture": "#texture", "tintindex": 0},
				"west": {"uv": [5, 1, 10, 2], "texture": "#texture", "tintindex": 0},
				"up": {"uv": [5, 1, 10, 2], "texture": "#texture", "tintindex": 0},
				"down": {"uv": [5, 1, 10, 2], "texture": "#texture", "tintindex": 0}
			}
		},
		{
			"from": [11, -1, 13],
			"to": [13, -0.5, 13],
			"rotation": {"angle": 0, "axis": "y", "origin": [16, 7, 21]},
			"faces": {
				"north": {"uv": [5, 1, 10, 2], "texture": "#texture", "tintindex": 0},
				"east": {"uv": [5, 1, 10, 2], "texture": "#texture", "tintindex": 0},
				"south": {"uv": [5, 1, 10, 2], "texture": "#texture", "tintindex": 0},
				"west": {"uv": [5, 1, 10, 2], "texture": "#texture", "tintindex": 0},
				"up": {"uv": [5, 1, 10, 2], "texture": "#texture", "tintindex": 0},
				"down": {"uv": [5, 1, 10, 2], "texture": "#texture", "tintindex": 0}
			}
		},
		{
			"from": [11, -1, 2],
			"to": [13, -0.5, 2],
			"rotation": {"angle": 0, "axis": "y", "origin": [16, 7, 10]},
			"faces": {
				"north": {"uv": [5, 1, 10, 2], "texture": "#texture", "tintindex": 0},
				"east": {"uv": [5, 1, 10, 2], "texture": "#texture", "tintindex": 0},
				"south": {"uv": [5, 1, 10, 2], "texture": "#texture", "tintindex": 0},
				"west": {"uv": [5, 1, 10, 2], "texture": "#texture", "tintindex": 0},
				"up": {"uv": [5, 1, 10, 2], "texture": "#texture", "tintindex": 0},
				"down": {"uv": [5, 1, 10, 2], "texture": "#texture", "tintindex": 0}
			}
		},
		{
			"from": [13, -1, 12],
			"to": [14, -0.5, 12],
			"rotation": {"angle": 0, "axis": "y", "origin": [17, 7, 20]},
			"faces": {
				"north": {"uv": [5, 1, 10, 2], "texture": "#texture", "tintindex": 0},
				"east": {"uv": [5, 1, 10, 2], "texture": "#texture", "tintindex": 0},
				"south": {"uv": [5, 1, 10, 2], "texture": "#texture", "tintindex": 0},
				"west": {"uv": [5, 1, 10, 2], "texture": "#texture", "tintindex": 0},
				"up": {"uv": [5, 1, 10, 2], "texture": "#texture", "tintindex": 0},
				"down": {"uv": [5, 1, 10, 2], "texture": "#texture", "tintindex": 0}
			}
		},
		{
			"from": [14, -1, 10],
			"to": [15, -0.5, 10],
			"rotation": {"angle": 0, "axis": "y", "origin": [18, 7, 18]},
			"faces": {
				"north": {"uv": [5, 1, 10, 2], "texture": "#texture", "tintindex": 0},
				"east": {"uv": [5, 1, 10, 2], "texture": "#texture", "tintindex": 0},
				"south": {"uv": [5, 1, 10, 2], "texture": "#texture", "tintindex": 0},
				"west": {"uv": [5, 1, 10, 2], "texture": "#texture", "tintindex": 0},
				"up": {"uv": [5, 1, 10, 2], "texture": "#texture", "tintindex": 0},
				"down": {"uv": [5, 1, 10, 2], "texture": "#texture", "tintindex": 0}
			}
		},
		{
			"from": [2, -1, 10],
			"to": [3, -0.5, 10],
			"rotation": {"angle": 0, "axis": "y", "origin": [6, 7, 18]},
			"faces": {
				"north": {"uv": [5, 1, 10, 2], "texture": "#texture", "tintindex": 0},
				"east": {"uv": [5, 1, 10, 2], "texture": "#texture", "tintindex": 0},
				"south": {"uv": [5, 1, 10, 2], "texture": "#texture", "tintindex": 0},
				"west": {"uv": [5, 1, 10, 2], "texture": "#texture", "tintindex": 0},
				"up": {"uv": [5, 1, 10, 2], "texture": "#texture", "tintindex": 0},
				"down": {"uv": [5, 1, 10, 2], "texture": "#texture", "tintindex": 0}
			}
		},
		{
			"from": [14, -1, 5],
			"to": [15, -0.5, 5],
			"rotation": {"angle": 0, "axis": "y", "origin": [18, 7, 13]},
			"faces": {
				"north": {"uv": [5, 1, 10, 2], "texture": "#texture", "tintindex": 0},
				"east": {"uv": [5, 1, 10, 2], "texture": "#texture", "tintindex": 0},
				"south": {"uv": [5, 1, 10, 2], "texture": "#texture", "tintindex": 0},
				"west": {"uv": [5, 1, 10, 2], "texture": "#texture", "tintindex": 0},
				"up": {"uv": [5, 1, 10, 2], "texture": "#texture", "tintindex": 0},
				"down": {"uv": [5, 1, 10, 2], "texture": "#texture", "tintindex": 0}
			}
		},
		{
			"from": [2, -1, 5],
			"to": [3, -0.5, 5],
			"rotation": {"angle": 0, "axis": "y", "origin": [6, 7, 13]},
			"faces": {
				"north": {"uv": [5, 1, 10, 2], "texture": "#texture", "tintindex": 0},
				"east": {"uv": [5, 1, 10, 2], "texture": "#texture", "tintindex": 0},
				"south": {"uv": [5, 1, 10, 2], "texture": "#texture", "tintindex": 0},
				"west": {"uv": [5, 1, 10, 2], "texture": "#texture", "tintindex": 0},
				"up": {"uv": [5, 1, 10, 2], "texture": "#texture", "tintindex": 0},
				"down": {"uv": [5, 1, 10, 2], "texture": "#texture", "tintindex": 0}
			}
		},
		{
			"from": [13, -1, 3],
			"to": [14, -0.5, 3],
			"rotation": {"angle": 0, "axis": "y", "origin": [17, 7, 11]},
			"faces": {
				"north": {"uv": [5, 1, 10, 2], "texture": "#texture", "tintindex": 0},
				"east": {"uv": [5, 1, 10, 2], "texture": "#texture", "tintindex": 0},
				"south": {"uv": [5, 1, 10, 2], "texture": "#texture", "tintindex": 0},
				"west": {"uv": [5, 1, 10, 2], "texture": "#texture", "tintindex": 0},
				"up": {"uv": [5, 1, 10, 2], "texture": "#texture", "tintindex": 0},
				"down": {"uv": [5, 1, 10, 2], "texture": "#texture", "tintindex": 0}
			}
		},
		{
			"from": [4, -1, 13],
			"to": [6, -0.5, 13],
			"rotation": {"angle": 0, "axis": "y", "origin": [9, 7, 21]},
			"faces": {
				"north": {"uv": [5, 1, 10, 2], "texture": "#texture", "tintindex": 0},
				"east": {"uv": [5, 1, 10, 2], "texture": "#texture", "tintindex": 0},
				"south": {"uv": [5, 1, 10, 2], "texture": "#texture", "tintindex": 0},
				"west": {"uv": [5, 1, 10, 2], "texture": "#texture", "tintindex": 0},
				"up": {"uv": [5, 1, 10, 2], "texture": "#texture", "tintindex": 0},
				"down": {"uv": [5, 1, 10, 2], "texture": "#texture", "tintindex": 0}
			}
		},
		{
			"from": [4, -1, 2],
			"to": [6, -0.5, 2],
			"rotation": {"angle": 0, "axis": "y", "origin": [9, 7, 10]},
			"faces": {
				"north": {"uv": [5, 1, 10, 2], "texture": "#texture", "tintindex": 0},
				"east": {"uv": [5, 1, 10, 2], "texture": "#texture", "tintindex": 0},
				"south": {"uv": [5, 1, 10, 2], "texture": "#texture", "tintindex": 0},
				"west": {"uv": [5, 1, 10, 2], "texture": "#texture", "tintindex": 0},
				"up": {"uv": [5, 1, 10, 2], "texture": "#texture", "tintindex": 0},
				"down": {"uv": [5, 1, 10, 2], "texture": "#texture", "tintindex": 0}
			}
		},
		{
			"from": [3, -1, 12],
			"to": [4, -0.5, 12],
			"rotation": {"angle": 0, "axis": "y", "origin": [8, 7, 20]},
			"faces": {
				"north": {"uv": [5, 1, 10, 2], "texture": "#texture", "tintindex": 0},
				"east": {"uv": [5, 1, 10, 2], "texture": "#texture", "tintindex": 0},
				"south": {"uv": [5, 1, 10, 2], "texture": "#texture", "tintindex": 0},
				"west": {"uv": [5, 1, 10, 2], "texture": "#texture", "tintindex": 0},
				"up": {"uv": [5, 1, 10, 2], "texture": "#texture", "tintindex": 0},
				"down": {"uv": [5, 1, 10, 2], "texture": "#texture", "tintindex": 0}
			}
		},
		{
			"from": [3, -1, 3],
			"to": [4, -0.5, 3],
			"rotation": {"angle": 0, "axis": "y", "origin": [8, 7, 11]},
			"faces": {
				"north": {"uv": [5, 1, 10, 2], "texture": "#texture", "tintindex": 0},
				"east": {"uv": [5, 1, 10, 2], "texture": "#texture", "tintindex": 0},
				"south": {"uv": [5, 1, 10, 2], "texture": "#texture", "tintindex": 0},
				"west": {"uv": [5, 1, 10, 2], "texture": "#texture", "tintindex": 0},
				"up": {"uv": [5, 1, 10, 2], "texture": "#texture", "tintindex": 0},
				"down": {"uv": [5, 1, 10, 2], "texture": "#texture", "tintindex": 0}
			}
		},
		{
			"from": [6, -1, 13],
			"to": [6, -0.5, 14],
			"rotation": {"angle": 0, "axis": "y", "origin": [9, 7, 22]},
			"faces": {
				"north": {"uv": [5, 1, 10, 2], "texture": "#texture", "tintindex": 0},
				"east": {"uv": [5, 1, 10, 2], "texture": "#texture", "tintindex": 0},
				"south": {"uv": [5, 1, 10, 2], "texture": "#texture", "tintindex": 0},
				"west": {"uv": [5, 1, 10, 2], "texture": "#texture", "tintindex": 0},
				"up": {"uv": [5, 1, 10, 2], "texture": "#texture", "tintindex": 0},
				"down": {"uv": [5, 1, 10, 2], "texture": "#texture", "tintindex": 0}
			}
		},
		{
			"from": [6, -1, 1],
			"to": [6, -0.5, 2],
			"rotation": {"angle": 0, "axis": "y", "origin": [9, 7, 10]},
			"faces": {
				"north": {"uv": [5, 1, 10, 2], "texture": "#texture", "tintindex": 0},
				"east": {"uv": [5, 1, 10, 2], "texture": "#texture", "tintindex": 0},
				"south": {"uv": [5, 1, 10, 2], "texture": "#texture", "tintindex": 0},
				"west": {"uv": [5, 1, 10, 2], "texture": "#texture", "tintindex": 0},
				"up": {"uv": [5, 1, 10, 2], "texture": "#texture", "tintindex": 0},
				"down": {"uv": [5, 1, 10, 2], "texture": "#texture", "tintindex": 0}
			}
		},
		{
			"from": [4, -1, 12],
			"to": [4, -0.5, 13],
			"rotation": {"angle": 0, "axis": "y", "origin": [7, 7, 21]},
			"faces": {
				"north": {"uv": [5, 1, 10, 2], "texture": "#texture", "tintindex": 0},
				"east": {"uv": [5, 1, 10, 2], "texture": "#texture", "tintindex": 0},
				"south": {"uv": [5, 1, 10, 2], "texture": "#texture", "tintindex": 0},
				"west": {"uv": [5, 1, 10, 2], "texture": "#texture", "tintindex": 0},
				"up": {"uv": [5, 1, 10, 2], "texture": "#texture", "tintindex": 0},
				"down": {"uv": [5, 1, 10, 2], "texture": "#texture", "tintindex": 0}
			}
		},
		{
			"from": [4, -1, 2],
			"to": [4, -0.5, 3],
			"rotation": {"angle": 0, "axis": "y", "origin": [7, 7, 11]},
			"faces": {
				"north": {"uv": [5, 1, 10, 2], "texture": "#texture", "tintindex": 0},
				"east": {"uv": [5, 1, 10, 2], "texture": "#texture", "tintindex": 0},
				"south": {"uv": [5, 1, 10, 2], "texture": "#texture", "tintindex": 0},
				"west": {"uv": [5, 1, 10, 2], "texture": "#texture", "tintindex": 0},
				"up": {"uv": [5, 1, 10, 2], "texture": "#texture", "tintindex": 0},
				"down": {"uv": [5, 1, 10, 2], "texture": "#texture", "tintindex": 0}
			}
		},
		{
			"from": [3, -1, 10],
			"to": [3, -0.5, 12],
			"rotation": {"angle": 0, "axis": "y", "origin": [6, 7, 20]},
			"faces": {
				"north": {"uv": [5, 1, 10, 2], "texture": "#texture", "tintindex": 0},
				"east": {"uv": [5, 1, 10, 2], "texture": "#texture", "tintindex": 0},
				"south": {"uv": [5, 1, 10, 2], "texture": "#texture", "tintindex": 0},
				"west": {"uv": [5, 1, 10, 2], "texture": "#texture", "tintindex": 0},
				"up": {"uv": [5, 1, 10, 2], "texture": "#texture", "tintindex": 0},
				"down": {"uv": [5, 1, 10, 2], "texture": "#texture", "tintindex": 0}
			}
		},
		{
			"from": [2, -1, 5],
			"to": [2, -0.5, 10],
			"rotation": {"angle": 0, "axis": "y", "origin": [5, 7, 18]},
			"faces": {
				"north": {"uv": [5, 1, 10, 2], "texture": "#texture", "tintindex": 0},
				"east": {"uv": [5, 1, 10, 2], "texture": "#texture", "tintindex": 0},
				"south": {"uv": [5, 1, 10, 2], "texture": "#texture", "tintindex": 0},
				"west": {"uv": [5, 1, 10, 2], "texture": "#texture", "tintindex": 0},
				"up": {"uv": [5, 1, 10, 2], "texture": "#texture", "tintindex": 0},
				"down": {"uv": [5, 1, 10, 2], "texture": "#texture", "tintindex": 0}
			}
		},
		{
			"from": [15, -1, 5],
			"to": [15, -0.5, 10],
			"rotation": {"angle": 0, "axis": "y", "origin": [18, 7, 18]},
			"faces": {
				"north": {"uv": [5, 1, 10, 2], "texture": "#texture", "tintindex": 0},
				"east": {"uv": [5, 1, 10, 2], "texture": "#texture", "tintindex": 0},
				"south": {"uv": [5, 1, 10, 2], "texture": "#texture", "tintindex": 0},
				"west": {"uv": [5, 1, 10, 2], "texture": "#texture", "tintindex": 0},
				"up": {"uv": [5, 1, 10, 2], "texture": "#texture", "tintindex": 0},
				"down": {"uv": [5, 1, 10, 2], "texture": "#texture", "tintindex": 0}
			}
		},
		{
			"from": [3, -1, 3],
			"to": [3, -0.5, 5],
			"rotation": {"angle": 0, "axis": "y", "origin": [6, 7, 13]},
			"faces": {
				"north": {"uv": [5, 1, 10, 2], "texture": "#texture", "tintindex": 0},
				"east": {"uv": [5, 1, 10, 2], "texture": "#texture", "tintindex": 0},
				"south": {"uv": [5, 1, 10, 2], "texture": "#texture", "tintindex": 0},
				"west": {"uv": [5, 1, 10, 2], "texture": "#texture", "tintindex": 0},
				"up": {"uv": [5, 1, 10, 2], "texture": "#texture", "tintindex": 0},
				"down": {"uv": [5, 1, 10, 2], "texture": "#texture", "tintindex": 0}
			}
		},
		{
			"from": [6, -1, 13],
			"to": [6, -0.5, 14],
			"rotation": {"angle": 0, "axis": "y", "origin": [9, 7, 22]},
			"faces": {
				"north": {"uv": [5, 1, 10, 2], "texture": "#texture", "tintindex": 0},
				"east": {"uv": [5, 1, 10, 2], "texture": "#texture", "tintindex": 0},
				"south": {"uv": [5, 1, 10, 2], "texture": "#texture", "tintindex": 0},
				"west": {"uv": [5, 1, 10, 2], "texture": "#texture", "tintindex": 0},
				"up": {"uv": [5, 1, 10, 2], "texture": "#texture", "tintindex": 0},
				"down": {"uv": [5, 1, 10, 2], "texture": "#texture", "tintindex": 0}
			}
		},
		{
			"from": [11, -1, 13],
			"to": [11, -0.5, 14],
			"rotation": {"angle": 0, "axis": "y", "origin": [14, 7, 22]},
			"faces": {
				"north": {"uv": [5, 1, 10, 2], "texture": "#texture", "tintindex": 0},
				"east": {"uv": [5, 1, 10, 2], "texture": "#texture", "tintindex": 0},
				"south": {"uv": [5, 1, 10, 2], "texture": "#texture", "tintindex": 0},
				"west": {"uv": [5, 1, 10, 2], "texture": "#texture", "tintindex": 0},
				"up": {"uv": [5, 1, 10, 2], "texture": "#texture", "tintindex": 0},
				"down": {"uv": [5, 1, 10, 2], "texture": "#texture", "tintindex": 0}
			}
		},
		{
			"from": [11, -1, 1],
			"to": [11, -0.5, 2],
			"rotation": {"angle": 0, "axis": "y", "origin": [14, 7, 10]},
			"faces": {
				"north": {"uv": [5, 1, 10, 2], "texture": "#texture", "tintindex": 0},
				"east": {"uv": [5, 1, 10, 2], "texture": "#texture", "tintindex": 0},
				"south": {"uv": [5, 1, 10, 2], "texture": "#texture", "tintindex": 0},
				"west": {"uv": [5, 1, 10, 2], "texture": "#texture", "tintindex": 0},
				"up": {"uv": [5, 1, 10, 2], "texture": "#texture", "tintindex": 0},
				"down": {"uv": [5, 1, 10, 2], "texture": "#texture", "tintindex": 0}
			}
		},
		{
			"from": [13, -1, 12],
			"to": [13, -0.5, 13],
			"rotation": {"angle": 0, "axis": "y", "origin": [16, 7, 21]},
			"faces": {
				"north": {"uv": [5, 1, 10, 2], "texture": "#texture", "tintindex": 0},
				"east": {"uv": [5, 1, 10, 2], "texture": "#texture", "tintindex": 0},
				"south": {"uv": [5, 1, 10, 2], "texture": "#texture", "tintindex": 0},
				"west": {"uv": [5, 1, 10, 2], "texture": "#texture", "tintindex": 0},
				"up": {"uv": [5, 1, 10, 2], "texture": "#texture", "tintindex": 0},
				"down": {"uv": [5, 1, 10, 2], "texture": "#texture", "tintindex": 0}
			}
		},
		{
			"from": [13, -1, 2],
			"to": [13, -0.5, 3],
			"rotation": {"angle": 0, "axis": "y", "origin": [16, 7, 11]},
			"faces": {
				"north": {"uv": [5, 1, 10, 2], "texture": "#texture", "tintindex": 0},
				"east": {"uv": [5, 1, 10, 2], "texture": "#texture", "tintindex": 0},
				"south": {"uv": [5, 1, 10, 2], "texture": "#texture", "tintindex": 0},
				"west": {"uv": [5, 1, 10, 2], "texture": "#texture", "tintindex": 0},
				"up": {"uv": [5, 1, 10, 2], "texture": "#texture", "tintindex": 0},
				"down": {"uv": [5, 1, 10, 2], "texture": "#texture", "tintindex": 0}
			}
		},
		{
			"from": [14, -1, 10],
			"to": [14, -0.5, 12],
			"rotation": {"angle": 0, "axis": "y", "origin": [17, 7, 20]},
			"faces": {
				"north": {"uv": [5, 1, 10, 2], "texture": "#texture", "tintindex": 0},
				"east": {"uv": [5, 1, 10, 2], "texture": "#texture", "tintindex": 0},
				"south": {"uv": [5, 1, 10, 2], "texture": "#texture", "tintindex": 0},
				"west": {"uv": [5, 1, 10, 2], "texture": "#texture", "tintindex": 0},
				"up": {"uv": [5, 1, 10, 2], "texture": "#texture", "tintindex": 0},
				"down": {"uv": [5, 1, 10, 2], "texture": "#texture", "tintindex": 0}
			}
		},
		{
			"from": [14, -1, 3],
			"to": [14, -0.5, 5],
			"rotation": {"angle": 0, "axis": "y", "origin": [17, 7, 13]},
			"faces": {
				"north": {"uv": [5, 1, 10, 2], "texture": "#texture", "tintindex": 0},
				"east": {"uv": [5, 1, 10, 2], "texture": "#texture", "tintindex": 0},
				"south": {"uv": [5, 1, 10, 2], "texture": "#texture", "tintindex": 0},
				"west": {"uv": [5, 1, 10, 2], "texture": "#texture", "tintindex": 0},
				"up": {"uv": [5, 1, 10, 2], "texture": "#texture", "tintindex": 0},
				"down": {"uv": [5, 1, 10, 2], "texture": "#texture", "tintindex": 0}
			}
		}
	]
}