{
	"credit": "Made with Blockbench",
	"ambientocclusion": false,
	"textures": {
		"particle": "block/oxeye_daisy",
		"cross": "block/oxeye_daisy"
	},
	"elements": [
		{
			"from": [8, 0, 0.8],
			"to": [8, 7, 15.2],
			"shade": false,
			"rotation": {"angle": -45, "axis": "y", "origin": [8, 8, 8], "rescale": true},
			"faces": {
				"north": {"uv": [0, 9, 16, 16], "texture": "#cross", "tintindex": 0},
				"east": {"uv": [0, 9, 16, 16], "texture": "#cross"},
				"south": {"uv": [0, 9, 16, 16], "texture": "#cross", "tintindex": 0},
				"west": {"uv": [0, 9, 16, 16], "texture": "#cross"},
				"up": {"uv": [0, 9, 16, 16], "rotation": 180, "texture": "#cross", "tintindex": 0},
				"down": {"uv": [0, 9, 16, 16], "rotation": 180, "texture": "#cross", "tintindex": 0}
			}
		},
		{
			"from": [8, 0, 0.8],
			"to": [8, 7, 15.2],
			"shade": false,
			"rotation": {"angle": 45, "axis": "y", "origin": [8, 3.5, 8], "rescale": true},
			"faces": {
				"north": {"uv": [0, 9, 16, 16], "texture": "#cross", "tintindex": 0},
				"east": {"uv": [0, 9, 16, 16], "texture": "#cross"},
				"south": {"uv": [0, 9, 16, 16], "texture": "#cross", "tintindex": 0},
				"west": {"uv": [0, 9, 16, 16], "texture": "#cross"},
				"up": {"uv": [0, 9, 16, 16], "texture": "#cross", "tintindex": 0},
				"down": {"uv": [0, 9, 16, 16], "texture": "#cross", "tintindex": 0}
			}
		},
		{
			"from": [6.5, 7, 6.5],
			"to": [9.5, 7, 9.5],
			"rotation": {"angle": 0, "axis": "y", "origin": [8, 7, 8]},
			"faces": {
				"north": {"uv": [6, 4, 9, 7], "texture": "#cross"},
				"east": {"uv": [6, 4, 9, 7], "texture": "#cross"},
				"south": {"uv": [6, 4, 9, 7], "texture": "#cross"},
				"west": {"uv": [6, 4, 9, 7], "texture": "#cross"},
				"up": {"uv": [6, 4, 9, 7], "texture": "#cross"},
				"down": {"uv": [6, 4, 9, 7], "texture": "#cross"}
			}
		},
		{
			"from": [3.5, 6.4, 5.5],
			"to": [6.5, 6.4, 10.5],
			"rotation": {"angle": -22.5, "axis": "z", "origin": [8, 6.4, 8]},
			"faces": {
				"north": {"uv": [3, 3, 6, 8], "texture": "#cross"},
				"east": {"uv": [3, 3, 6, 8], "texture": "#cross"},
				"south": {"uv": [3, 3, 6, 8], "texture": "#cross"},
				"west": {"uv": [3, 3, 6, 8], "texture": "#cross"},
				"up": {"uv": [3, 3, 6, 8], "texture": "#cross"},
				"down": {"uv": [3, 3, 6, 8], "texture": "#cross"}
			}
		},
		{
			"from": [3.5, 6.4, 6.5],
			"to": [6.5, 6.4, 9.5],
			"rotation": {"angle": -22.5, "axis": "z", "origin": [8, 6.4, 8]},
			"faces": {
				"north": {"uv": [3, 4, 6, 7], "texture": "#cross"},
				"east": {"uv": [3, 4, 6, 7], "texture": "#cross"},
				"south": {"uv": [3, 4, 6, 7], "texture": "#cross"},
				"west": {"uv": [3, 4, 6, 7], "texture": "#cross"},
				"up": {"uv": [3, 4, 6, 7], "texture": "#cross"},
				"down": {"uv": [3, 4, 6, 7], "texture": "#cross"}
			}
		},
		{
			"from": [9.5, 6.4, 5.5],
			"to": [12.5, 6.4, 10.5],
			"rotation": {"angle": 22.5, "axis": "z", "origin": [8, 6.4, 8]},
			"faces": {
				"north": {"uv": [9, 3, 12, 8], "texture": "#cross"},
				"east": {"uv": [9, 3, 12, 8], "texture": "#cross"},
				"south": {"uv": [9, 3, 12, 8], "texture": "#cross"},
				"west": {"uv": [9, 3, 12, 8], "texture": "#cross"},
				"up": {"uv": [9, 3, 12, 8], "texture": "#cross"},
				"down": {"uv": [9, 3, 12, 8], "texture": "#cross"}
			}
		},
		{
			"from": [5.5, 6.4, 3.5],
			"to": [10.5, 6.4, 6.5],
			"rotation": {"angle": 22.5, "axis": "x", "origin": [8, 6.4, 8]},
			"faces": {
				"north": {"uv": [5, 1, 10, 4], "texture": "#cross"},
				"east": {"uv": [5, 1, 10, 4], "texture": "#cross"},
				"south": {"uv": [5, 1, 10, 4], "texture": "#cross"},
				"west": {"uv": [5, 1, 10, 4], "texture": "#cross"},
				"up": {"uv": [5, 1, 10, 4], "texture": "#cross"},
				"down": {"uv": [5, 4, 10, 1], "texture": "#cross"}
			}
		},
		{
			"from": [5.5, 6.4, 9.5],
			"to": [10.5, 6.4, 11.5],
			"rotation": {"angle": -22.5, "axis": "x", "origin": [8, 6.4, 8]},
			"faces": {
				"north": {"uv": [5, 7, 10, 9], "texture": "#cross"},
				"east": {"uv": [5, 7, 10, 9], "texture": "#cross"},
				"south": {"uv": [5, 7, 10, 9], "texture": "#cross"},
				"west": {"uv": [5, 7, 10, 9], "texture": "#cross"},
				"up": {"uv": [5, 7, 10, 9], "texture": "#cross"},
				"down": {"uv": [5, 7, 10, 9], "texture": "#cross"}
			}
		}
	]
}