{
	"credit": "Made with Blockbench",
	"parent": "block/block",
	"ambientocclusion": false,
	"textures": {
		"0": "block/seagrass",
		"particle": "block/seagrass"
	},
	"elements": [
		{
			"from": [0, 0, 4],
			"to": [16, 32, 4],
			"shade": false,
			"faces": {
				"north": {"uv": [0, 0, 8, 16], "texture": "#0", "tintindex": 0},
				"east": {"uv": [0, 0, 8, 16], "texture": "#0", "tintindex": 0},
				"south": {"uv": [0, 0, 8, 16], "texture": "#0", "tintindex": 0},
				"west": {"uv": [0, 0, 8, 16], "texture": "#0", "tintindex": 0},
				"up": {"texture": "#0", "tintindex": 0},
				"down": {"texture": "#0", "tintindex": 0}
			}
		},
		{
			"from": [12, 0, 0],
			"to": [12, 32, 16],
			"shade": false,
			"faces": {
				"north": {"uv": [0, 0, 8, 16], "texture": "#0"},
				"east": {"uv": [0, 0, 8, 16], "texture": "#0"},
				"south": {"uv": [0, 0, 8, 16], "texture": "#0"},
				"west": {"uv": [0, 0, 8, 16], "texture": "#0"},
				"up": {"texture": "#0"},
				"down": {"texture": "#0"}
			}
		},
		{
			"from": [4, 0, 0],
			"to": [4, 32, 16],
			"shade": false,
			"faces": {
				"north": {"uv": [0, 0, 8, 16], "texture": "#0"},
				"east": {"uv": [0, 0, 8, 16], "texture": "#0"},
				"south": {"uv": [0, 0, 8, 16], "texture": "#0"},
				"west": {"uv": [0, 0, 8, 16], "texture": "#0"},
				"up": {"texture": "#0"},
				"down": {"texture": "#0"}
			}
		},
		{
			"from": [0, 0, 12],
			"to": [16, 32, 12],
			"shade": false,
			"faces": {
				"north": {"uv": [0, 0, 8, 16], "texture": "#0", "tintindex": 0},
				"east": {"uv": [0, 0, 8, 16], "texture": "#0", "tintindex": 0},
				"south": {"uv": [0, 0, 8, 16], "texture": "#0", "tintindex": 0},
				"west": {"uv": [0, 0, 8, 16], "texture": "#0", "tintindex": 0},
				"up": {"texture": "#0", "tintindex": 0},
				"down": {"texture": "#0", "tintindex": 0}
			}
		}
	]
}