{
	"credit": "Beautiful.",
	"ambientocclusion": false,
	"textures": {
		"0": "block/white_tulip",
		"1": "block/butterfly",
		"particle": "block/white_tulip"
	},
	"elements": [
		{
			"from": [8, 0, 0.8],
			"to": [8, 10, 15.2],
			"shade": false,
			"rotation": {"angle": -45, "axis": "y", "origin": [8, 8, 8], "rescale": true},
			"faces": {
				"north": {"uv": [0, 6, 16, 16], "texture": "#0"},
				"east": {"uv": [0, 6, 16, 16], "texture": "#0"},
				"south": {"uv": [0, 6, 16, 16], "texture": "#0"},
				"west": {"uv": [0, 6, 16, 16], "texture": "#0"},
				"up": {"uv": [0, 6, 16, 16], "texture": "#0"},
				"down": {"uv": [0, 6, 16, 16], "texture": "#0"}
			}
		},
		{
			"from": [8, 0, 0.8],
			"to": [8, 10, 15.2],
			"shade": false,
			"rotation": {"angle": 45, "axis": "y", "origin": [8, 3.5, 8], "rescale": true},
			"faces": {
				"north": {"uv": [0, 6, 16, 16], "texture": "#0"},
				"east": {"uv": [16, 6, 0, 16], "texture": "#0"},
				"south": {"uv": [0, 6, 16, 16], "texture": "#0"},
				"west": {"uv": [0, 6, 16, 16], "texture": "#0"},
				"up": {"uv": [0, 6, 16, 16], "texture": "#0"},
				"down": {"uv": [0, 6, 16, 16], "texture": "#0"}
			}
		},
		{
			"from": [6.5, 9.25, 6.5],
			"to": [9, 10.25, 9],
			"rotation": {"angle": 0, "axis": "y", "origin": [14.5, 17.25, 14]},
			"faces": {
				"north": {"uv": [6, 5, 9, 6], "texture": "#0"},
				"east": {"uv": [6, 5, 9, 6], "texture": "#0"},
				"south": {"uv": [6, 5, 9, 6], "texture": "#0"},
				"west": {"uv": [6, 5, 9, 6], "texture": "#0"},
				"up": {"uv": [6, 4, 9, 5], "texture": "#0"},
				"down": {"uv": [8, 5, 9, 6], "texture": "#0"}
			}
		},
		{
			"from": [6.5, 10.25, 6.5],
			"to": [9, 11.25, 9],
			"rotation": {"angle": 0, "axis": "y", "origin": [14, 18.25, 14]},
			"faces": {
				"north": {"uv": [6, 4, 9, 5], "texture": "#0"},
				"east": {"uv": [6, 4, 9, 5], "texture": "#0"},
				"south": {"uv": [6, 4, 9, 5], "texture": "#0"},
				"west": {"uv": [6, 4, 9, 5], "texture": "#0"},
				"up": {"uv": [6, 4, 9, 5], "texture": "#0"},
				"down": {"uv": [6, 4, 9, 5], "texture": "#0"}
			}
		},
		{
			"from": [9, 11.25, 6.5],
			"to": [9, 12.25, 9],
			"rotation": {"angle": 0, "axis": "y", "origin": [14, 19.25, 14]},
			"faces": {
				"north": {"uv": [6, 3, 9, 4], "texture": "#0"},
				"east": {"uv": [6, 3, 9, 4], "texture": "#0"},
				"south": {"uv": [6, 3, 9, 4], "texture": "#0"},
				"west": {"uv": [6, 3, 9, 4], "texture": "#0"},
				"up": {"uv": [6, 3, 9, 4], "texture": "#0"},
				"down": {"uv": [6, 3, 9, 4], "texture": "#0"}
			}
		},
		{
			"from": [6.5, 11.25, 6.5],
			"to": [9, 12.25, 6.5],
			"rotation": {"angle": 0, "axis": "y", "origin": [7.75, 11.75, 7.75]},
			"faces": {
				"north": {"uv": [6, 3, 9, 4], "texture": "#0"},
				"east": {"uv": [6, 3, 9, 4], "texture": "#0"},
				"south": {"uv": [6, 3, 9, 4], "texture": "#0"},
				"west": {"uv": [6, 3, 9, 4], "texture": "#0"},
				"up": {"uv": [6, 3, 9, 4], "rotation": 270, "texture": "#0"},
				"down": {"uv": [6, 3, 9, 4], "rotation": 90, "texture": "#0"}
			}
		},
		{
			"from": [6.5, 11.25, 6.5],
			"to": [6.5, 12.25, 9],
			"rotation": {"angle": 0, "axis": "y", "origin": [11.5, 19.25, 14]},
			"faces": {
				"north": {"uv": [6, 3, 9, 4], "texture": "#0"},
				"east": {"uv": [6, 3, 9, 4], "texture": "#0"},
				"south": {"uv": [6, 3, 9, 4], "texture": "#0"},
				"west": {"uv": [6, 3, 9, 4], "texture": "#0"},
				"up": {"uv": [6, 3, 9, 4], "texture": "#0"},
				"down": {"uv": [6, 3, 9, 4], "texture": "#0"}
			}
		},
		{
			"from": [6.5, 11.25, 9],
			"to": [9, 12.25, 9],
			"rotation": {"angle": 0, "axis": "y", "origin": [7.75, 11.75, 7.75]},
			"faces": {
				"north": {"uv": [6, 3, 9, 4], "texture": "#0"},
				"east": {"uv": [6, 3, 9, 4], "texture": "#0"},
				"south": {"uv": [6, 3, 9, 4], "texture": "#0"},
				"west": {"uv": [6, 3, 9, 4], "texture": "#0"},
				"up": {"uv": [6, 3, 9, 4], "rotation": 270, "texture": "#0"},
				"down": {"uv": [6, 3, 9, 4], "rotation": 90, "texture": "#0"}
			}
		},
		{
			"from": [5.75, 12.35, 6.5],
			"to": [7.75, 12.35, 9.5],
			"rotation": {"angle": -45, "axis": "z", "origin": [8, 12.35, 8]},
			"faces": {
				"north": {"uv": [7, 5, 9, 8], "texture": "#1"},
				"east": {"uv": [7, 5, 9, 8], "texture": "#1"},
				"south": {"uv": [7, 5, 9, 8], "texture": "#1"},
				"west": {"uv": [7, 5, 9, 8], "texture": "#1"},
				"up": {"uv": [7, 5, 9, 8], "texture": "#1"},
				"down": {"uv": [7, 5, 9, 8], "texture": "#1"}
			}
		},
		{
			"from": [5.75, 12.35, 6.5],
			"to": [7.75, 12.35, 9.5],
			"rotation": {"angle": -22.5, "axis": "z", "origin": [8, 12.35, 8]},
			"faces": {
				"north": {"uv": [4, 5, 6, 8], "texture": "#1"},
				"east": {"uv": [4, 5, 6, 8], "texture": "#1"},
				"south": {"uv": [4, 5, 6, 8], "texture": "#1"},
				"west": {"uv": [4, 5, 6, 8], "texture": "#1"},
				"up": {"uv": [4, 5, 6, 8], "texture": "#1"},
				"down": {"uv": [4, 5, 6, 8], "texture": "#1"}
			}
		},
		{
			"from": [5.75, 12.35, 6.5],
			"to": [7.75, 12.35, 9.5],
			"rotation": {"angle": -22.5, "axis": "z", "origin": [8, 12.35, 8]},
			"faces": {
				"north": {"uv": [10, 5, 12, 8], "texture": "#1"},
				"east": {"uv": [10, 5, 12, 8], "texture": "#1"},
				"south": {"uv": [10, 5, 12, 8], "texture": "#1"},
				"west": {"uv": [10, 5, 12, 8], "texture": "#1"},
				"up": {"uv": [10, 5, 12, 8], "texture": "#1"},
				"down": {"uv": [10, 5, 12, 8], "texture": "#1"}
			}
		},
		{
			"from": [5.75, 12.35, 6.5],
			"to": [7.75, 12.35, 9.5],
			"rotation": {"angle": 0, "axis": "y", "origin": [13.75, 20.35, 15.5]},
			"faces": {
				"north": {"uv": [3, 5, 1, 8], "texture": "#1"},
				"east": {"uv": [3, 5, 1, 8], "texture": "#1"},
				"south": {"uv": [3, 5, 1, 8], "texture": "#1"},
				"west": {"uv": [3, 5, 1, 8], "texture": "#1"},
				"up": {"uv": [3, 5, 1, 8], "texture": "#1"},
				"down": {"uv": [3, 5, 1, 8], "texture": "#1"}
			}
		},
		{
			"from": [8.25, 12.35, 6.5],
			"to": [10.25, 12.35, 9.5],
			"rotation": {"angle": 45, "axis": "z", "origin": [8, 12.35, 8]},
			"faces": {
				"north": {"uv": [7, 5, 9, 8], "texture": "#1"},
				"east": {"uv": [7, 5, 9, 8], "texture": "#1"},
				"south": {"uv": [7, 5, 9, 8], "texture": "#1"},
				"west": {"uv": [7, 5, 9, 8], "texture": "#1"},
				"up": {"uv": [7, 5, 9, 8], "texture": "#1"},
				"down": {"uv": [7, 5, 9, 8], "texture": "#1"}
			}
		},
		{
			"from": [8.25, 12.35, 6.5],
			"to": [10.25, 12.35, 9.5],
			"rotation": {"angle": 22.5, "axis": "z", "origin": [8, 12.35, 8]},
			"faces": {
				"north": {"uv": [4, 5, 6, 8], "texture": "#1"},
				"east": {"uv": [4, 5, 6, 8], "texture": "#1"},
				"south": {"uv": [4, 5, 6, 8], "texture": "#1"},
				"west": {"uv": [4, 5, 6, 8], "texture": "#1"},
				"up": {"uv": [4, 5, 6, 8], "texture": "#1"},
				"down": {"uv": [4, 5, 6, 8], "texture": "#1"}
			}
		},
		{
			"from": [8.25, 12.35, 6.5],
			"to": [10.25, 12.35, 9.5],
			"rotation": {"angle": 22.5, "axis": "z", "origin": [8, 12.35, 8]},
			"faces": {
				"north": {"uv": [10, 5, 12, 8], "texture": "#1"},
				"east": {"uv": [10, 5, 12, 8], "texture": "#1"},
				"south": {"uv": [10, 5, 12, 8], "texture": "#1"},
				"west": {"uv": [10, 5, 12, 8], "texture": "#1"},
				"up": {"uv": [10, 5, 12, 8], "texture": "#1"},
				"down": {"uv": [10, 5, 12, 8], "texture": "#1"}
			}
		},
		{
			"from": [8.25, 12.35, 6.5],
			"to": [10.25, 12.35, 9.5],
			"rotation": {"angle": 0, "axis": "y", "origin": [16.25, 20.35, 15.5]},
			"faces": {
				"north": {"uv": [3, 5, 1, 8], "texture": "#1"},
				"east": {"uv": [3, 5, 1, 8], "texture": "#1"},
				"south": {"uv": [3, 5, 1, 8], "texture": "#1"},
				"west": {"uv": [3, 5, 1, 8], "texture": "#1"},
				"up": {"uv": [3, 5, 1, 8], "texture": "#1"},
				"down": {"uv": [3, 5, 1, 8], "texture": "#1"}
			}
		},
		{
			"from": [7.5, 12.25, 6],
			"to": [8.5, 12.5, 9.5],
			"rotation": {"angle": 0, "axis": "y", "origin": [15.75, 20.5, 15.5]},
			"faces": {
				"north": {"uv": [15, 1, 13, 4], "texture": "#1"},
				"east": {"uv": [15, 1, 13, 4], "texture": "#1"},
				"south": {"uv": [15, 1, 13, 4], "texture": "#1"},
				"west": {"uv": [15, 1, 13, 4], "texture": "#1"},
				"up": {"uv": [15, 1, 13, 4], "texture": "#1"},
				"down": {"uv": [15, 1, 13, 4], "texture": "#1"}
			}
		}
	],
	"groups": [0, 1, 2, 3, 4, 5, 6, 7,
		{
			"name": "butterfly_purple",
			"origin": [8, 8, 8],
			"children": [
				{
					"name": "Purple",
					"origin": [5, 8, 17],
					"children": [8, 9, 10, 11, 12, 13, 14, 15, 16]
				}
			]
		}
	]
}