{
	"credit": "Made with Blockbench",
	"parent": "minecraft:block/block",
	"textures": {
		"particle": "#0"
	},
	"elements": [
		{
			"from": [6, 0, 0],
			"to": [10, 16, 4],
			"faces": {
				"north": {"uv": [6, 0, 10, 16], "texture": "#1"},
				"east": {"uv": [6, 0, 10, 16], "texture": "#1"},
				"south": {"uv": [6, 0, 10, 16], "texture": "#1"},
				"west": {"uv": [6, 0, 10, 16], "texture": "#1"},
				"up": {"uv": [6, 6, 10, 10], "texture": "#1", "cullface": "up"},
				"down": {"uv": [6, 6, 10, 10], "texture": "#1"}
			}
		},
		{
			"from": [6, 0, 12],
			"to": [10, 16, 16],
			"faces": {
				"north": {"uv": [6, 0, 10, 16], "texture": "#1"},
				"east": {"uv": [6, 0, 10, 16], "texture": "#1"},
				"south": {"uv": [6, 0, 10, 16], "texture": "#1"},
				"west": {"uv": [6, 0, 10, 16], "texture": "#1"},
				"up": {"uv": [6, 6, 10, 10], "texture": "#1", "cullface": "up"},
				"down": {"uv": [6, 6, 10, 10], "texture": "#1"}
			}
		},
		{
			"from": [7, 0, 4.5],
			"to": [9, 15, 7.5],
			"faces": {
				"north": {"uv": [7, 0, 9, 9], "rotation": 180, "texture": "#0"},
				"east": {"uv": [0, 7, 15, 10], "rotation": 270, "texture": "#0"},
				"south": {"uv": [7, 0, 9, 9], "texture": "#0"},
				"west": {"uv": [0, 7, 15, 10], "rotation": 90, "texture": "#0"},
				"up": {"uv": [7, 10, 9, 7], "rotation": 180, "texture": "#0"},
				"down": {"uv": [7, 7, 9, 10], "texture": "#0", "cullface": "down"}
			}
		},
		{
			"from": [7.5, 6, 4],
			"to": [8.5, 9, 7.75],
			"faces": {
				"east": {"uv": [0, 7, 6, 10], "texture": "#0"},
				"west": {"uv": [0, 7, 3.75, 10], "texture": "#0"},
				"up": {"uv": [7, 0, 9, 3.75], "texture": "#0"},
				"down": {"uv": [7, 0, 9, 9], "texture": "#0"}
			}
		},
		{
			"from": [7, 0, 8.5],
			"to": [9, 15, 11.5],
			"faces": {
				"north": {"uv": [7, 0, 9, 9], "rotation": 180, "texture": "#0"},
				"east": {"uv": [0, 7, 15, 10], "rotation": 270, "texture": "#0"},
				"south": {"uv": [7, 0, 9, 9], "texture": "#0"},
				"west": {"uv": [0, 7, 15, 10], "rotation": 90, "texture": "#0"},
				"up": {"uv": [7, 10, 9, 7], "rotation": 180, "texture": "#0"},
				"down": {"uv": [7, 7, 9, 10], "texture": "#0", "cullface": "down"}
			}
		},
		{
			"from": [7.5, 6, 7.75],
			"to": [8.5, 9, 14],
			"faces": {
				"east": {"uv": [0, 7, 6.25, 10], "texture": "#0"},
				"west": {"uv": [0, 7, 6.25, 10], "texture": "#0"},
				"up": {"uv": [7, 0, 9, 6.25], "texture": "#0"},
				"down": {"uv": [7, 0, 9, 9], "texture": "#0"}
			}
		}
	]
}