{
    "name": "Blazeborn+",
    "description": "Late Descendants of the Blaze, the Blazeborn are naturally immune to the perils of the nether.",
    "powers": [
        "origins:nether_spawn",
        "blazebornplus:fire",
        "origins:fire_immunity",
        "blazebornplus:burning_wrath",
        "blazebornplus:hover",
        "origins:hotblooded",
        "origins:water_vulnerability",
        "origins:flame_particles",
        "origins:damage_from_snowballs",
        "origins:damage_from_potions"
    ],
    "icon": {
        "item": "minecraft:blaze_powder"
    },
    "impact": 3
}