{
	"credit": "Made with Blockbench",
	"ambientocclusion": false,
	"textures": {
		"1": "block/cobweb1",
		"particle": "block/cobweb",
		"cross": "block/cobweb"
	},
	"elements": [
		{
			"from": [-3.2, 0, 8],
			"to": [19.2, 16, 8],
			"shade": false,
			"rotation": {"angle": 45, "axis": "y", "origin": [8, 8, 8]},
			"faces": {
				"north": {"uv": [0, 0, 16, 16], "texture": "#cross"},
				"south": {"uv": [16, 0, 0, 16], "texture": "#cross"}
			}
		},
		{
			"from": [8, 0, -3.2],
			"to": [8, 16, 19.2],
			"shade": false,
			"rotation": {"angle": 45, "axis": "y", "origin": [8, 8, 8]},
			"faces": {
				"east": {"uv": [16, 0, 0, 16], "texture": "#cross"},
				"west": {"uv": [0, 0, 16, 16], "texture": "#cross"}
			}
		},
		{
			"from": [-2.1892, 8.55, -3.0604],
			"to": [18.6908, 8.55, 17.8196],
			"shade": false,
			"rotation": {"angle": 0, "axis": "y", "origin": [8, 8, 8]},
			"faces": {
				"up": {"uv": [0, 0, 16, 16], "rotation": 180, "texture": "#1"},
				"down": {"uv": [16, 0, 0, 16], "texture": "#1"}
			}
		}
	]
}