{
	"credit": "Made with Blockbench",
	"ambientocclusion": false,
	"textures": {
		"2": "block/oak_leaves1",
		"6": "block/oak_leaves5",
		"particle": "block/oak_leaves5"
	},
	"elements": [
		{
			"from": [-2.4, -2.9, 7.8],
			"to": [22.8, 22.3, 7.8],
			"rotation": {"angle": 22.5, "axis": "x", "origin": [13.4, 10.6, 3.8]},
			"faces": {
				"north": {"uv": [0, 0, 16, 16], "texture": "#6", "tintindex": 0},
				"south": {"uv": [16, 0, 0, 16], "texture": "#6", "tintindex": 0}
			}
		},
		{
			"from": [9.5, -3.1, -1.5],
			"to": [9.5, 17.3, 18.9],
			"rotation": {"angle": -22.5, "axis": "y", "origin": [13.4, 10.6, 3.8]},
			"faces": {
				"east": {"uv": [0, 0, 16, 16], "texture": "#6", "tintindex": 0},
				"west": {"uv": [16, 0, 0, 16], "texture": "#6", "tintindex": 0}
			}
		},
		{
			"from": [0.1, 5.8, -1.6],
			"to": [23.4, 5.8, 21.2],
			"rotation": {"angle": -45, "axis": "y", "origin": [13.4, 10.6, 3.8]},
			"faces": {
				"up": {"uv": [0, 0, 16, 16], "rotation": 90, "texture": "#6", "tintindex": 0},
				"down": {"uv": [16, 0, 0, 16], "rotation": 90, "texture": "#6", "tintindex": 0}
			}
		},
		{
			"from": [12.2, -3.3, -2.7],
			"to": [12.2, 17.1, 19.3],
			"rotation": {"angle": -22.5, "axis": "z", "origin": [13.4, 10.6, 3.8]},
			"faces": {
				"east": {"uv": [0, 0, 16, 16], "rotation": 180, "texture": "#6", "tintindex": 0},
				"west": {"uv": [16, 0, 0, 16], "rotation": 180, "texture": "#6", "tintindex": 0}
			}
		},
		{
			"from": [6.1, 0.3, 4],
			"to": [18.2, 11.6, 15.5],
			"rotation": {"angle": 0, "axis": "y", "origin": [1.4, -2, -1.6]},
			"faces": {
				"north": {"uv": [0, 0, 16, 16], "texture": "#2", "tintindex": 0},
				"east": {"uv": [0, 0, 16, 16], "texture": "#2", "tintindex": 0},
				"south": {"uv": [0, 0, 16, 16], "texture": "#2", "tintindex": 0},
				"west": {"uv": [0, 0, 16, 16], "texture": "#2", "tintindex": 0},
				"up": {"uv": [0, 0, 16, 16], "texture": "#2", "tintindex": 0},
				"down": {"uv": [0, 0, 16, 16], "texture": "#2", "tintindex": 0}
			}
		},
		{
			"from": [1.3, 7.5, 1.4],
			"to": [11.9, 17.8, 10.3],
			"rotation": {"angle": 0, "axis": "y", "origin": [1.4, -2, -1.6]},
			"faces": {
				"north": {"uv": [0, 0, 10, 8], "texture": "#2", "tintindex": 0},
				"east": {"uv": [0, 0, 10, 8], "texture": "#2", "tintindex": 0},
				"south": {"uv": [0, 0, 10, 8], "texture": "#2", "tintindex": 0},
				"west": {"uv": [0, 0, 10, 8], "texture": "#2", "tintindex": 0},
				"up": {"uv": [0, 0, 10, 10], "texture": "#2", "tintindex": 0},
				"down": {"uv": [0, 0, 10, 10], "texture": "#2", "tintindex": 0}
			}
		}
	]
}