{
    "hidden": true,
    "type": "origins:multiple",
    "invis_render": {
        "type": "origins:prevent_entity_render",
        "entity_condition": {
            "inverted": false,
            "type": "origins:power_active",
            "power": "enderian:util/invis_apply"
        }
    },
    "invis_collision": {
        "type": "origins:prevent_entity_collision",
        "bientity_condition": {
            "type": "origins:target_condition",
            "condition": {
                "inverted": false,
                "type": "origins:power_active",
                "power": "enderian:util/invis_apply"
            }
        }
    },
    "spawner_place": {
        "condition": {
            "inverted": true,
            "type": "origins:gamemode",
            "gamemode": "creative"
        },
        "type": "origins:action_on_block_use",
        "item_condition": {
            "type": "origins:ingredient",
            "ingredient": {
                "item": "minecraft:spawner"
            }
        },
        "entity_action": {
            "type": "origins:execute_command",
            "command": "/power grant @s enderian:util/spawner_stop enderian:util"
        },
        "block_action": {
            "type": "origins:delay",
            "action": {
                "type": "origins:and",
                "actions": [
                    {
                        "type": "origins:if_else",
                        "condition": {
                            "type": "origins:and",
                            "conditions": [
                                {
                                    "type": "origins:block",
                                    "block": "minecraft:spawner"
                                },
                                {
                                    "type": "origins:nbt",
                                    "nbt": "{MaxSpawnDelay:800s,SpawnData:{entity:{id:\"minecraft:pig\"}}}"
                                }
                            ]
                        },
                        "if_action": {
                            "type": "origins:execute_command",
                            "command": "/function enderian:silky_hands/update_block"
                        }
                    },
                    {
                        "type": "origins:offset",
                        "action": {
                            "type": "origins:if_else",
                            "condition": {
                                "type": "origins:and",
                                "conditions": [
                                    {
                                        "type": "origins:block",
                                        "block": "minecraft:spawner"
                                    },
                                    {
                                        "type": "origins:nbt",
                                        "nbt": "{MaxSpawnDelay:800s,SpawnData:{entity:{id:\"minecraft:pig\"}}}"
                                    }
                                ]
                            },
                            "if_action": {
                                "type": "origins:execute_command",
                                "command": "/function enderian:silky_hands/update_block"
                            }
                        },
                        "x": 1
                    },
                    {
                        "type": "origins:offset",
                        "action": {
                            "type": "origins:if_else",
                            "condition": {
                                "type": "origins:and",
                                "conditions": [
                                    {
                                        "type": "origins:block",
                                        "block": "minecraft:spawner"
                                    },
                                    {
                                        "type": "origins:nbt",
                                        "nbt": "{MaxSpawnDelay:800s,SpawnData:{entity:{id:\"minecraft:pig\"}}}"
                                    }
                                ]
                            },
                            "if_action": {
                                "type": "origins:execute_command",
                                "command": "/function enderian:silky_hands/update_block"
                            }
                        },
                        "x": -1
                    },
                    {
                        "type": "origins:offset",
                        "action": {
                            "type": "origins:if_else",
                            "condition": {
                                "type": "origins:and",
                                "conditions": [
                                    {
                                        "type": "origins:block",
                                        "block": "minecraft:spawner"
                                    },
                                    {
                                        "type": "origins:nbt",
                                        "nbt": "{MaxSpawnDelay:800s,SpawnData:{entity:{id:\"minecraft:pig\"}}}"
                                    }
                                ]
                            },
                            "if_action": {
                                "type": "origins:execute_command",
                                "command": "/function enderian:silky_hands/update_block"
                            }
                        },
                        "y": 1
                    },
                    {
                        "type": "origins:offset",
                        "action": {
                            "type": "origins:if_else",
                            "condition": {
                                "type": "origins:and",
                                "conditions": [
                                    {
                                        "type": "origins:block",
                                        "block": "minecraft:spawner"
                                    },
                                    {
                                        "type": "origins:nbt",
                                        "nbt": "{MaxSpawnDelay:800s,SpawnData:{entity:{id:\"minecraft:pig\"}}}"
                                    }
                                ]
                            },
                            "if_action": {
                                "type": "origins:execute_command",
                                "command": "/function enderian:silky_hands/update_block"
                            }
                        },
                        "y": -1
                    },
                    {
                        "type": "origins:offset",
                        "action": {
                            "type": "origins:if_else",
                            "condition": {
                                "type": "origins:and",
                                "conditions": [
                                    {
                                        "type": "origins:block",
                                        "block": "minecraft:spawner"
                                    },
                                    {
                                        "type": "origins:nbt",
                                        "nbt": "{MaxSpawnDelay:800s,SpawnData:{entity:{id:\"minecraft:pig\"}}}"
                                    }
                                ]
                            },
                            "if_action": {
                                "type": "origins:execute_command",
                                "command": "/function enderian:silky_hands/update_block"
                            }
                        },
                        "z": 1
                    },
                    {
                        "type": "origins:offset",
                        "action": {
                            "type": "origins:if_else",
                            "condition": {
                                "type": "origins:and",
                                "conditions": [
                                    {
                                        "type": "origins:block",
                                        "block": "minecraft:spawner"
                                    },
                                    {
                                        "type": "origins:nbt",
                                        "nbt": "{MaxSpawnDelay:800s,SpawnData:{entity:{id:\"minecraft:pig\"}}}"
                                    }
                                ]
                            },
                            "if_action": {
                                "type": "origins:execute_command",
                                "command": "/function enderian:silky_hands/update_block"
                            }
                        },
                        "z": -1
                    }
                ]
            },
            "ticks": 0
        },
        "action_result": "success"
    }
}