{
    "type": "origins:multiple",
    "start": {
        "type": "origins:action_on_callback",
        "execute_chosen_when_orb": true,
        "entity_action_added": {
            "type": "origins:and",
            "actions": [
                {
                    "type": "origins:if_else",
                    "condition": {
                        "type": "origins:dimension",
                        "dimension": "minecraft:the_nether"
                    },
                    "if_action": {
                        "type": "origins:if_else",
                        "condition": {
                            "type": "origins:command",
                            "command": "/execute if block ~ 255 ~ bedrock",
                            "comparison": "==",
                            "compare_to": 1
                        },
                        "if_action": {
                            "type": "origins:execute_command",
                            "command": "/spreadplayers ~ ~ 40 80 under 255 false @s"
                        },
                        "else_action": {
                            "type": "origins:execute_command",
                            "command": "/spreadplayers ~ ~ 40 80 under 127 false @s"
                        }
                    },
                    "else_action": {
                        "type": "origins:execute_command",
                        "command": "spreadplayers ~ ~ 40 80 false @s"
                    }
                },
                {
                    "type": "origins:delay",
                    "action": {
                        "type": "origins:and",
                        "actions": [
                            {
                                "type": "origins:change_resource",
                                "resource": "*:*_loops",
                                "change": 380,
                                "operation": "set"
                            },
                            {
                                "type": "origins:change_resource",
                                "resource": "*:*_run",
                                "change": 1,
                                "operation": "set"
                            },
                            {
                                "type": "origins:delay",
                                "action": {
                                    "type": "origins:execute_command",
                                    "command": "/power remove @s enderian:util/reflex_tp"
                                },
                                "ticks": 0
                            }
                        ]
                    },
                    "ticks": 0
                }
            ]
        }
    },
    "loops": {
        "type": "origins:resource",
        "min": 0,
        "max": 380,
        "hud_render": {
            "should_render": false
        }
    },
    "run": {
        "type": "origins:resource",
        "min": 0,
        "max": 1,
        "hud_render": {
            "should_render": false
        },
        "max_action": {
            "type": "origins:if_else",
            "condition": {
                "type": "origins:resource",
                "resource": "*:*_loops",
                "comparison": ">",
                "compare_to": 0
            },
            "if_action": {
                "type": "origins:and",
                "actions": [
                    {
                        "type": "origins:if_else",
                        "condition": {
                            "type": "origins:or",
                            "conditions": [
                                {
                                    "inverted": true,
                                    "type": "origins:fluid_height",
                                    "fluid": "minecraft:water",
                                    "comparison": "==",
                                    "compare_to": 0
                                },
                                {
                                    "inverted": true,
                                    "type": "origins:fluid_height",
                                    "fluid": "minecraft:lava",
                                    "comparison": "==",
                                    "compare_to": 0
                                },
                                {
                                    "type": "origins:in_rain"
                                },
                                {
                                    "inverted": true,
                                    "type": "origins:block_collision",
                                    "offset_x": 0,
                                    "offset_y": -0.9,
                                    "offset_z": 0
                                },
                                {
                                    "inverted": true,
                                    "type": "origins:or",
                                    "conditions": [
                                        {
                                            "inverted": true,
                                            "type": "origins:block_collision",
                                            "offset_x": 0,
                                            "offset_y": 0,
                                            "offset_z": 0
                                        },
                                        {
                                            "inverted": true,
                                            "type": "origins:block_collision",
                                            "offset_x": 0,
                                            "offset_y": 0.1,
                                            "offset_z": 0
                                        },
                                        {
                                            "inverted": true,
                                            "type": "origins:block_collision",
                                            "offset_x": 0,
                                            "offset_y": 0.2,
                                            "offset_z": 0
                                        },
                                        {
                                            "inverted": true,
                                            "type": "origins:block_collision",
                                            "offset_x": 0,
                                            "offset_y": 0.9,
                                            "offset_z": 0
                                        },
                                        {
                                            "inverted": true,
                                            "type": "origins:block_collision",
                                            "offset_x": 0,
                                            "offset_y": 0.3,
                                            "offset_z": 0
                                        },
                                        {
                                            "inverted": true,
                                            "type": "origins:block_collision",
                                            "offset_x": 0,
                                            "offset_y": 0.8,
                                            "offset_z": 0
                                        },
                                        {
                                            "inverted": true,
                                            "type": "origins:block_collision",
                                            "offset_x": 0,
                                            "offset_y": 0.3,
                                            "offset_z": 0
                                        },
                                        {
                                            "inverted": true,
                                            "type": "origins:block_collision",
                                            "offset_x": 0,
                                            "offset_y": 0.7,
                                            "offset_z": 0
                                        },
                                        {
                                            "inverted": true,
                                            "type": "origins:block_collision",
                                            "offset_x": 0,
                                            "offset_y": 0.4,
                                            "offset_z": 0
                                        },
                                        {
                                            "inverted": true,
                                            "type": "origins:block_collision",
                                            "offset_x": 0,
                                            "offset_y": 0.5,
                                            "offset_z": 0
                                        },
                                        {
                                            "inverted": true,
                                            "type": "origins:block_collision",
                                            "offset_x": 0,
                                            "offset_y": 0.6,
                                            "offset_z": 0
                                        }
                                    ]
                                },
                                {
                                    "type": "origins:in_block",
                                    "block_condition": {
                                        "type": "origins:in_tag",
                                        "tag": "minecraft:fire"
                                    }
                                },
                                {
                                    "type": "origins:in_block",
                                    "block_condition": {
                                        "type": "origins:offset",
                                        "condition": {
                                            "type": "origins:or",
                                            "conditions": [
                                                {
                                                    "type": "origins:block",
                                                    "block": "minecraft:cactus"
                                                },
                                                {
                                                    "type": "origins:block",
                                                    "block": "minecraft:magma_block"
                                                }
                                            ]
                                        },
                                        "y": -1
                                    }
                                },
                                {
                                    "type": "origins:in_block_anywhere",
                                    "block_condition": {
                                        "type": "origins:fluid",
                                        "fluid_condition": {
                                            "inverted": true,
                                            "type": "origins:empty"
                                        }
                                    },
                                    "comparison": ">",
                                    "compare_to": 0
                                },
                                {
                                    "type": "origins:and",
                                    "conditions": [
                                        {
                                            "type": "origins:or",
                                            "conditions": [
                                                {
                                                    "type": "origins:block_in_radius",
                                                    "block_condition": {
                                                        "type": "origins:in_tag",
                                                        "tag": "enderian:pumpkins"
                                                    },
                                                    "radius": 15,
                                                    "shape": "star",
                                                    "comparison": ">=",
                                                    "compare_to": 1
                                                },
                                                {
                                                    "type": "origins:block_in_radius",
                                                    "block_condition": {
                                                        "type": "origins:in_tag",
                                                        "tag": "enderian:pumpkins"
                                                    },
                                                    "radius": 30,
                                                    "shape": "star",
                                                    "comparison": ">=",
                                                    "compare_to": 2
                                                },
                                                {
                                                    "type": "origins:block_in_radius",
                                                    "block_condition": {
                                                        "type": "origins:in_tag",
                                                        "tag": "enderian:pumpkins"
                                                    },
                                                    "radius": 45,
                                                    "shape": "star",
                                                    "comparison": ">=",
                                                    "compare_to": 3
                                                }
                                            ]
                                        },
                                        {
                                            "type": "origins:power",
                                            "power": "enderian:pumpkin_hate"
                                        }
                                    ]
                                }
                            ]
                        },
                        "if_action": {
                            "type": "origins:execute_command",
                            "command": "tp @s ~ ~-1 ~"
                        },
                        "else_action": {
                            "type": "origins:and",
                            "actions": [
                                {
                                    "type": "origins:change_resource",
                                    "resource": "*:*_loops",
                                    "change": 1,
                                    "operation": "set"
                                },
                                {
                                    "type": "origins:execute_command",
                                    "command": "/power grant @s enderian:util/tp_land enderian:util"
                                }
                            ]
                        }
                    },
                    {
                        "type": "origins:if_else",
                        "condition": {
                            "type": "origins:or",
                            "conditions": [
                                {
                                    "type": "origins:in_block",
                                    "block_condition": {
                                        "type": "origins:height",
                                        "comparison": "<",
                                        "compare_to": -64
                                    }
                                },
                                {
                                    "type": "origins:and",
                                    "conditions": [
                                        {
                                            "type": "origins:dimension",
                                            "dimension": "minecraft:the_nether"
                                        },
                                        {
                                            "type": "origins:in_block",
                                            "block_condition": {
                                                "type": "origins:height",
                                                "comparison": "<",
                                                "compare_to": 0
                                            }
                                        }
                                    ]
                                }
                            ]
                        },
                        "if_action": {
                            "type": "origins:and",
                            "actions": [
                                {
                                    "type": "origins:delay",
                                    "action": {
                                        "type": "origins:if_else",
                                        "condition": {
                                            "type": "origins:dimension",
                                            "dimension": "minecraft:the_nether"
                                        },
                                        "if_action": {
                                            "type": "origins:if_else",
                                            "condition": {
                                                "type": "origins:command",
                                                "command": "/execute if block ~ 255 ~ bedrock",
                                                "comparison": "==",
                                                "compare_to": 1
                                            },
                                            "if_action": {
                                                "type": "origins:execute_command",
                                                "command": "/spreadplayers ~ ~ 0 1 under 255 false @s"
                                            },
                                            "else_action": {
                                                "type": "origins:execute_command",
                                                "command": "/spreadplayers ~ ~ 0 1 under 127 false @s"
                                            }
                                        },
                                        "else_action": {
                                            "type": "origins:execute_command",
                                            "command": "spreadplayers ~ ~ 0 1 false @s"
                                        }
                                    },
                                    "ticks": 1
                                },
                                {
                                    "type": "origins:change_resource",
                                    "resource": "*:*_loops",
                                    "change": 1,
                                    "operation": "set"
                                }
                            ]
                        }
                    },
                    {
                        "type": "origins:change_resource",
                        "resource": "*:*_loops",
                        "change": -1,
                        "operation": "add"
                    },
                    {
                        "type": "origins:change_resource",
                        "resource": "*:*_run",
                        "change": 0,
                        "operation": "set"
                    },
                    {
                        "type": "origins:change_resource",
                        "resource": "*:*_run",
                        "change": 1,
                        "operation": "set"
                    }
                ]
            },
            "else_action": {
                "type": "origins:change_resource",
                "resource": "*:*_run",
                "change": 0,
                "operation": "set"
            }
        }
    }
}