{
    "display": {
        "icon": {
            "item": "minecraft:barrier"
        },
        "title": "ERROR     ",
        "description": "If you are seeing this in-game, please message §5@Nobody#0836§r on discord\n\n§7(Unless you are using the §bClickable Advancements§7 mod, in which case please either uninstall the mod or ignore this message)",
        "frame": "task",
        "show_toast": false,
        "announce_to_chat": false,
        "hidden": true
    },
    "parent": "enderian:util_root",
    "criteria": {
        "break": {
            "trigger": "minecraft:item_durability_changed",
            "conditions": {
                "delta": {
                    "max": -1
                },
                "durability": {
                    "max": 0
                },
                "player": {
                    "nbt": "{cardinal_components:{\"apoli:powers\":{Powers:[{Type:\"enderian:silky_hands\"}]}}}"
                }
            }
        }
    },
    "rewards": {
        "function": "enderian:silky_hands/tool_break_delay"
    }
}