{
    "name": "Weak Arms+",
    "description": "Unless affected by Resistance, mining speed is greatly decreased when breaking natural stone adjacent to 3 or more natural stones.",
    "hidden": false,
    "condition": {
        "inverted": true,
        "type": "origins:status_effect",
        "effect": "minecraft:resistance"
    },
    "type": "origins:modify_break_speed",
    "block_condition": {
        "inverted": false,
        "type": "origins:and",
        "conditions": [
            {
                "inverted": false,
                "type": "origins:in_tag",
                "tag": "origins:natural_stone"
            },
            {
                "inverted": false,
                "type": "origins:adjacent",
                "adjacent_condition": {
                    "inverted": false,
                    "type": "origins:in_tag",
                    "tag": "origins:natural_stone"
                },
                "comparison": ">",
                "compare_to": 2
            }
        ]
    },
    "modifier": {
        "operation": "multiply_base",
        "value": -0.9
    }
}