{
  "variants": {
    "": [
      { "model": "minecraft:block/dirt", "weight": 30 },
      { "model": "minecraft:block/dirt", "weight": 30, "y": 90 },
      { "model": "minecraft:block/dirt", "weight": 30, "y": 180 },
      { "model": "minecraft:block/dirt", "weight": 30, "y": 270 },
      { "model": "minecraft:block/dirt_2", "weight": 1 },
      { "model": "minecraft:block/dirt_2", "weight": 1, "y": 90 },
      { "model": "minecraft:block/dirt_2", "weight": 1, "y": 180 },
      { "model": "minecraft:block/dirt_2", "weight": 1, "y": 270 },
      { "model": "minecraft:block/dirt_3", "weight": 1 },
      { "model": "minecraft:block/dirt_3", "weight": 1, "y": 90 },
      { "model": "minecraft:block/dirt_3", "weight": 1, "y": 180 },
      { "model": "minecraft:block/dirt_3", "weight": 1, "y": 270 }
    ]
  }
}