{
  "variants": {
    "": [
		{ "model": "minecraft:block/lily_pad" },
		{ "model": "minecraft:block/lily_pad_22" },
		{ "model": "minecraft:block/lily_pad_-22" },
		{ "model": "minecraft:block/lily_pad_45" },
		{ "model": "minecraft:block/lily_pad", "y": 90 },
		{ "model": "minecraft:block/lily_pad_22", "y": 90 },
		{ "model": "minecraft:block/lily_pad_-22", "y": 90 },
		{ "model": "minecraft:block/lily_pad_45", "y": 90 },
		{ "model": "minecraft:block/lily_pad", "y": 180 },
		{ "model": "minecraft:block/lily_pad_22", "y": 180 },
		{ "model": "minecraft:block/lily_pad_-22", "y": 180 },
		{ "model": "minecraft:block/lily_pad_45", "y": 180 },
		{ "model": "minecraft:block/lily_pad", "y": 270 },
		{ "model": "minecraft:block/lily_pad_22", "y": 270 },
		{ "model": "minecraft:block/lily_pad_-22", "y": 270 },
		{ "model": "minecraft:block/lily_pad_45", "y": 270 }
    ]
  }
}