{
  "variants": {
    "hanging=false": [
		{ "model": "minecraft:block/soul_lantern" },
		{ "model": "minecraft:block/soul_lantern_22" },
		{ "model": "minecraft:block/soul_lantern_-22" },
		{ "model": "minecraft:block/soul_lantern_45" }
    ],
    "hanging=true": [
		{ "model": "minecraft:block/hanging_soul_lantern" },
		{ "model": "minecraft:block/hanging_soul_lantern_22" },
		{ "model": "minecraft:block/hanging_soul_lantern_-22" },
		{ "model": "minecraft:block/hanging_soul_lantern_45" }
    ]
  }
}