{
  "variants": {
    "": [
		{ "model": "minecraft:block/soul_torch" },
		{ "model": "minecraft:block/soul_torch_22" },
		{ "model": "minecraft:block/soul_torch_-22" },
		{ "model": "minecraft:block/soul_torch_45" },
		{ "model": "minecraft:block/soul_torch", "y": 90 },
		{ "model": "minecraft:block/soul_torch_22", "y": 90 },
		{ "model": "minecraft:block/soul_torch_-22", "y": 90 },
		{ "model": "minecraft:block/soul_torch_45", "y": 90 },
		{ "model": "minecraft:block/soul_torch", "y": 180 },
		{ "model": "minecraft:block/soul_torch_22", "y": 180 },
		{ "model": "minecraft:block/soul_torch_-22", "y": 180 },
		{ "model": "minecraft:block/soul_torch_45", "y": 180 },
		{ "model": "minecraft:block/soul_torch", "y": 270 },
		{ "model": "minecraft:block/soul_torch_22", "y": 270 },
		{ "model": "minecraft:block/soul_torch_-22", "y": 270 },
		{ "model": "minecraft:block/soul_torch_45", "y": 270 }
    ]
  }
}