{
  "variants": {
    "": [
		{ "model": "minecraft:block/torch" },
		{ "model": "minecraft:block/torch_22" },
		{ "model": "minecraft:block/torch_-22" },
		{ "model": "minecraft:block/torch_45" },
		{ "model": "minecraft:block/torch", "y": 90 },
		{ "model": "minecraft:block/torch_22", "y": 90 },
		{ "model": "minecraft:block/torch_-22", "y": 90 },
		{ "model": "minecraft:block/torch_45", "y": 90 },
		{ "model": "minecraft:block/torch", "y": 180 },
		{ "model": "minecraft:block/torch_22", "y": 180 },
		{ "model": "minecraft:block/torch_-22", "y": 180 },
		{ "model": "minecraft:block/torch_45", "y": 180 },
		{ "model": "minecraft:block/torch", "y": 270 },
		{ "model": "minecraft:block/torch_22", "y": 270 },
		{ "model": "minecraft:block/torch_-22", "y": 270 },
		{ "model": "minecraft:block/torch_45", "y": 270 }
    ]
  }
}