{
	"credit": "Made with Blockbench",
	"ambientocclusion": false,
	"texture_size": [32, 32],
	"textures": {
		"0": "anvil",
		"1": "lightning_rod",
		"particle": "anvil"
	},
	"elements": [
		{
			"from": [10, -1, 1],
			"to": [13, 7, 4],
			"rotation": {"angle": -45, "axis": "z", "origin": [12, 5, 8]},
			"faces": {
				"north": {"uv": [4.75, 6.25, 5.5, 8.25], "texture": "#1"},
				"east": {"uv": [4, 6.25, 4.75, 8.25], "texture": "#1"},
				"south": {"uv": [6.25, 6.25, 7, 8.25], "texture": "#1"},
				"west": {"uv": [5.5, 6.25, 6.25, 8.25], "texture": "#1"},
				"up": {"uv": [5.5, 6.25, 4.75, 5.5], "texture": "#1"},
				"down": {"uv": [6.25, 5.5, 5.5, 6.25], "texture": "#1"}
			}
		},
		{
			"from": [10, -1, 12],
			"to": [13, 7, 15],
			"rotation": {"angle": -45, "axis": "z", "origin": [12, 5, 8]},
			"faces": {
				"north": {"uv": [8.75, 3.75, 9.5, 5.75], "texture": "#1"},
				"east": {"uv": [8, 3.75, 8.75, 5.75], "texture": "#1"},
				"south": {"uv": [7.25, 3.75, 8, 5.75], "texture": "#1"},
				"west": {"uv": [6.5, 3.75, 7.25, 5.75], "texture": "#1"},
				"up": {"uv": [8, 3.75, 7.25, 3], "rotation": 180, "texture": "#1"},
				"down": {"uv": [8.75, 3, 8, 3.75], "rotation": 180, "texture": "#1"}
			}
		},
		{
			"from": [10, 0, 8],
			"to": [13, 2, 12],
			"rotation": {"angle": 0, "axis": "y", "origin": [-1, 0, 0]},
			"faces": {
				"north": {"uv": [5.75, 0.75, 6.5, 1.25], "texture": "#1"},
				"east": {"uv": [8.25, 0.75, 9.25, 1.25], "texture": "#1"},
				"south": {"uv": [7.5, 0.75, 8.25, 1.25], "texture": "#1"},
				"west": {"uv": [6.5, 0.75, 7.5, 1.25], "texture": "#1"},
				"up": {"uv": [7.5, 0.75, 6.5, 0], "rotation": 270, "texture": "#1"},
				"down": {"uv": [8.5, 0, 7.5, 0.75], "rotation": 90, "texture": "#1"}
			}
		},
		{
			"from": [10, 0, 4],
			"to": [13, 2, 8],
			"rotation": {"angle": 0, "axis": "y", "origin": [-1, 0, 0]},
			"faces": {
				"north": {"uv": [7, 6.5, 7.75, 7], "texture": "#1"},
				"east": {"uv": [9.5, 6.5, 10.5, 7], "texture": "#1"},
				"south": {"uv": [8.75, 6.5, 9.5, 7], "texture": "#1"},
				"west": {"uv": [7.75, 6.5, 8.75, 7], "texture": "#1"},
				"up": {"uv": [8.75, 6.5, 7.75, 5.75], "rotation": 270, "texture": "#1"},
				"down": {"uv": [9.75, 5.75, 8.75, 6.5], "rotation": 90, "texture": "#1"}
			}
		},
		{
			"from": [10, 16, 6],
			"to": [14, 20, 10],
			"rotation": {"angle": 0, "axis": "y", "origin": [-1, 0, 0]},
			"faces": {
				"north": {"uv": [1, 6.5, 2, 7.5], "texture": "#1"},
				"east": {"uv": [0, 6.5, 1, 7.5], "texture": "#1"},
				"south": {"uv": [3, 6.5, 4, 7.5], "texture": "#1"},
				"west": {"uv": [2, 6.5, 3, 7.5], "texture": "#1"},
				"up": {"uv": [2, 6.5, 1, 5.5], "texture": "#1"},
				"down": {"uv": [3, 5.5, 2, 6.5], "texture": "#1"}
			}
		},
		{
			"from": [11, 12, 7],
			"to": [13, 16, 9],
			"rotation": {"angle": 0, "axis": "y", "origin": [-1, 0, 0]},
			"faces": {
				"north": {"uv": [7.5, 7.5, 8, 8.5], "texture": "#1"},
				"east": {"uv": [7, 7.5, 7.5, 8.5], "texture": "#1"},
				"south": {"uv": [8.5, 7.5, 9, 8.5], "texture": "#1"},
				"west": {"uv": [8, 7.5, 8.5, 8.5], "texture": "#1"},
				"up": {"uv": [8, 7.5, 7.5, 7], "texture": "#1"},
				"down": {"uv": [8.5, 7, 8, 7.5], "texture": "#1"}
			}
		},
		{
			"from": [8, 7, 4],
			"to": [15, 12, 12],
			"rotation": {"angle": 0, "axis": "y", "origin": [-1, 0, 0]},
			"faces": {
				"north": {"uv": [0, 1.75, 1.75, 3], "texture": "#1"},
				"east": {"uv": [5.5, 1.75, 7.5, 3], "texture": "#1"},
				"south": {"uv": [3.75, 1.75, 5.5, 3], "texture": "#1"},
				"west": {"uv": [1.75, 1.75, 3.75, 3], "texture": "#1"},
				"up": {"uv": [3.75, 1.75, 1.75, 0], "rotation": 270, "texture": "#1"},
				"down": {"uv": [5.75, 0, 3.75, 1.75], "rotation": 90, "texture": "#1"}
			}
		},
		{
			"from": [6.5, 6, 7],
			"to": [8.5, 9, 9],
			"rotation": {"angle": 0, "axis": "y", "origin": [-1, 0, 0]},
			"faces": {
				"north": {"uv": [0, 8, 0.5, 8.75], "texture": "#1"},
				"east": {"uv": [1.5, 8, 2, 8.75], "texture": "#1"},
				"south": {"uv": [1, 8, 1.5, 8.75], "texture": "#1"},
				"west": {"uv": [0.5, 8, 1, 8.75], "texture": "#1"},
				"up": {"uv": [1, 8, 0.5, 7.5], "rotation": 270, "texture": "#1"},
				"down": {"uv": [1.5, 7.5, 1, 8], "rotation": 90, "texture": "#1"}
			}
		},
		{
			"from": [9, 2, 4],
			"to": [14, 7, 12],
			"rotation": {"angle": 0, "axis": "y", "origin": [-1, 0, 0]},
			"faces": {
				"north": {"uv": [0, 4.25, 1.25, 5.5], "texture": "#1"},
				"east": {"uv": [4.5, 4.25, 6.5, 5.5], "texture": "#1"},
				"south": {"uv": [3.25, 4.25, 4.5, 5.5], "texture": "#1"},
				"west": {"uv": [1.25, 4.25, 3.25, 5.5], "texture": "#1"},
				"up": {"uv": [3.25, 4.25, 1.25, 3], "rotation": 270, "texture": "#1"},
				"down": {"uv": [5.25, 3, 3.25, 4.25], "rotation": 90, "texture": "#1"}
			}
		},
		{
			"from": [1, 0, 5],
			"to": [6, 1, 11],
			"faces": {
				"north": {"uv": [0, 8, 2.5, 8.5], "texture": "#0"},
				"east": {"uv": [7.5, 3, 10.5, 3.5], "texture": "#0"},
				"south": {"uv": [2.5, 8, 5, 8.5], "texture": "#0"},
				"west": {"uv": [7.5, 3.5, 10.5, 4], "texture": "#0"},
				"up": {"uv": [2.5, 7, 0, 4], "texture": "#0"},
				"down": {"uv": [5, 4, 2.5, 7], "texture": "#0"}
			}
		},
		{
			"from": [2, 1, 6],
			"to": [5, 3, 10],
			"faces": {
				"north": {"uv": [7.5, 4, 9, 5], "texture": "#0"},
				"east": {"uv": [0, 7, 2, 8], "texture": "#0"},
				"south": {"uv": [7.5, 5, 9, 6], "texture": "#0"},
				"west": {"uv": [2, 7, 4, 8], "texture": "#0"},
				"up": {"uv": [6.5, 8, 5, 6], "texture": "#0"},
				"down": {"uv": [8, 6, 6.5, 8], "texture": "#0"}
			}
		},
		{
			"from": [1, 3, 4],
			"to": [6, 6, 12],
			"faces": {
				"north": {"uv": [5, 3, 7.5, 4.5], "texture": "#0"},
				"east": {"uv": [5, 0, 9, 1.5], "texture": "#0"},
				"south": {"uv": [5, 4.5, 7.5, 6], "texture": "#0"},
				"west": {"uv": [5, 1.5, 9, 3], "texture": "#0"},
				"up": {"uv": [2.5, 4, 0, 0], "texture": "#0"},
				"down": {"uv": [5, 0, 2.5, 4], "texture": "#0"}
			}
		}
	],
	"gui_light": "front",
	"display": {
		"thirdperson_righthand": {
			"translation": [-2, 1.25, 2],
			"scale": [0.5, 0.5, 0.5]
		},
		"thirdperson_lefthand": {
			"rotation": [0, -180, 0],
			"translation": [-2.25, 1.25, 2],
			"scale": [0.5, 0.5, 0.5]
		},
		"firstperson_righthand": {
			"translation": [0, 2.75, 0],
			"scale": [0.5, 0.5, 0.5]
		},
		"firstperson_lefthand": {
			"rotation": [0, -180, 0],
			"translation": [0, 2.75, 0],
			"scale": [0.5, 0.5, 0.5]
		},
		"ground": {
			"scale": [0.5, 0.5, 0.5]
		},
		"gui": {
			"rotation": [20, 55, -5],
			"translation": [-1, -1.5, 0],
			"scale": [0.7, 0.7, 0.7]
		},
		"head": {
			"rotation": [5, -90, 5],
			"translation": [0, 13.5, -0.25]
		},
		"fixed": {
			"rotation": [0, -90, 0],
			"translation": [0, 0, -3.25],
			"scale": [0.75, 0.75, 0.75]
		}
	},
	"groups": [
		{
			"name": "Arms",
			"origin": [0, 0, 0],
			"color": 0,
			"children": [0, 1]
		},
		{
			"name": "Legs",
			"origin": [0, 0, 0],
			"color": 0,
			"children": [2, 3]
		},
		{
			"name": "Head",
			"origin": [0, 0, 0],
			"color": 0,
			"children": [4, 5, 6, 7]
		},
		{
			"name": "Body",
			"origin": [0, 0, 0],
			"color": 0,
			"children": [8]
		},
		{
			"name": "group",
			"origin": [8, 8, 8],
			"color": 0,
			"children": [9, 10, 11]
		}
	]
}