{
    "type": "origins:multiple",
    "name": "Brutish Charge",
    "description": "You can walk into blocks below stone tools to break them.",
    "charging": {
        "type": "origins:action_over_time",
        "interval": 1,
        "entity_action": {
            "type": "origins:if_else",
            "condition": {
                "type": "origins:nbt",
                "nbt": "{OnGround:1b}"
            },
            "if_action": {
                "type": "origins:execute_command",
                "command": "function giantorigin:break_blocks"
            }
        },
        "rising_action": {
            "type": "origins:execute_command",
            "command": "tellraw @s [\"You toggled your\",\" \",{\"text\":\"Brutish Charge\",\"bold\":true,\"underlined\":true,\"color\":\"dark_gray\"},\" \",{\"text\":\"ON!\",\"bold\":true,\"color\":\"green\"}]"
        },
        "falling_action": {
            "type": "origins:execute_command",
            "command": "tellraw @s [\"You toggled your\",\" \",{\"text\":\"Brutish Charge\",\"bold\":true,\"underlined\":true,\"color\":\"dark_gray\"},\" \",{\"text\":\"OFF!\",\"bold\":true,\"color\":\"red\"}]"
        },
        "condition": {
            "type": "origins:power_active",
            "power": "*:*_toggle"
        }
    },
    "toggle": {
        "type": "origins:toggle",
        "active_by_default": false,
        "key": {
            "key": "key.origins.primary_active"
        }
    }
}