{
    "type": "origins:multiple",
    "name": "Heavier Acrobatics",
    "description": "You are highly resistant to fall damage, and falling from high distances unleashes an AoE ground slam attack.",
    "fall_damage": {
        "type": "origins:modify_damage_taken",
        "damage_condition": {
            "type": "origins:name",
            "name": "fall"
        },
        "modifier": {
            "operation": "multiply_base",
            "value": -0.75
        }
    },
    "fall_damage_nullification": {
        "type": "origins:invulnerability",
        "damage_condition": {
            "type": "origins:name",
            "name": "fall"
        },
        "condition": {
            "type": "origins:fall_distance",
            "comparison": "<",
            "compare_to": 30
        }
    },
    "pound": {
        "type": "origins:action_on_land",
        "entity_action": {
            "type": "origins:and",
            "actions": [
                {
                    "type": "origins:area_of_effect",
                    "radius": 15,
                    "bientity_action": {
                        "type": "origins:and",
                        "actions": [
                            {
                                "type": "origins:target_action",
                                "action": {
                                    "type": "origins:add_velocity",
                                    "y": 2
                                }
                            },
                            {
                                "type": "origins:delay",
                                "ticks": 1,
                                "action": {
                                    "type": "origins:add_velocity",
                                    "z": 1
                                }
                            },
                            {
                                "type": "origins:damage",
                                "amount": 10,
                                "source": {
                                    "name": "fall.player",
                                    "bypasses_armor": true
                                }
                            }
                        ]
                    },
                    "bientity_condition": {
                        "type": "origins:and",
                        "conditions": [
                            {
                                "type": "origins:can_see"
                            },
                            {
                                "type": "origins:target_condition",
                                "condition": {
                                    "type": "origins:nbt",
                                    "nbt": "{OnGround:1b}"
                                }
                            }
                        ]
                    }
                },
                {
                    "type": "origins:play_sound",
                    "sound": "minecraft:entity.wither.break_block",
                    "pitch": 0.40,
                    "volume": 0.6
                }
            ]
        },
        "condition": {
            "type": "origins:fall_distance",
            "comparison": ">",
            "compare_to": 25
        }
    }
}