{
    "type": "origins:multiple",
    "name": "Heavily Armed",
    "description": "You deal more damage, and have longer reach, but your attack cooldown is greatly increased.",
    "attack": {
        "type": "origins:modify_damage_dealt",
        "modifier": {
            "operation": "multiply_base",
            "value": 0.3
        }
    },
    "attack_speed": {
        "type": "origins:attribute",
        "modifier": {
            "attribute": "minecraft:generic.attack_speed",
            "value": -0.5,
            "operation": "multiply_base"
        }
    }
}