{
    "type": "origins:action_on_callback",
    "name": "Party-Sized",
    "description": "You are slightly over 3 blocks tall, and almost 2 blocks wide.",
    "entity_action_added": {
        "type": "origins:execute_command",
        "command": "function giantorigin:size_change"
    },
    "entity_action_lost": {
        "type": "origins:execute_command",
        "command": "scale reset pehkui:base @s"
    },
    "entity_action_respawn": {
        "type": "origins:execute_command",
        "command": "function giantorigin:size_change"
    },
    "execute_chosen_when_orb": true
}