{
    "type": "origins:action_when_hit",
    "name": "Gentle Giant",
    "description": "When hit, you have a 50% chance to be slowed, and weakened temporarily.",
    "bientity_action": {
        "type": "origins:target_action",
        "action": {
            "type": "origins:apply_effect",
            "effects": [
                {
                    "effect": "minecraft:slowness",
                    "duration": 100,
                    "amplifier": 1
                },
                {
                    "effect": "minecraft:weakness",
                    "duration": 100,
                    "amplifier": 1
                },
                {
                    "effect": "minecraft:mining_fatigue",
                    "duration": 100,
                    "amplifier": 0
                }
            ]
        }
    },
    "condition": {
        "type": "origins:predicate",
        "predicate": "giantorigin:random_chance_50"
    },
    "cooldown": 200,
    "damage_condition": {
        "type": "origins:amount",
        "comparison": ">",
        "compare_to": 2
    }
}