{
    "name": "hoverregain",
    "description": "get hover back when on the ground",
    "hidden": true,
    "condition": {
        "type": "origins:or",
        "conditions": [
            {
                "type": "origins:on_block"
            },
            {
                "type": "origins:fluid_height",
                "fluid": "minecraft:lava",
                "comparison": ">=",
                "compare_to": 0.01
            }
        ]
    },
    "type": "origins:action_over_time",
    "interval": 1,
    "entity_action": {
        "type": "origins:change_resource",
        "resource": "originsplus:hoverbar",
        "change": 5,
        "operation": "add"
    }
}