{
    "name": "Hog-Wild",
    "description": "If at or below half health, you will enter a rage state, boosting both your speed and attack damage.",
    "hidden": false,
    "condition": {
        "inverted": false,
        "type": "origins:health",
        "comparison": "<=",
        "compare_to": 10
    },
    "type": "origins:conditioned_attribute",
    "modifiers": [
        {
            "attribute": "minecraft:generic.movement_speed",
            "operation": "multiply_base",
            "value": 0.15
        },
        {
            "attribute": "minecraft:generic.attack_damage",
            "operation": "multiply_base",
            "value": 0.25
        }
    ],
    "tick_rate": 20,
    "update_health": false
}