{
    "name": "Cloven Hands",
    "description": "Your lack of fingers prevents you from using shields and projectile weapons.",
    "type": "origins:prevent_item_use",
    "item_condition": {
        "type": "origins:ingredient",
        "ingredient": [
            {
                "item": "minecraft:bow"
            },
            {
                "item": "minecraft:crossbow"
            },
            {
                "item": "minecraft:trident"
            },
            {
                "item": "minecraft:shield"
            }
        ]
    }
}