[
  {
    "condition": "minecraft:entity_properties",
    "entity": "this",
    "predicate": {
      "type": "minecraft:enderman"
    }
  },
  {
    "condition": "minecraft:inverted",
    "term": {
      "condition": "minecraft:entity_properties",
      "entity": "this",
      "predicate": {
        "team": "angry",
        "targeted_entity": {
          "type": "minecraft:player",
          "nbt": "{cardinal_components:{\"origins:origin\":{OriginLayers:[{Origin:\"origins:enderian\"}]}}}"
        }
      }
    }
  },
  {
    "condition": "minecraft:inverted",
    "term": {
      "condition": "minecraft:entity_properties",
      "entity": "this",
      "predicate": {
        "team": "Enderian"
      }
    }
  },
  {
    "condition": "minecraft:inverted",
    "term": {
      "condition": "minecraft:entity_properties",
      "entity": "this",
      "predicate": {
        "nbt": "{cardinal_components:{\"apoli:powers\":{Powers:[{\"Type\":\"enderian:util/angry\"}]}}}"
      }
    }
  }
]
