[
  {
    "condition": "minecraft:inverted",
    "term": {
      "condition": "minecraft:entity_properties",
      "entity": "this",
      "predicate": {
        "player": {
          "gamemode": "spectator"
        }
      }
    }
  },
  {
    "condition": "minecraft:inverted",
    "term": {
      "condition": "minecraft:entity_properties",
      "entity": "this",
      "predicate": {
        "player": {
          "gamemode": "creative"
        }
      }
    }
  },
  {
    "condition": "origins:origin",
	"origin": "origins:enderian"
  },
  {
    "condition": "minecraft:entity_properties",
    "entity": "this",
    "predicate": {
      "player": {
        "looking_at": {
          "type": "minecraft:enderman"
        }
      }
    }
  },
  {
    "condition": "minecraft:inverted",
    "term": {
      "condition": "minecraft:entity_properties",
      "entity": "this",
      "predicate": {
        "player": {
          "looking_at": {
            "team": "angry",
            "targeted_entity": {
              "type": "minecraft:player",
              "nbt": "{cardinal_components:{\"origins:origin\":{OriginLayers:[{Origin:\"origins:enderian\"}]}}}"
            }
          }
        }
      }
    }
  },
  {
    "condition": "minecraft:inverted",
    "term": {
      "condition": "minecraft:entity_properties",
      "entity": "this",
      "predicate": {
		"team": "Enderian",
        "player": {
          "looking_at": {
            "team": "Enderian"
          }
        }
      }
    }
  },
  {
    "condition": "minecraft:inverted",
    "term": {
      "condition": "minecraft:entity_properties",
      "entity": "this",
      "predicate": {
        "player": {
          "looking_at": {
            "nbt": "{cardinal_components:{\"apoli:powers\":{Powers:[{\"Type\":\"enderian:util/angry\"}]}}}",
            "team": "Enderian"
          }
        }
      }
    }
  }
]
