{
    "parent": "item/generated",
    "textures": {
        "layer0": "item/bow/bow"
    },
    "display": {
        "thirdperson_righthand": {
            "rotation": [ -80, 260, -40 ],
            "translation": [ -1, -2, 2.5 ],
            "scale": [ 0.9, 0.9, 0.9 ]
        },
        "thirdperson_lefthand": {
            "rotation": [ -80, -280, 40 ],
            "translation": [ -1, -2, 2.5 ],
            "scale": [ 0.9, 0.9, 0.9 ]
        },
        "firstperson_righthand": {
            "rotation": [ 0, -90, 25 ],
            "translation": [ 1.13, 3.2, 1.13],
            "scale": [ 0.68, 0.68, 0.68 ]
        },
        "firstperson_lefthand": {
            "rotation": [ 0, 90, -25 ],
            "translation": [ 1.13, 3.2, 1.13],
            "scale": [ 0.68, 0.68, 0.68 ]
        }
    },
    "overrides": [
        { "predicate": { "pulling": 1, "pull": 0.00 }, "model": "item/bow1" },
        { "predicate": { "pulling": 1, "pull": 0.20 }, "model": "item/bow2" },
        { "predicate": { "pulling": 1, "pull": 0.40 }, "model": "item/bow3" },
        { "predicate": { "pulling": 1, "pull": 0.60 }, "model": "item/bow4" },
        { "predicate": { "pulling": 1, "pull": 0.80 }, "model": "item/bow5" },
        { "predicate": { "pulling": 1, "pull": 1.00 }, "model": "item/bow6" }
    ]
}
