{
    "parent": "item/generated",
    "textures": {
        "layer0": "item/compass_0"
    },
    "overrides": [
        { "predicate": { "angle": 0 }, "model": "item/compass" },
        { "predicate": { "angle": 0.125 }, "model": "item/compass_1" },
        { "predicate": { "angle": 0.25 }, "model": "item/compass_2" },
        { "predicate": { "angle": 0.375 }, "model": "item/compass_3" },
        { "predicate": { "angle": 0.5 }, "model": "item/compass_4" },
        { "predicate": { "angle": 0.625 }, "model": "item/compass_5" },
        { "predicate": { "angle": 0.75 }, "model": "item/compass_6" },
        { "predicate": { "angle": 0.875 }, "model": "item/compass_7" }
    ]
}
