{
    "parent": "item/generated",
    "textures": {
        "layer0": "item/crossbow/crossbow"
    },
    "display": {
        "thirdperson_righthand": {
            "rotation": [ -90, 0, -60 ],
            "translation": [ 2, 0.1, -3 ],
            "scale": [ 0.75, 0.75, 0.75 ]
        },
        "thirdperson_lefthand": {
            "rotation": [ -90, 0, 30 ],
            "translation": [ 2, 0.1, -3 ],
            "scale": [ 0.9, 0.9, 0.9 ]
        },
        "firstperson_righthand": {
            "rotation": [ -90, 0, -55 ],
            "translation": [ 1.13, 3.2, 1.13],
            "scale": [ 0.68, 0.68, 0.68 ]
        },
        "firstperson_lefthand": {
            "rotation": [ -90, 0, 35 ],
            "translation": [ 1.13, 3.2, 1.13],
            "scale": [ 0.68, 0.68, 0.68 ]
        }
    },
    "overrides": [
        { "predicate": { "pulling": 1, "pull": 0.00 }, "model": "item/crossbow1" },
        { "predicate": { "pulling": 1, "pull": 0.20 }, "model": "item/crossbow2" },
        { "predicate": { "pulling": 1, "pull": 0.40 }, "model": "item/crossbow3" },
        { "predicate": { "pulling": 1, "pull": 0.60 }, "model": "item/crossbow4" },
        { "predicate": { "pulling": 1, "pull": 0.80 }, "model": "item/crossbow5" },
        { "predicate": { "charged": 1 }, "model": "item/crossbow6" },
        { "predicate": { "charged": 1, "firework": 1 }, "model": "item/crossbow7" }
    ]
}
