{
    "parent": "item/template_skull",
    "display": {
        "gui": {
            "rotation": [ 0, -20, 0 ],
            "translation": [ 1, 3.5, 0],
            "scale":[ 1, 1, 1 ]
        },
        "ground": {
            "rotation": [ 15, 180, 0 ],
            "translation": [ 0, 4, 0],
            "scale":[ 0.6, 0.6, 0.6 ]
        },
        "fixed": {
            "rotation": [ 0, 0, 0 ],
            "translation": [ 0, 0, 0],
            "scale":[ 0.5, 0.5, 0.5 ]
        },
        "thirdperson_righthand": {
            "rotation": [ 75, 225, 0 ],
            "translation": [ 0, 3, 3 ],
            "scale": [ 0.6, 0.6, 0.6 ]
        },
        "firstperson_righthand": {
            "rotation": [ 0, 200, 0 ],
            "translation": [ 5, 3, 0 ],
            "scale": [ 0.40, 0.40, 0.40 ]
        },
        "firstperson_lefthand": {
            "rotation": [ 0, 200, 0 ],
            "translation": [ 5, 3, 0 ],
            "scale": [ 0.40, 0.40, 0.40 ]
        }
    },
    "gui_light": "front"
}
