{
    "parent": "item/generated",
    "display": {
        "thirdperson_righthand": {
            "rotation": [ 0, 90, 40 ],
            "translation": [ 0, 4.0, 0.5 ],
            "scale": [ 0.5, 0.5, 0.5 ]
        },
        "thirdperson_lefthand": {
            "rotation": [ 0, -90, -40 ],
            "translation": [ 0, 4.0, 0.5 ],
            "scale": [ 0.5, 0.5, 0.5 ]
        },
        "firstperson_righthand": {
            "rotation": [ 0, 90, 0 ],
            "translation": [ 0.13, 4.2, 1.13 ],
            "scale": [ 0.5, 0.5, 0.5 ]
        },
        "firstperson_lefthand": {
            "rotation": [ 0, -90, -0 ],
            "translation": [ 0.13, 4.2, 1.13 ],
            "scale": [ 0.5, 0.5, 0.5 ]
        }
    }
}
