{
	"credit": "Made with Blockbench",
	"ambientocclusion": false,
	"textures": {
		"2": "block/lily_pad_bottom",
		"3": "block/water_strider",
		"particle": "block/lily_pad_small",
		"texture": "block/lily_pad_small"
	},
	"elements": [
		{
			"from": [0, -0.5, 0],
			"to": [16, -0.5, 16],
			"rotation": {"angle": 0, "axis": "y", "origin": [8, 7.25, 8]},
			"faces": {
				"up": {"uv": [16, 0, 0, 16], "texture": "#texture", "tintindex": 0},
				"down": {"uv": [16, 16, 0, 0], "texture": "#texture", "tintindex": 0}
			}
		},
		{
			"from": [11.5, -6.55, 1],
			"to": [11.5, -0.55, 17],
			"rotation": {"angle": 0, "axis": "y", "origin": [11.5, -8.55, 9]},
			"faces": {
				"north": {"uv": [0, 0, 16, 6], "texture": "#2", "tintindex": 0},
				"east": {"uv": [16, 0, 0, 6], "texture": "#2", "tintindex": 0},
				"south": {"uv": [0, 0, 16, 6], "texture": "#2", "tintindex": 0},
				"west": {"uv": [0, 0, 16, 6], "texture": "#2", "tintindex": 0},
				"up": {"uv": [0, 0, 16, 6], "texture": "#2", "tintindex": 0},
				"down": {"uv": [0, 0, 16, 6], "texture": "#2", "tintindex": 0}
			}
		},
		{
			"from": [1, -6.55, 11.66667],
			"to": [17, -0.55, 11.66667],
			"rotation": {"angle": 0, "axis": "y", "origin": [5.33333, -4.55, 11.33333]},
			"faces": {
				"north": {"uv": [16, 0, 0, 6], "texture": "#2", "tintindex": 0},
				"east": {"uv": [0, 0, 16, 6], "texture": "#2", "tintindex": 0},
				"south": {"uv": [0, 0, 16, 6], "texture": "#2", "tintindex": 0},
				"west": {"uv": [0, 0, 16, 6], "texture": "#2", "tintindex": 0},
				"up": {"uv": [0, 0, 16, 6], "rotation": 270, "texture": "#2", "tintindex": 0},
				"down": {"uv": [0, 0, 16, 6], "rotation": 90, "texture": "#2", "tintindex": 0}
			}
		},
		{
			"from": [11.5, -10.55, -7],
			"to": [11.5, -6.55, 9],
			"rotation": {"angle": 0, "axis": "y", "origin": [11.5, -9.55, 1]},
			"faces": {
				"north": {"uv": [0, 12, 16, 16], "texture": "#2", "tintindex": 0},
				"east": {"uv": [16, 12, 0, 16], "texture": "#2", "tintindex": 0},
				"south": {"uv": [0, 12, 16, 16], "texture": "#2", "tintindex": 0},
				"west": {"uv": [0, 12, 16, 16], "texture": "#2", "tintindex": 0},
				"up": {"uv": [0, 12, 16, 16], "texture": "#2", "tintindex": 0},
				"down": {"uv": [0, 12, 16, 16], "texture": "#2", "tintindex": 0}
			}
		},
		{
			"from": [-7, -10.55, 11.66667],
			"to": [9, -6.55, 11.66667],
			"rotation": {"angle": 0, "axis": "y", "origin": [5.33333, -4.55, 11.33333]},
			"faces": {
				"north": {"uv": [16, 12, 0, 16], "texture": "#2", "tintindex": 0},
				"east": {"uv": [0, 12, 16, 16], "texture": "#2", "tintindex": 0},
				"south": {"uv": [0, 12, 16, 16], "texture": "#2", "tintindex": 0},
				"west": {"uv": [0, 12, 16, 16], "texture": "#2", "tintindex": 0},
				"up": {"uv": [0, 12, 16, 16], "rotation": 270, "texture": "#2", "tintindex": 0},
				"down": {"uv": [0, 12, 16, 16], "rotation": 90, "texture": "#2", "tintindex": 0}
			}
		},
		{
			"from": [8.5, -2.55, 6],
			"to": [16.5, -0.55, 6],
			"rotation": {"angle": 0, "axis": "y", "origin": [8.5, -8.55, 6]},
			"faces": {
				"north": {"uv": [0, 0, 8, 2], "texture": "#2", "tintindex": 0},
				"east": {"uv": [0, 0, 8, 2], "texture": "#2", "tintindex": 0},
				"south": {"uv": [8, 0, 0, 2], "texture": "#2", "tintindex": 0},
				"west": {"uv": [0, 0, 8, 2], "texture": "#2", "tintindex": 0},
				"up": {"uv": [0, 0, 8, 2], "texture": "#2", "tintindex": 0},
				"down": {"uv": [0, 0, 8, 2], "texture": "#2", "tintindex": 0}
			}
		},
		{
			"from": [5.5, -2.55, 6.66667],
			"to": [5.5, -0.55, 14.66667],
			"rotation": {"angle": 0, "axis": "y", "origin": [4.83333, -4.55, 11.33333]},
			"faces": {
				"north": {"uv": [0, 0, 8, 2], "texture": "#2", "tintindex": 0},
				"east": {"uv": [8, 0, 0, 2], "texture": "#2", "tintindex": 0},
				"south": {"uv": [0, 0, 8, 2], "texture": "#2", "tintindex": 0},
				"west": {"uv": [0, 0, 8, 2], "texture": "#2", "tintindex": 0},
				"up": {"uv": [0, 0, 8, 2], "rotation": 270, "texture": "#2", "tintindex": 0},
				"down": {"uv": [0, 0, 8, 2], "rotation": 90, "texture": "#2", "tintindex": 0}
			}
		},
		{
			"from": [3, -0.5, 6],
			"to": [7, 0, 6],
			"rotation": {"angle": 0, "axis": "y", "origin": [11, 7.5, 14]},
			"faces": {
				"north": {"uv": [3, 0, 4, 1], "texture": "#texture", "tintindex": 0},
				"east": {"uv": [3, 0, 4, 1], "texture": "#texture", "tintindex": 0},
				"south": {"uv": [3, 0, 4, 1], "texture": "#texture", "tintindex": 0},
				"west": {"uv": [3, 0, 4, 1], "texture": "#texture", "tintindex": 0},
				"up": {"uv": [3, 0, 4, 1], "texture": "#texture", "tintindex": 0},
				"down": {"uv": [3, 0, 4, 1], "texture": "#texture", "tintindex": 0}
			}
		},
		{
			"from": [3, -0.5, 16],
			"to": [7, 0, 16],
			"rotation": {"angle": 0, "axis": "y", "origin": [11, 7.5, 24]},
			"faces": {
				"north": {"uv": [3, 0, 4, 1], "texture": "#texture", "tintindex": 0},
				"east": {"uv": [3, 0, 4, 1], "texture": "#texture", "tintindex": 0},
				"south": {"uv": [3, 0, 4, 1], "texture": "#texture", "tintindex": 0},
				"west": {"uv": [3, 0, 4, 1], "texture": "#texture", "tintindex": 0},
				"up": {"uv": [3, 0, 4, 1], "texture": "#texture", "tintindex": 0},
				"down": {"uv": [3, 0, 4, 1], "texture": "#texture", "tintindex": 0}
			}
		},
		{
			"from": [7, -0.5, 15],
			"to": [8, 0, 15],
			"rotation": {"angle": 0, "axis": "y", "origin": [11, 7.5, 23]},
			"faces": {
				"north": {"uv": [3, 0, 4, 1], "texture": "#texture", "tintindex": 0},
				"east": {"uv": [3, 0, 4, 1], "texture": "#texture", "tintindex": 0},
				"south": {"uv": [3, 0, 4, 1], "texture": "#texture", "tintindex": 0},
				"west": {"uv": [3, 0, 4, 1], "texture": "#texture", "tintindex": 0},
				"up": {"uv": [3, 0, 4, 1], "texture": "#texture", "tintindex": 0},
				"down": {"uv": [3, 0, 4, 1], "texture": "#texture", "tintindex": 0}
			}
		},
		{
			"from": [7, -0.5, 7],
			"to": [8, 0, 7],
			"rotation": {"angle": 0, "axis": "y", "origin": [11, 7.5, 15]},
			"faces": {
				"north": {"uv": [3, 0, 4, 1], "texture": "#texture", "tintindex": 0},
				"east": {"uv": [3, 0, 4, 1], "texture": "#texture", "tintindex": 0},
				"south": {"uv": [3, 0, 4, 1], "texture": "#texture", "tintindex": 0},
				"west": {"uv": [3, 0, 4, 1], "texture": "#texture", "tintindex": 0},
				"up": {"uv": [3, 0, 4, 1], "texture": "#texture", "tintindex": 0},
				"down": {"uv": [3, 0, 4, 1], "texture": "#texture", "tintindex": 0}
			}
		},
		{
			"from": [8, -0.5, 8],
			"to": [9, 0, 8],
			"rotation": {"angle": 0, "axis": "y", "origin": [12, 7.5, 16]},
			"faces": {
				"north": {"uv": [3, 0, 4, 1], "texture": "#texture", "tintindex": 0},
				"east": {"uv": [3, 0, 4, 1], "texture": "#texture", "tintindex": 0},
				"south": {"uv": [3, 0, 4, 1], "texture": "#texture", "tintindex": 0},
				"west": {"uv": [3, 0, 4, 1], "texture": "#texture", "tintindex": 0},
				"up": {"uv": [3, 0, 4, 1], "texture": "#texture", "tintindex": 0},
				"down": {"uv": [3, 0, 4, 1], "texture": "#texture", "tintindex": 0}
			}
		},
		{
			"from": [9, -0.5, 9],
			"to": [10, 0, 9],
			"rotation": {"angle": 0, "axis": "y", "origin": [13, 7.5, 17]},
			"faces": {
				"north": {"uv": [3, 0, 4, 1], "texture": "#texture", "tintindex": 0},
				"east": {"uv": [3, 0, 4, 1], "texture": "#texture", "tintindex": 0},
				"south": {"uv": [3, 0, 4, 1], "texture": "#texture", "tintindex": 0},
				"west": {"uv": [3, 0, 4, 1], "texture": "#texture", "tintindex": 0},
				"up": {"uv": [3, 0, 4, 1], "texture": "#texture", "tintindex": 0},
				"down": {"uv": [3, 0, 4, 1], "texture": "#texture", "tintindex": 0}
			}
		},
		{
			"from": [10, -0.5, 10],
			"to": [13, 0, 10],
			"rotation": {"angle": 0, "axis": "y", "origin": [14, 7.5, 18]},
			"faces": {
				"north": {"uv": [3, 0, 4, 1], "texture": "#texture", "tintindex": 0},
				"east": {"uv": [3, 0, 4, 1], "texture": "#texture", "tintindex": 0},
				"south": {"uv": [3, 0, 4, 1], "texture": "#texture", "tintindex": 0},
				"west": {"uv": [3, 0, 4, 1], "texture": "#texture", "tintindex": 0},
				"up": {"uv": [3, 0, 4, 1], "texture": "#texture", "tintindex": 0},
				"down": {"uv": [3, 0, 4, 1], "texture": "#texture", "tintindex": 0}
			}
		},
		{
			"from": [9, -0.5, 0],
			"to": [13, 0, 0],
			"rotation": {"angle": 0, "axis": "y", "origin": [14, 7.5, 8]},
			"faces": {
				"north": {"uv": [3, 0, 4, 1], "texture": "#texture", "tintindex": 0},
				"east": {"uv": [3, 0, 4, 1], "texture": "#texture", "tintindex": 0},
				"south": {"uv": [3, 0, 4, 1], "texture": "#texture", "tintindex": 0},
				"west": {"uv": [3, 0, 4, 1], "texture": "#texture", "tintindex": 0},
				"up": {"uv": [3, 0, 4, 1], "texture": "#texture", "tintindex": 0},
				"down": {"uv": [3, 0, 4, 1], "texture": "#texture", "tintindex": 0}
			}
		},
		{
			"from": [7, -0.5, 1],
			"to": [9, 0, 1],
			"rotation": {"angle": 0, "axis": "y", "origin": [12, 7.5, 9]},
			"faces": {
				"north": {"uv": [3, 0, 4, 1], "texture": "#texture", "tintindex": 0},
				"east": {"uv": [3, 0, 4, 1], "texture": "#texture", "tintindex": 0},
				"south": {"uv": [3, 0, 4, 1], "texture": "#texture", "tintindex": 0},
				"west": {"uv": [3, 0, 4, 1], "texture": "#texture", "tintindex": 0},
				"up": {"uv": [3, 0, 4, 1], "texture": "#texture", "tintindex": 0},
				"down": {"uv": [3, 0, 4, 1], "texture": "#texture", "tintindex": 0}
			}
		},
		{
			"from": [13, -0.5, 1],
			"to": [14, 0, 1],
			"rotation": {"angle": 0, "axis": "y", "origin": [18, 7.5, 9]},
			"faces": {
				"north": {"uv": [3, 0, 4, 1], "texture": "#texture", "tintindex": 0},
				"east": {"uv": [3, 0, 4, 1], "texture": "#texture", "tintindex": 0},
				"south": {"uv": [3, 0, 4, 1], "texture": "#texture", "tintindex": 0},
				"west": {"uv": [3, 0, 4, 1], "texture": "#texture", "tintindex": 0},
				"up": {"uv": [3, 0, 4, 1], "texture": "#texture", "tintindex": 0},
				"down": {"uv": [3, 0, 4, 1], "texture": "#texture", "tintindex": 0}
			}
		},
		{
			"from": [6, -0.5, 3],
			"to": [7, 0, 3],
			"rotation": {"angle": 0, "axis": "y", "origin": [11, 7.5, 11]},
			"faces": {
				"north": {"uv": [3, 0, 4, 1], "texture": "#texture", "tintindex": 0},
				"east": {"uv": [3, 0, 4, 1], "texture": "#texture", "tintindex": 0},
				"south": {"uv": [3, 0, 4, 1], "texture": "#texture", "tintindex": 0},
				"west": {"uv": [3, 0, 4, 1], "texture": "#texture", "tintindex": 0},
				"up": {"uv": [3, 0, 4, 1], "texture": "#texture", "tintindex": 0},
				"down": {"uv": [3, 0, 4, 1], "texture": "#texture", "tintindex": 0}
			}
		},
		{
			"from": [14, -0.5, 2],
			"to": [15, 0, 2],
			"rotation": {"angle": 0, "axis": "y", "origin": [19, 7.5, 10]},
			"faces": {
				"north": {"uv": [3, 0, 4, 1], "texture": "#texture", "tintindex": 0},
				"east": {"uv": [3, 0, 4, 1], "texture": "#texture", "tintindex": 0},
				"south": {"uv": [3, 0, 4, 1], "texture": "#texture", "tintindex": 0},
				"west": {"uv": [3, 0, 4, 1], "texture": "#texture", "tintindex": 0},
				"up": {"uv": [3, 0, 4, 1], "texture": "#texture", "tintindex": 0},
				"down": {"uv": [3, 0, 4, 1], "texture": "#texture", "tintindex": 0}
			}
		},
		{
			"from": [15, -0.5, 3],
			"to": [16, 0, 3],
			"rotation": {"angle": 0, "axis": "y", "origin": [20, 7.5, 11]},
			"faces": {
				"north": {"uv": [3, 0, 4, 1], "texture": "#texture", "tintindex": 0},
				"east": {"uv": [3, 0, 4, 1], "texture": "#texture", "tintindex": 0},
				"south": {"uv": [3, 0, 4, 1], "texture": "#texture", "tintindex": 0},
				"west": {"uv": [3, 0, 4, 1], "texture": "#texture", "tintindex": 0},
				"up": {"uv": [3, 0, 4, 1], "texture": "#texture", "tintindex": 0},
				"down": {"uv": [3, 0, 4, 1], "texture": "#texture", "tintindex": 0}
			}
		},
		{
			"from": [13, -0.5, 9],
			"to": [15, 0, 9],
			"rotation": {"angle": 0, "axis": "y", "origin": [19, 7.5, 17]},
			"faces": {
				"north": {"uv": [3, 0, 4, 1], "texture": "#texture", "tintindex": 0},
				"east": {"uv": [3, 0, 4, 1], "texture": "#texture", "tintindex": 0},
				"south": {"uv": [3, 0, 4, 1], "texture": "#texture", "tintindex": 0},
				"west": {"uv": [3, 0, 4, 1], "texture": "#texture", "tintindex": 0},
				"up": {"uv": [3, 0, 4, 1], "texture": "#texture", "tintindex": 0},
				"down": {"uv": [3, 0, 4, 1], "texture": "#texture", "tintindex": 0}
			}
		},
		{
			"from": [15, -0.5, 7],
			"to": [16, 0, 7],
			"rotation": {"angle": 0, "axis": "y", "origin": [20, 7.5, 15]},
			"faces": {
				"north": {"uv": [3, 0, 4, 1], "texture": "#texture", "tintindex": 0},
				"east": {"uv": [3, 0, 4, 1], "texture": "#texture", "tintindex": 0},
				"south": {"uv": [3, 0, 4, 1], "texture": "#texture", "tintindex": 0},
				"west": {"uv": [3, 0, 4, 1], "texture": "#texture", "tintindex": 0},
				"up": {"uv": [3, 0, 4, 1], "texture": "#texture", "tintindex": 0},
				"down": {"uv": [3, 0, 4, 1], "texture": "#texture", "tintindex": 0}
			}
		},
		{
			"from": [8, -0.5, 14],
			"to": [9, 0, 14],
			"rotation": {"angle": 0, "axis": "y", "origin": [12, 7.5, 22]},
			"faces": {
				"north": {"uv": [3, 0, 4, 1], "texture": "#texture", "tintindex": 0},
				"east": {"uv": [3, 0, 4, 1], "texture": "#texture", "tintindex": 0},
				"south": {"uv": [3, 0, 4, 1], "texture": "#texture", "tintindex": 0},
				"west": {"uv": [3, 0, 4, 1], "texture": "#texture", "tintindex": 0},
				"up": {"uv": [3, 0, 4, 1], "texture": "#texture", "tintindex": 0},
				"down": {"uv": [3, 0, 4, 1], "texture": "#texture", "tintindex": 0}
			}
		},
		{
			"from": [9, -0.5, 13],
			"to": [10, 0, 13],
			"rotation": {"angle": 0, "axis": "y", "origin": [13, 7.5, 21]},
			"faces": {
				"north": {"uv": [3, 0, 4, 1], "texture": "#texture", "tintindex": 0},
				"east": {"uv": [3, 0, 4, 1], "texture": "#texture", "tintindex": 0},
				"south": {"uv": [3, 0, 4, 1], "texture": "#texture", "tintindex": 0},
				"west": {"uv": [3, 0, 4, 1], "texture": "#texture", "tintindex": 0},
				"up": {"uv": [3, 0, 4, 1], "texture": "#texture", "tintindex": 0},
				"down": {"uv": [3, 0, 4, 1], "texture": "#texture", "tintindex": 0}
			}
		},
		{
			"from": [2, -0.5, 15],
			"to": [3, 0, 15],
			"rotation": {"angle": 0, "axis": "y", "origin": [6, 7.5, 23]},
			"faces": {
				"north": {"uv": [3, 0, 4, 1], "texture": "#texture", "tintindex": 0},
				"east": {"uv": [3, 0, 4, 1], "texture": "#texture", "tintindex": 0},
				"south": {"uv": [3, 0, 4, 1], "texture": "#texture", "tintindex": 0},
				"west": {"uv": [3, 0, 4, 1], "texture": "#texture", "tintindex": 0},
				"up": {"uv": [3, 0, 4, 1], "texture": "#texture", "tintindex": 0},
				"down": {"uv": [3, 0, 4, 1], "texture": "#texture", "tintindex": 0}
			}
		},
		{
			"from": [2, -0.5, 7],
			"to": [3, 0, 7],
			"rotation": {"angle": 0, "axis": "y", "origin": [6, 7.5, 15]},
			"faces": {
				"north": {"uv": [3, 0, 4, 1], "texture": "#texture", "tintindex": 0},
				"east": {"uv": [3, 0, 4, 1], "texture": "#texture", "tintindex": 0},
				"south": {"uv": [3, 0, 4, 1], "texture": "#texture", "tintindex": 0},
				"west": {"uv": [3, 0, 4, 1], "texture": "#texture", "tintindex": 0},
				"up": {"uv": [3, 0, 4, 1], "texture": "#texture", "tintindex": 0},
				"down": {"uv": [3, 0, 4, 1], "texture": "#texture", "tintindex": 0}
			}
		},
		{
			"from": [1, -0.5, 8],
			"to": [2, 0, 8],
			"rotation": {"angle": 0, "axis": "y", "origin": [5, 7.5, 16]},
			"faces": {
				"north": {"uv": [3, 0, 4, 1], "texture": "#texture", "tintindex": 0},
				"east": {"uv": [3, 0, 4, 1], "texture": "#texture", "tintindex": 0},
				"south": {"uv": [3, 0, 4, 1], "texture": "#texture", "tintindex": 0},
				"west": {"uv": [3, 0, 4, 1], "texture": "#texture", "tintindex": 0},
				"up": {"uv": [3, 0, 4, 1], "texture": "#texture", "tintindex": 0},
				"down": {"uv": [3, 0, 4, 1], "texture": "#texture", "tintindex": 0}
			}
		},
		{
			"from": [1, -0.5, 14],
			"to": [2, 0, 14],
			"rotation": {"angle": 0, "axis": "y", "origin": [5, 7.5, 22]},
			"faces": {
				"north": {"uv": [3, 0, 4, 1], "texture": "#texture", "tintindex": 0},
				"east": {"uv": [3, 0, 4, 1], "texture": "#texture", "tintindex": 0},
				"south": {"uv": [3, 0, 4, 1], "texture": "#texture", "tintindex": 0},
				"west": {"uv": [3, 0, 4, 1], "texture": "#texture", "tintindex": 0},
				"up": {"uv": [3, 0, 4, 1], "texture": "#texture", "tintindex": 0},
				"down": {"uv": [3, 0, 4, 1], "texture": "#texture", "tintindex": 0}
			}
		},
		{
			"from": [1, -0.5, 12],
			"to": [1, 0, 14],
			"rotation": {"angle": 0, "axis": "y", "origin": [5, 7.5, 21]},
			"faces": {
				"north": {"uv": [3, 0, 4, 1], "texture": "#texture", "tintindex": 0},
				"east": {"uv": [3, 0, 4, 1], "texture": "#texture", "tintindex": 0},
				"south": {"uv": [3, 0, 4, 1], "texture": "#texture", "tintindex": 0},
				"west": {"uv": [3, 0, 4, 1], "texture": "#texture", "tintindex": 0},
				"up": {"uv": [3, 0, 4, 1], "texture": "#texture", "tintindex": 0},
				"down": {"uv": [3, 0, 4, 1], "texture": "#texture", "tintindex": 0}
			}
		},
		{
			"from": [1, -0.5, 8],
			"to": [1, 0, 11],
			"rotation": {"angle": 0, "axis": "y", "origin": [5, 7.5, 18]},
			"faces": {
				"north": {"uv": [3, 0, 4, 1], "texture": "#texture", "tintindex": 0},
				"east": {"uv": [3, 0, 4, 1], "texture": "#texture", "tintindex": 0},
				"south": {"uv": [3, 0, 4, 1], "texture": "#texture", "tintindex": 0},
				"west": {"uv": [3, 0, 4, 1], "texture": "#texture", "tintindex": 0},
				"up": {"uv": [3, 0, 4, 1], "texture": "#texture", "tintindex": 0},
				"down": {"uv": [3, 0, 4, 1], "texture": "#texture", "tintindex": 0}
			}
		},
		{
			"from": [2, -0.5, 7],
			"to": [2, 0, 8],
			"rotation": {"angle": 0, "axis": "y", "origin": [6, 7.5, 17]},
			"faces": {
				"north": {"uv": [3, 0, 4, 1], "texture": "#texture", "tintindex": 0},
				"east": {"uv": [3, 0, 4, 1], "texture": "#texture", "tintindex": 0},
				"south": {"uv": [3, 0, 4, 1], "texture": "#texture", "tintindex": 0},
				"west": {"uv": [3, 0, 4, 1], "texture": "#texture", "tintindex": 0},
				"up": {"uv": [3, 0, 4, 1], "texture": "#texture", "tintindex": 0},
				"down": {"uv": [3, 0, 4, 1], "texture": "#texture", "tintindex": 0}
			}
		},
		{
			"from": [3, -0.5, 11],
			"to": [3, 0, 12],
			"rotation": {"angle": 0, "axis": "y", "origin": [7, 7.5, 21]},
			"faces": {
				"north": {"uv": [3, 0, 4, 1], "texture": "#texture", "tintindex": 0},
				"east": {"uv": [3, 0, 4, 1], "texture": "#texture", "tintindex": 0},
				"south": {"uv": [3, 0, 4, 1], "texture": "#texture", "tintindex": 0},
				"west": {"uv": [3, 0, 4, 1], "texture": "#texture", "tintindex": 0},
				"up": {"uv": [3, 0, 4, 1], "texture": "#texture", "tintindex": 0},
				"down": {"uv": [3, 0, 4, 1], "texture": "#texture", "tintindex": 0}
			}
		},
		{
			"from": [2, -0.5, 14],
			"to": [2, 0, 15],
			"rotation": {"angle": 0, "axis": "y", "origin": [6, 7.5, 24]},
			"faces": {
				"north": {"uv": [3, 0, 4, 1], "texture": "#texture", "tintindex": 0},
				"east": {"uv": [3, 0, 4, 1], "texture": "#texture", "tintindex": 0},
				"south": {"uv": [3, 0, 4, 1], "texture": "#texture", "tintindex": 0},
				"west": {"uv": [3, 0, 4, 1], "texture": "#texture", "tintindex": 0},
				"up": {"uv": [3, 0, 4, 1], "texture": "#texture", "tintindex": 0},
				"down": {"uv": [3, 0, 4, 1], "texture": "#texture", "tintindex": 0}
			}
		},
		{
			"from": [3, -0.5, 15],
			"to": [3, 0, 16],
			"rotation": {"angle": 0, "axis": "y", "origin": [7, 7.5, 25]},
			"faces": {
				"north": {"uv": [3, 0, 4, 1], "texture": "#texture", "tintindex": 0},
				"east": {"uv": [3, 0, 4, 1], "texture": "#texture", "tintindex": 0},
				"south": {"uv": [3, 0, 4, 1], "texture": "#texture", "tintindex": 0},
				"west": {"uv": [3, 0, 4, 1], "texture": "#texture", "tintindex": 0},
				"up": {"uv": [3, 0, 4, 1], "texture": "#texture", "tintindex": 0},
				"down": {"uv": [3, 0, 4, 1], "texture": "#texture", "tintindex": 0}
			}
		},
		{
			"from": [7, -0.5, 15],
			"to": [7, 0, 16],
			"rotation": {"angle": 0, "axis": "y", "origin": [11, 7.5, 25]},
			"faces": {
				"north": {"uv": [3, 0, 4, 1], "texture": "#texture", "tintindex": 0},
				"east": {"uv": [3, 0, 4, 1], "texture": "#texture", "tintindex": 0},
				"south": {"uv": [3, 0, 4, 1], "texture": "#texture", "tintindex": 0},
				"west": {"uv": [3, 0, 4, 1], "texture": "#texture", "tintindex": 0},
				"up": {"uv": [3, 0, 4, 1], "texture": "#texture", "tintindex": 0},
				"down": {"uv": [3, 0, 4, 1], "texture": "#texture", "tintindex": 0}
			}
		},
		{
			"from": [8, -0.5, 14],
			"to": [8, 0, 15],
			"rotation": {"angle": 0, "axis": "y", "origin": [12, 7.5, 24]},
			"faces": {
				"north": {"uv": [3, 0, 4, 1], "texture": "#texture", "tintindex": 0},
				"east": {"uv": [3, 0, 4, 1], "texture": "#texture", "tintindex": 0},
				"south": {"uv": [3, 0, 4, 1], "texture": "#texture", "tintindex": 0},
				"west": {"uv": [3, 0, 4, 1], "texture": "#texture", "tintindex": 0},
				"up": {"uv": [3, 0, 4, 1], "texture": "#texture", "tintindex": 0},
				"down": {"uv": [3, 0, 4, 1], "texture": "#texture", "tintindex": 0}
			}
		},
		{
			"from": [9, -0.5, 13],
			"to": [9, 0, 14],
			"rotation": {"angle": 0, "axis": "y", "origin": [13, 7.5, 23]},
			"faces": {
				"north": {"uv": [3, 0, 4, 1], "texture": "#texture", "tintindex": 0},
				"east": {"uv": [3, 0, 4, 1], "texture": "#texture", "tintindex": 0},
				"south": {"uv": [3, 0, 4, 1], "texture": "#texture", "tintindex": 0},
				"west": {"uv": [3, 0, 4, 1], "texture": "#texture", "tintindex": 0},
				"up": {"uv": [3, 0, 4, 1], "texture": "#texture", "tintindex": 0},
				"down": {"uv": [3, 0, 4, 1], "texture": "#texture", "tintindex": 0}
			}
		},
		{
			"from": [9, -0.5, 8],
			"to": [9, 0, 9],
			"rotation": {"angle": 0, "axis": "y", "origin": [13, 7.5, 18]},
			"faces": {
				"north": {"uv": [3, 0, 4, 1], "texture": "#texture", "tintindex": 0},
				"east": {"uv": [3, 0, 4, 1], "texture": "#texture", "tintindex": 0},
				"south": {"uv": [3, 0, 4, 1], "texture": "#texture", "tintindex": 0},
				"west": {"uv": [3, 0, 4, 1], "texture": "#texture", "tintindex": 0},
				"up": {"uv": [3, 0, 4, 1], "texture": "#texture", "tintindex": 0},
				"down": {"uv": [3, 0, 4, 1], "texture": "#texture", "tintindex": 0}
			}
		},
		{
			"from": [8, -0.5, 7],
			"to": [8, 0, 8],
			"rotation": {"angle": 0, "axis": "y", "origin": [12, 7.5, 17]},
			"faces": {
				"north": {"uv": [3, 0, 4, 1], "texture": "#texture", "tintindex": 0},
				"east": {"uv": [3, 0, 4, 1], "texture": "#texture", "tintindex": 0},
				"south": {"uv": [3, 0, 4, 1], "texture": "#texture", "tintindex": 0},
				"west": {"uv": [3, 0, 4, 1], "texture": "#texture", "tintindex": 0},
				"up": {"uv": [3, 0, 4, 1], "texture": "#texture", "tintindex": 0},
				"down": {"uv": [3, 0, 4, 1], "texture": "#texture", "tintindex": 0}
			}
		},
		{
			"from": [7, -0.5, 6],
			"to": [7, 0, 7],
			"rotation": {"angle": 0, "axis": "y", "origin": [11, 7.5, 16]},
			"faces": {
				"north": {"uv": [3, 0, 4, 1], "texture": "#texture", "tintindex": 0},
				"east": {"uv": [3, 0, 4, 1], "texture": "#texture", "tintindex": 0},
				"south": {"uv": [3, 0, 4, 1], "texture": "#texture", "tintindex": 0},
				"west": {"uv": [3, 0, 4, 1], "texture": "#texture", "tintindex": 0},
				"up": {"uv": [3, 0, 4, 1], "texture": "#texture", "tintindex": 0},
				"down": {"uv": [3, 0, 4, 1], "texture": "#texture", "tintindex": 0}
			}
		},
		{
			"from": [3, -0.5, 6],
			"to": [3, 0, 7],
			"rotation": {"angle": 0, "axis": "y", "origin": [7, 7.5, 16]},
			"faces": {
				"north": {"uv": [3, 0, 4, 1], "texture": "#texture", "tintindex": 0},
				"east": {"uv": [3, 0, 4, 1], "texture": "#texture", "tintindex": 0},
				"south": {"uv": [3, 0, 4, 1], "texture": "#texture", "tintindex": 0},
				"west": {"uv": [3, 0, 4, 1], "texture": "#texture", "tintindex": 0},
				"up": {"uv": [3, 0, 4, 1], "texture": "#texture", "tintindex": 0},
				"down": {"uv": [3, 0, 4, 1], "texture": "#texture", "tintindex": 0}
			}
		},
		{
			"from": [6, -0.5, 3],
			"to": [6, 0, 6],
			"rotation": {"angle": 0, "axis": "y", "origin": [10, 7.5, 15]},
			"faces": {
				"north": {"uv": [3, 0, 4, 1], "texture": "#texture", "tintindex": 0},
				"east": {"uv": [3, 0, 4, 1], "texture": "#texture", "tintindex": 0},
				"south": {"uv": [3, 0, 4, 1], "texture": "#texture", "tintindex": 0},
				"west": {"uv": [3, 0, 4, 1], "texture": "#texture", "tintindex": 0},
				"up": {"uv": [3, 0, 4, 1], "texture": "#texture", "tintindex": 0},
				"down": {"uv": [3, 0, 4, 1], "texture": "#texture", "tintindex": 0}
			}
		},
		{
			"from": [16, -0.5, 3],
			"to": [16, 0, 7],
			"rotation": {"angle": 0, "axis": "y", "origin": [20, 7.5, 15]},
			"faces": {
				"north": {"uv": [3, 0, 4, 1], "texture": "#texture", "tintindex": 0},
				"east": {"uv": [3, 0, 4, 1], "texture": "#texture", "tintindex": 0},
				"south": {"uv": [3, 0, 4, 1], "texture": "#texture", "tintindex": 0},
				"west": {"uv": [3, 0, 4, 1], "texture": "#texture", "tintindex": 0},
				"up": {"uv": [3, 0, 4, 1], "texture": "#texture", "tintindex": 0},
				"down": {"uv": [3, 0, 4, 1], "texture": "#texture", "tintindex": 0}
			}
		},
		{
			"from": [15, -0.5, 7],
			"to": [15, 0, 9],
			"rotation": {"angle": 0, "axis": "y", "origin": [19, 7.5, 17]},
			"faces": {
				"north": {"uv": [3, 0, 4, 1], "texture": "#texture", "tintindex": 0},
				"east": {"uv": [3, 0, 4, 1], "texture": "#texture", "tintindex": 0},
				"south": {"uv": [3, 0, 4, 1], "texture": "#texture", "tintindex": 0},
				"west": {"uv": [3, 0, 4, 1], "texture": "#texture", "tintindex": 0},
				"up": {"uv": [3, 0, 4, 1], "texture": "#texture", "tintindex": 0},
				"down": {"uv": [3, 0, 4, 1], "texture": "#texture", "tintindex": 0}
			}
		},
		{
			"from": [13, -0.5, 9],
			"to": [13, 0, 10],
			"rotation": {"angle": 0, "axis": "y", "origin": [17, 7.5, 18]},
			"faces": {
				"north": {"uv": [3, 0, 4, 1], "texture": "#texture", "tintindex": 0},
				"east": {"uv": [3, 0, 4, 1], "texture": "#texture", "tintindex": 0},
				"south": {"uv": [3, 0, 4, 1], "texture": "#texture", "tintindex": 0},
				"west": {"uv": [3, 0, 4, 1], "texture": "#texture", "tintindex": 0},
				"up": {"uv": [3, 0, 4, 1], "texture": "#texture", "tintindex": 0},
				"down": {"uv": [3, 0, 4, 1], "texture": "#texture", "tintindex": 0}
			}
		},
		{
			"from": [14, -0.5, 1],
			"to": [14, 0, 2],
			"rotation": {"angle": 0, "axis": "y", "origin": [18, 7.5, 10]},
			"faces": {
				"north": {"uv": [3, 0, 4, 1], "texture": "#texture", "tintindex": 0},
				"east": {"uv": [3, 0, 4, 1], "texture": "#texture", "tintindex": 0},
				"south": {"uv": [3, 0, 4, 1], "texture": "#texture", "tintindex": 0},
				"west": {"uv": [3, 0, 4, 1], "texture": "#texture", "tintindex": 0},
				"up": {"uv": [3, 0, 4, 1], "texture": "#texture", "tintindex": 0},
				"down": {"uv": [3, 0, 4, 1], "texture": "#texture", "tintindex": 0}
			}
		},
		{
			"from": [13, -0.5, 0],
			"to": [13, 0, 1],
			"rotation": {"angle": 0, "axis": "y", "origin": [17, 7.5, 9]},
			"faces": {
				"north": {"uv": [3, 0, 4, 1], "texture": "#texture", "tintindex": 0},
				"east": {"uv": [3, 0, 4, 1], "texture": "#texture", "tintindex": 0},
				"south": {"uv": [3, 0, 4, 1], "texture": "#texture", "tintindex": 0},
				"west": {"uv": [3, 0, 4, 1], "texture": "#texture", "tintindex": 0},
				"up": {"uv": [3, 0, 4, 1], "texture": "#texture", "tintindex": 0},
				"down": {"uv": [3, 0, 4, 1], "texture": "#texture", "tintindex": 0}
			}
		},
		{
			"from": [9, -0.5, 0],
			"to": [9, 0, 1],
			"rotation": {"angle": 0, "axis": "y", "origin": [13, 7.5, 9]},
			"faces": {
				"north": {"uv": [3, 0, 4, 1], "texture": "#texture", "tintindex": 0},
				"east": {"uv": [3, 0, 4, 1], "texture": "#texture", "tintindex": 0},
				"south": {"uv": [3, 0, 4, 1], "texture": "#texture", "tintindex": 0},
				"west": {"uv": [3, 0, 4, 1], "texture": "#texture", "tintindex": 0},
				"up": {"uv": [3, 0, 4, 1], "texture": "#texture", "tintindex": 0},
				"down": {"uv": [3, 0, 4, 1], "texture": "#texture", "tintindex": 0}
			}
		},
		{
			"from": [7, -0.5, 1],
			"to": [7, 0, 3],
			"rotation": {"angle": 0, "axis": "y", "origin": [11, 7.5, 10]},
			"faces": {
				"north": {"uv": [3, 0, 4, 1], "texture": "#texture", "tintindex": 0},
				"east": {"uv": [3, 0, 4, 1], "texture": "#texture", "tintindex": 0},
				"south": {"uv": [3, 0, 4, 1], "texture": "#texture", "tintindex": 0},
				"west": {"uv": [3, 0, 4, 1], "texture": "#texture", "tintindex": 0},
				"up": {"uv": [3, 0, 4, 1], "texture": "#texture", "tintindex": 0},
				"down": {"uv": [3, 0, 4, 1], "texture": "#texture", "tintindex": 0}
			}
		},
		{
			"from": [15, -0.5, 2],
			"to": [15, 0, 3],
			"rotation": {"angle": 0, "axis": "y", "origin": [19, 7.5, 11]},
			"faces": {
				"north": {"uv": [3, 0, 4, 1], "texture": "#texture", "tintindex": 0},
				"east": {"uv": [3, 0, 4, 1], "texture": "#texture", "tintindex": 0},
				"south": {"uv": [3, 0, 4, 1], "texture": "#texture", "tintindex": 0},
				"west": {"uv": [3, 0, 4, 1], "texture": "#texture", "tintindex": 0},
				"up": {"uv": [3, 0, 4, 1], "texture": "#texture", "tintindex": 0},
				"down": {"uv": [3, 0, 4, 1], "texture": "#texture", "tintindex": 0}
			}
		},
		{
			"from": [10, -0.5, 9],
			"to": [10, 0, 13],
			"rotation": {"angle": 0, "axis": "y", "origin": [14, 7.5, 20]},
			"faces": {
				"north": {"uv": [3, 0, 4, 1], "texture": "#texture", "tintindex": 0},
				"east": {"uv": [3, 0, 4, 1], "texture": "#texture", "tintindex": 0},
				"south": {"uv": [3, 0, 4, 1], "texture": "#texture", "tintindex": 0},
				"west": {"uv": [3, 0, 4, 1], "texture": "#texture", "tintindex": 0},
				"up": {"uv": [3, 0, 4, 1], "texture": "#texture", "tintindex": 0},
				"down": {"uv": [3, 0, 4, 1], "texture": "#texture", "tintindex": 0}
			}
		},
		{
			"from": [1, -0.5, 12],
			"to": [3, 0, 12],
			"rotation": {"angle": 0, "axis": "y", "origin": [5, 7.5, 20]},
			"faces": {
				"north": {"uv": [3, 0, 4, 1], "texture": "#texture", "tintindex": 0},
				"east": {"uv": [3, 0, 4, 1], "texture": "#texture", "tintindex": 0},
				"south": {"uv": [3, 0, 4, 1], "texture": "#texture", "tintindex": 0},
				"west": {"uv": [3, 0, 4, 1], "texture": "#texture", "tintindex": 0},
				"up": {"uv": [3, 0, 4, 1], "texture": "#texture", "tintindex": 0},
				"down": {"uv": [3, 0, 4, 1], "texture": "#texture", "tintindex": 0}
			}
		},
		{
			"from": [1, -0.5, 11],
			"to": [3, 0, 11],
			"rotation": {"angle": 0, "axis": "y", "origin": [5, 7.5, 19]},
			"faces": {
				"north": {"uv": [3, 0, 4, 1], "texture": "#texture", "tintindex": 0},
				"east": {"uv": [3, 0, 4, 1], "texture": "#texture", "tintindex": 0},
				"south": {"uv": [3, 0, 4, 1], "texture": "#texture", "tintindex": 0},
				"west": {"uv": [3, 0, 4, 1], "texture": "#texture", "tintindex": 0},
				"up": {"uv": [3, 0, 4, 1], "texture": "#texture", "tintindex": 0},
				"down": {"uv": [3, 0, 4, 1], "texture": "#texture", "tintindex": 0}
			}
		},
		{
			"from": [12.5, -1, 13.3],
			"to": [13.7, -1, 13.75],
			"rotation": {"angle": 0, "axis": "y", "origin": [22.2, 6, 21]},
			"faces": {
				"north": {"uv": [2, 2, 3, 2.5], "texture": "#3"},
				"east": {"uv": [2, 2, 3, 2.5], "texture": "#3"},
				"south": {"uv": [2, 2, 3, 2.5], "texture": "#3"},
				"west": {"uv": [2, 2, 3, 2.5], "texture": "#3"},
				"up": {"uv": [2, 2, 3, 2.5], "texture": "#3"},
				"down": {"uv": [2, 2, 3, 2.5], "texture": "#3"}
			}
		},
		{
			"from": [12.5, -1.2, 13.75],
			"to": [13.7, -1, 13.75],
			"rotation": {"angle": 0, "axis": "y", "origin": [22.2, 5.8, 21]},
			"faces": {
				"north": {"uv": [2, 2, 3, 2.5], "texture": "#3"},
				"east": {"uv": [2, 2, 3, 2.5], "texture": "#3"},
				"south": {"uv": [2, 2, 3, 2.5], "texture": "#3"},
				"west": {"uv": [2, 2, 3, 2.5], "texture": "#3"},
				"up": {"uv": [2, 2, 3, 2.5], "texture": "#3"},
				"down": {"uv": [2, 2, 3, 2.5], "texture": "#3"}
			}
		},
		{
			"from": [12.5, -1.2, 13.3],
			"to": [13.7, -1, 13.3],
			"rotation": {"angle": 0, "axis": "y", "origin": [22.2, 5.8, 20.5]},
			"faces": {
				"north": {"uv": [2, 2, 3, 2.5], "texture": "#3"},
				"east": {"uv": [2, 2, 3, 2.5], "texture": "#3"},
				"south": {"uv": [2, 2, 3, 2.5], "texture": "#3"},
				"west": {"uv": [2, 2, 3, 2.5], "texture": "#3"},
				"up": {"uv": [2, 2, 3, 2.5], "texture": "#3"},
				"down": {"uv": [2, 2, 3, 2.5], "texture": "#3"}
			}
		},
		{
			"from": [12.75, -1.1, 13.75],
			"to": [13, -1.1, 14.1],
			"rotation": {"angle": 0, "axis": "y", "origin": [22.65, 5.9, 21.75]},
			"faces": {
				"north": {"uv": [4, 2, 5, 2.5], "texture": "#3"},
				"east": {"uv": [4, 2, 5, 2.5], "texture": "#3"},
				"south": {"uv": [4, 2, 5, 2.5], "texture": "#3"},
				"west": {"uv": [4, 2, 5, 2.5], "texture": "#3"},
				"up": {"uv": [4, 2, 5, 2.5], "texture": "#3"},
				"down": {"uv": [4, 2, 5, 2.5], "texture": "#3"}
			}
		},
		{
			"from": [12.75, -1.1, 12.95],
			"to": [13, -1.1, 13.3],
			"rotation": {"angle": 0, "axis": "y", "origin": [22.65, 5.9, 20.95]},
			"faces": {
				"north": {"uv": [4, 2, 5, 2.5], "texture": "#3"},
				"east": {"uv": [4, 2, 5, 2.5], "texture": "#3"},
				"south": {"uv": [4, 2, 5, 2.5], "texture": "#3"},
				"west": {"uv": [4, 2, 5, 2.5], "texture": "#3"},
				"up": {"uv": [4, 2, 5, 2.5], "texture": "#3"},
				"down": {"uv": [4, 2, 5, 2.5], "texture": "#3"}
			}
		},
		{
			"from": [13.15, -1.1, 13.75],
			"to": [13.4, -1.1, 14.1],
			"rotation": {"angle": 0, "axis": "y", "origin": [23.15, 5.9, 21.75]},
			"faces": {
				"north": {"uv": [4, 2, 5, 2.5], "texture": "#3"},
				"east": {"uv": [4, 2, 5, 2.5], "texture": "#3"},
				"south": {"uv": [4, 2, 5, 2.5], "texture": "#3"},
				"west": {"uv": [4, 2, 5, 2.5], "texture": "#3"},
				"up": {"uv": [4, 2, 5, 2.5], "texture": "#3"},
				"down": {"uv": [4, 2, 5, 2.5], "texture": "#3"}
			}
		},
		{
			"from": [13.15, -1.1, 12.95],
			"to": [13.4, -1.1, 13.3],
			"rotation": {"angle": 0, "axis": "y", "origin": [23.15, 5.9, 20.95]},
			"faces": {
				"north": {"uv": [4, 2, 5, 2.5], "texture": "#3"},
				"east": {"uv": [4, 2, 5, 2.5], "texture": "#3"},
				"south": {"uv": [4, 2, 5, 2.5], "texture": "#3"},
				"west": {"uv": [4, 2, 5, 2.5], "texture": "#3"},
				"up": {"uv": [4, 2, 5, 2.5], "texture": "#3"},
				"down": {"uv": [4, 2, 5, 2.5], "texture": "#3"}
			}
		},
		{
			"from": [12.65, -1.6, 14.35],
			"to": [12.9, -1.6, 15.2],
			"rotation": {"angle": -45, "axis": "y", "origin": [12.725, -1.6, 14.625]},
			"faces": {
				"north": {"uv": [4, 2, 5, 2.5], "texture": "#3"},
				"east": {"uv": [4, 2, 5, 2.5], "texture": "#3"},
				"south": {"uv": [4, 2, 5, 2.5], "texture": "#3"},
				"west": {"uv": [4, 2, 5, 2.5], "texture": "#3"},
				"up": {"uv": [4, 2, 5, 2.5], "texture": "#3"},
				"down": {"uv": [4, 2, 5, 2.5], "texture": "#3"}
			}
		},
		{
			"from": [12.52929, -1.6, 11.79142],
			"to": [12.77929, -1.6, 12.64142],
			"rotation": {"angle": 45, "axis": "y", "origin": [12.65429, -1.6, 12.21642]},
			"faces": {
				"north": {"uv": [4, 2, 5, 2.5], "texture": "#3"},
				"east": {"uv": [4, 2, 5, 2.5], "texture": "#3"},
				"south": {"uv": [4, 2, 5, 2.5], "texture": "#3"},
				"west": {"uv": [4, 2, 5, 2.5], "texture": "#3"},
				"up": {"uv": [4, 2, 5, 2.5], "texture": "#3"},
				"down": {"uv": [4, 2, 5, 2.5], "texture": "#3"}
			}
		},
		{
			"from": [13.4, -1.6, 14.45],
			"to": [13.65, -1.6, 15.3],
			"rotation": {"angle": 45, "axis": "y", "origin": [13.475, -1.6, 14.725]},
			"faces": {
				"north": {"uv": [4, 2, 5, 2.5], "texture": "#3"},
				"east": {"uv": [4, 2, 5, 2.5], "texture": "#3"},
				"south": {"uv": [4, 2, 5, 2.5], "texture": "#3"},
				"west": {"uv": [4, 2, 5, 2.5], "texture": "#3"},
				"up": {"uv": [4, 2, 5, 2.5], "texture": "#3"},
				"down": {"uv": [4, 2, 5, 2.5], "texture": "#3"}
			}
		},
		{
			"from": [13.19142, -1.6, 12.07071],
			"to": [14.04142, -1.6, 12.32071],
			"rotation": {"angle": 45, "axis": "y", "origin": [13.61642, -1.6, 12.19571]},
			"faces": {
				"north": {"uv": [4, 2, 5, 2.5], "texture": "#3"},
				"east": {"uv": [4, 2, 5, 2.5], "texture": "#3"},
				"south": {"uv": [4, 2, 5, 2.5], "texture": "#3"},
				"west": {"uv": [4, 2, 5, 2.5], "texture": "#3"},
				"up": {"uv": [4, 2, 5, 2.5], "rotation": 270, "texture": "#3"},
				"down": {"uv": [4, 2, 5, 2.5], "rotation": 90, "texture": "#3"}
			}
		},
		{
			"from": [12.75, -1.35, 13.95],
			"to": [13, -1.35, 14.7],
			"rotation": {"angle": 45, "axis": "x", "origin": [12.825, -1.3, 14.325]},
			"faces": {
				"north": {"uv": [4, 2, 5, 2.5], "texture": "#3"},
				"east": {"uv": [4, 2, 5, 2.5], "texture": "#3"},
				"south": {"uv": [4, 2, 5, 2.5], "texture": "#3"},
				"west": {"uv": [4, 2, 5, 2.5], "texture": "#3"},
				"up": {"uv": [4, 2, 5, 2.5], "texture": "#3"},
				"down": {"uv": [4, 2, 5, 2.5], "texture": "#3"}
			}
		},
		{
			"from": [12.75, -1.33536, 12.31464],
			"to": [13, -1.33536, 13.06464],
			"rotation": {"angle": -45, "axis": "x", "origin": [13.325, -1.33536, 12.68964]},
			"faces": {
				"north": {"uv": [4, 2, 5, 2.5], "texture": "#3"},
				"east": {"uv": [4, 2, 5, 2.5], "texture": "#3"},
				"south": {"uv": [4, 2, 5, 2.5], "texture": "#3"},
				"west": {"uv": [4, 2, 5, 2.5], "texture": "#3"},
				"up": {"uv": [4, 2, 5, 2.5], "texture": "#3"},
				"down": {"uv": [4, 2, 5, 2.5], "texture": "#3"}
			}
		},
		{
			"from": [13.15, -1.35, 13.95],
			"to": [13.4, -1.35, 14.7],
			"rotation": {"angle": 45, "axis": "x", "origin": [13.325, -1.3, 14.325]},
			"faces": {
				"north": {"uv": [4, 2, 5, 2.5], "texture": "#3"},
				"east": {"uv": [4, 2, 5, 2.5], "texture": "#3"},
				"south": {"uv": [4, 2, 5, 2.5], "texture": "#3"},
				"west": {"uv": [4, 2, 5, 2.5], "texture": "#3"},
				"up": {"uv": [4, 2, 5, 2.5], "texture": "#3"},
				"down": {"uv": [4, 2, 5, 2.5], "texture": "#3"}
			}
		},
		{
			"from": [13.15, -1.33536, 12.31464],
			"to": [13.4, -1.33536, 13.06464],
			"rotation": {"angle": -45, "axis": "x", "origin": [12.825, -1.33536, 12.68964]},
			"faces": {
				"north": {"uv": [4, 2, 5, 2.5], "texture": "#3"},
				"east": {"uv": [4, 2, 5, 2.5], "texture": "#3"},
				"south": {"uv": [4, 2, 5, 2.5], "texture": "#3"},
				"west": {"uv": [4, 2, 5, 2.5], "texture": "#3"},
				"up": {"uv": [4, 2, 5, 2.5], "texture": "#3"},
				"down": {"uv": [4, 2, 5, 2.5], "texture": "#3"}
			}
		}
	],
	"groups": [0, 1, 2, 3, 4, 5, 6,
		{
			"name": "group",
			"origin": [5, 8.25, 19],
			"children": [7, 8, 9, 10, 11, 12, 13, 14, 15, 16, 17, 18, 19, 20, 21, 22, 23, 24, 25, 26, 27, 28, 29, 30, 31, 32, 33, 34, 35, 36, 37, 38, 39, 40, 41, 42, 43, 44, 45, 46, 47, 48, 49, 50, 51, 52]
		},
		{
			"name": "group",
			"origin": [8, 8, 8],
			"children": [53, 54, 55, 56, 57, 58, 59, 60, 61, 62, 63, 64, 65, 66, 67]
		}
	]
}