{
	"credit": "Made with Blockbench",
	"ambientocclusion": false,
	"textures": {
		"2": "block/lily_pad_bottom",
		"particle": "block/lily_pad",
		"texture": "block/lily_pad"
	},
	"elements": [
		{
			"from": [0, 0.25, 0],
			"to": [16, 0.25, 16],
			"faces": {
				"up": {"uv": [16, 0, 0, 16], "texture": "#texture", "tintindex": 0},
				"down": {"uv": [16, 16, 0, 0], "texture": "#texture", "tintindex": 0}
			}
		},
		{
			"from": [7.5, -15.8, 2],
			"to": [7.5, 0.2, 18],
			"rotation": {"angle": 0, "axis": "y", "origin": [7.5, -7.8, 10]},
			"faces": {
				"north": {"uv": [0, 0, 16, 16], "texture": "#2", "tintindex": 0},
				"east": {"uv": [16, 0, 0, 16], "texture": "#2", "tintindex": 0},
				"south": {"uv": [0, 0, 16, 16], "texture": "#2", "tintindex": 0},
				"west": {"uv": [0, 0, 16, 16], "texture": "#2", "tintindex": 0},
				"up": {"uv": [0, 0, 16, 16], "texture": "#2", "tintindex": 0},
				"down": {"uv": [0, 0, 16, 16], "texture": "#2", "tintindex": 0}
			}
		},
		{
			"from": [4.5, -1.8, 7],
			"to": [12.5, 0.2, 7],
			"rotation": {"angle": 0, "axis": "y", "origin": [4.5, -7.8, 7]},
			"faces": {
				"north": {"uv": [0, 0, 8, 2], "texture": "#2", "tintindex": 0},
				"east": {"uv": [0, 0, 8, 2], "texture": "#2", "tintindex": 0},
				"south": {"uv": [8, 0, 0, 2], "texture": "#2", "tintindex": 0},
				"west": {"uv": [0, 0, 8, 2], "texture": "#2", "tintindex": 0},
				"up": {"uv": [0, 0, 8, 2], "texture": "#2", "tintindex": 0},
				"down": {"uv": [0, 0, 8, 2], "texture": "#2", "tintindex": 0}
			}
		},
		{
			"name": "Side",
			"from": [1, 0.25, 4],
			"to": [1, 0.75, 11],
			"rotation": {"angle": 0, "axis": "y", "origin": [8, 8.25, 12]},
			"faces": {
				"north": {"uv": [2, 7, 3, 8], "texture": "#texture", "tintindex": 0},
				"east": {"uv": [2, 7, 3, 8], "texture": "#texture", "tintindex": 0},
				"south": {"uv": [2, 7, 3, 8], "texture": "#texture", "tintindex": 0},
				"west": {"uv": [2, 7, 3, 8], "texture": "#texture", "tintindex": 0},
				"up": {"uv": [2, 7, 3, 8], "texture": "#texture", "tintindex": 0},
				"down": {"uv": [2, 7, 3, 8], "texture": "#texture", "tintindex": 0}
			}
		},
		{
			"name": "Side",
			"from": [14, 0.25, 4],
			"to": [14, 0.75, 11],
			"rotation": {"angle": 0, "axis": "y", "origin": [21, 8.25, 12]},
			"faces": {
				"north": {"uv": [2, 7, 3, 8], "texture": "#texture", "tintindex": 0},
				"east": {"uv": [2, 7, 3, 8], "texture": "#texture", "tintindex": 0},
				"south": {"uv": [2, 7, 3, 8], "texture": "#texture", "tintindex": 0},
				"west": {"uv": [2, 7, 3, 8], "texture": "#texture", "tintindex": 0},
				"up": {"uv": [2, 7, 3, 8], "texture": "#texture", "tintindex": 0},
				"down": {"uv": [2, 7, 3, 8], "texture": "#texture", "tintindex": 0}
			}
		},
		{
			"name": "Side",
			"from": [13, 0.25, 2],
			"to": [13, 0.75, 4],
			"rotation": {"angle": 0, "axis": "y", "origin": [20, 8.25, 10]},
			"faces": {
				"north": {"uv": [2, 7, 3, 8], "texture": "#texture", "tintindex": 0},
				"east": {"uv": [2, 7, 3, 8], "texture": "#texture", "tintindex": 0},
				"south": {"uv": [2, 7, 3, 8], "texture": "#texture", "tintindex": 0},
				"west": {"uv": [2, 7, 3, 8], "texture": "#texture", "tintindex": 0},
				"up": {"uv": [2, 7, 3, 8], "texture": "#texture", "tintindex": 0},
				"down": {"uv": [2, 7, 3, 8], "texture": "#texture", "tintindex": 0}
			}
		},
		{
			"name": "Side",
			"from": [9, 0.25, 1],
			"to": [9, 0.75, 3],
			"rotation": {"angle": 0, "axis": "y", "origin": [16, 8.25, 9]},
			"faces": {
				"north": {"uv": [2, 7, 3, 8], "texture": "#texture", "tintindex": 0},
				"east": {"uv": [2, 7, 3, 8], "texture": "#texture", "tintindex": 0},
				"south": {"uv": [2, 7, 3, 8], "texture": "#texture", "tintindex": 0},
				"west": {"uv": [2, 7, 3, 8], "texture": "#texture", "tintindex": 0},
				"up": {"uv": [2, 7, 3, 8], "texture": "#texture", "tintindex": 0},
				"down": {"uv": [2, 7, 3, 8], "texture": "#texture", "tintindex": 0}
			}
		},
		{
			"name": "Side",
			"from": [6, 0.25, 1],
			"to": [6, 0.75, 3],
			"rotation": {"angle": 0, "axis": "y", "origin": [13, 8.25, 9]},
			"faces": {
				"north": {"uv": [2, 7, 3, 8], "texture": "#texture", "tintindex": 0},
				"east": {"uv": [2, 7, 3, 8], "texture": "#texture", "tintindex": 0},
				"south": {"uv": [2, 7, 3, 8], "texture": "#texture", "tintindex": 0},
				"west": {"uv": [2, 7, 3, 8], "texture": "#texture", "tintindex": 0},
				"up": {"uv": [2, 7, 3, 8], "texture": "#texture", "tintindex": 0},
				"down": {"uv": [2, 7, 3, 8], "texture": "#texture", "tintindex": 0}
			}
		},
		{
			"name": "Side",
			"from": [3, 0.25, 1],
			"to": [6, 0.75, 1],
			"rotation": {"angle": 0, "axis": "y", "origin": [12, 8.25, 9]},
			"faces": {
				"north": {"uv": [2, 7, 3, 8], "texture": "#texture", "tintindex": 0},
				"east": {"uv": [2, 7, 3, 8], "texture": "#texture", "tintindex": 0},
				"south": {"uv": [2, 7, 3, 8], "texture": "#texture", "tintindex": 0},
				"west": {"uv": [2, 7, 3, 8], "texture": "#texture", "tintindex": 0},
				"up": {"uv": [2, 7, 3, 8], "texture": "#texture", "tintindex": 0},
				"down": {"uv": [2, 7, 3, 8], "texture": "#texture", "tintindex": 0}
			}
		},
		{
			"name": "Side",
			"from": [9, 0.25, 1],
			"to": [12, 0.75, 1],
			"rotation": {"angle": 0, "axis": "y", "origin": [18, 8.25, 9]},
			"faces": {
				"north": {"uv": [2, 7, 3, 8], "texture": "#texture", "tintindex": 0},
				"east": {"uv": [2, 7, 3, 8], "texture": "#texture", "tintindex": 0},
				"south": {"uv": [2, 7, 3, 8], "texture": "#texture", "tintindex": 0},
				"west": {"uv": [2, 7, 3, 8], "texture": "#texture", "tintindex": 0},
				"up": {"uv": [2, 7, 3, 8], "texture": "#texture", "tintindex": 0},
				"down": {"uv": [2, 7, 3, 8], "texture": "#texture", "tintindex": 0}
			}
		},
		{
			"name": "Side",
			"from": [8, 0.25, 3],
			"to": [9, 0.75, 3],
			"rotation": {"angle": 0, "axis": "y", "origin": [15, 8.25, 11]},
			"faces": {
				"north": {"uv": [2, 7, 3, 8], "texture": "#texture", "tintindex": 0},
				"east": {"uv": [2, 7, 3, 8], "texture": "#texture", "tintindex": 0},
				"south": {"uv": [2, 7, 3, 8], "texture": "#texture", "tintindex": 0},
				"west": {"uv": [2, 7, 3, 8], "texture": "#texture", "tintindex": 0},
				"up": {"uv": [2, 7, 3, 8], "texture": "#texture", "tintindex": 0},
				"down": {"uv": [2, 7, 3, 8], "texture": "#texture", "tintindex": 0}
			}
		},
		{
			"name": "Side",
			"from": [6, 0.25, 3],
			"to": [7, 0.75, 3],
			"rotation": {"angle": 0, "axis": "y", "origin": [13, 8.25, 11]},
			"faces": {
				"north": {"uv": [2, 7, 3, 8], "texture": "#texture", "tintindex": 0},
				"east": {"uv": [2, 7, 3, 8], "texture": "#texture", "tintindex": 0},
				"south": {"uv": [2, 7, 3, 8], "texture": "#texture", "tintindex": 0},
				"west": {"uv": [2, 7, 3, 8], "texture": "#texture", "tintindex": 0},
				"up": {"uv": [2, 7, 3, 8], "texture": "#texture", "tintindex": 0},
				"down": {"uv": [2, 7, 3, 8], "texture": "#texture", "tintindex": 0}
			}
		},
		{
			"name": "Side",
			"from": [7, 0.25, 5],
			"to": [8, 0.75, 5],
			"rotation": {"angle": 0, "axis": "y", "origin": [14, 8.25, 13]},
			"faces": {
				"north": {"uv": [2, 7, 3, 8], "texture": "#texture", "tintindex": 0},
				"east": {"uv": [2, 7, 3, 8], "texture": "#texture", "tintindex": 0},
				"south": {"uv": [2, 7, 3, 8], "texture": "#texture", "tintindex": 0},
				"west": {"uv": [2, 7, 3, 8], "texture": "#texture", "tintindex": 0},
				"up": {"uv": [2, 7, 3, 8], "texture": "#texture", "tintindex": 0},
				"down": {"uv": [2, 7, 3, 8], "texture": "#texture", "tintindex": 0}
			}
		},
		{
			"name": "Side",
			"from": [5, 0.25, 15],
			"to": [10, 0.75, 15],
			"rotation": {"angle": 0, "axis": "y", "origin": [14, 8.25, 23]},
			"faces": {
				"north": {"uv": [2, 7, 3, 8], "texture": "#texture", "tintindex": 0},
				"east": {"uv": [2, 7, 3, 8], "texture": "#texture", "tintindex": 0},
				"south": {"uv": [2, 7, 3, 8], "texture": "#texture", "tintindex": 0},
				"west": {"uv": [2, 7, 3, 8], "texture": "#texture", "tintindex": 0},
				"up": {"uv": [2, 7, 3, 8], "texture": "#texture", "tintindex": 0},
				"down": {"uv": [2, 7, 3, 8], "texture": "#texture", "tintindex": 0}
			}
		},
		{
			"name": "Side",
			"from": [10, 0.25, 14],
			"to": [12, 0.75, 14],
			"rotation": {"angle": 0, "axis": "y", "origin": [16, 8.25, 22]},
			"faces": {
				"north": {"uv": [2, 7, 3, 8], "texture": "#texture", "tintindex": 0},
				"east": {"uv": [2, 7, 3, 8], "texture": "#texture", "tintindex": 0},
				"south": {"uv": [2, 7, 3, 8], "texture": "#texture", "tintindex": 0},
				"west": {"uv": [2, 7, 3, 8], "texture": "#texture", "tintindex": 0},
				"up": {"uv": [2, 7, 3, 8], "texture": "#texture", "tintindex": 0},
				"down": {"uv": [2, 7, 3, 8], "texture": "#texture", "tintindex": 0}
			}
		},
		{
			"name": "Side",
			"from": [3, 0.25, 14],
			"to": [5, 0.75, 14],
			"rotation": {"angle": 0, "axis": "y", "origin": [9, 8.25, 22]},
			"faces": {
				"north": {"uv": [2, 7, 3, 8], "texture": "#texture", "tintindex": 0},
				"east": {"uv": [2, 7, 3, 8], "texture": "#texture", "tintindex": 0},
				"south": {"uv": [2, 7, 3, 8], "texture": "#texture", "tintindex": 0},
				"west": {"uv": [2, 7, 3, 8], "texture": "#texture", "tintindex": 0},
				"up": {"uv": [2, 7, 3, 8], "texture": "#texture", "tintindex": 0},
				"down": {"uv": [2, 7, 3, 8], "texture": "#texture", "tintindex": 0}
			}
		},
		{
			"name": "Side",
			"from": [2, 0.25, 13],
			"to": [3, 0.75, 13],
			"rotation": {"angle": 0, "axis": "y", "origin": [8, 8.25, 21]},
			"faces": {
				"north": {"uv": [2, 7, 3, 8], "texture": "#texture", "tintindex": 0},
				"east": {"uv": [2, 7, 3, 8], "texture": "#texture", "tintindex": 0},
				"south": {"uv": [2, 7, 3, 8], "texture": "#texture", "tintindex": 0},
				"west": {"uv": [2, 7, 3, 8], "texture": "#texture", "tintindex": 0},
				"up": {"uv": [2, 7, 3, 8], "texture": "#texture", "tintindex": 0},
				"down": {"uv": [2, 7, 3, 8], "texture": "#texture", "tintindex": 0}
			}
		},
		{
			"name": "Side",
			"from": [12, 0.25, 13],
			"to": [13, 0.75, 13],
			"rotation": {"angle": 0, "axis": "y", "origin": [18, 8.25, 21]},
			"faces": {
				"north": {"uv": [2, 7, 3, 8], "texture": "#texture", "tintindex": 0},
				"east": {"uv": [2, 7, 3, 8], "texture": "#texture", "tintindex": 0},
				"south": {"uv": [2, 7, 3, 8], "texture": "#texture", "tintindex": 0},
				"west": {"uv": [2, 7, 3, 8], "texture": "#texture", "tintindex": 0},
				"up": {"uv": [2, 7, 3, 8], "texture": "#texture", "tintindex": 0},
				"down": {"uv": [2, 7, 3, 8], "texture": "#texture", "tintindex": 0}
			}
		},
		{
			"name": "Side",
			"from": [13, 0.25, 11],
			"to": [14, 0.75, 11],
			"rotation": {"angle": 0, "axis": "y", "origin": [19, 8.25, 19]},
			"faces": {
				"north": {"uv": [2, 7, 3, 8], "texture": "#texture", "tintindex": 0},
				"east": {"uv": [2, 7, 3, 8], "texture": "#texture", "tintindex": 0},
				"south": {"uv": [2, 7, 3, 8], "texture": "#texture", "tintindex": 0},
				"west": {"uv": [2, 7, 3, 8], "texture": "#texture", "tintindex": 0},
				"up": {"uv": [2, 7, 3, 8], "texture": "#texture", "tintindex": 0},
				"down": {"uv": [2, 7, 3, 8], "texture": "#texture", "tintindex": 0}
			}
		},
		{
			"name": "Side",
			"from": [13, 0.25, 4],
			"to": [14, 0.75, 4],
			"rotation": {"angle": 0, "axis": "y", "origin": [19, 8.25, 12]},
			"faces": {
				"north": {"uv": [2, 7, 3, 8], "texture": "#texture", "tintindex": 0},
				"east": {"uv": [2, 7, 3, 8], "texture": "#texture", "tintindex": 0},
				"south": {"uv": [2, 7, 3, 8], "texture": "#texture", "tintindex": 0},
				"west": {"uv": [2, 7, 3, 8], "texture": "#texture", "tintindex": 0},
				"up": {"uv": [2, 7, 3, 8], "texture": "#texture", "tintindex": 0},
				"down": {"uv": [2, 7, 3, 8], "texture": "#texture", "tintindex": 0}
			}
		},
		{
			"name": "Side",
			"from": [12, 0.25, 2],
			"to": [13, 0.75, 2],
			"rotation": {"angle": 0, "axis": "y", "origin": [18, 8.25, 10]},
			"faces": {
				"north": {"uv": [2, 7, 3, 8], "texture": "#texture", "tintindex": 0},
				"east": {"uv": [2, 7, 3, 8], "texture": "#texture", "tintindex": 0},
				"south": {"uv": [2, 7, 3, 8], "texture": "#texture", "tintindex": 0},
				"west": {"uv": [2, 7, 3, 8], "texture": "#texture", "tintindex": 0},
				"up": {"uv": [2, 7, 3, 8], "texture": "#texture", "tintindex": 0},
				"down": {"uv": [2, 7, 3, 8], "texture": "#texture", "tintindex": 0}
			}
		},
		{
			"name": "Side",
			"from": [1, 0.25, 11],
			"to": [2, 0.75, 11],
			"rotation": {"angle": 0, "axis": "y", "origin": [7, 8.25, 19]},
			"faces": {
				"north": {"uv": [2, 7, 3, 8], "texture": "#texture", "tintindex": 0},
				"east": {"uv": [2, 7, 3, 8], "texture": "#texture", "tintindex": 0},
				"south": {"uv": [2, 7, 3, 8], "texture": "#texture", "tintindex": 0},
				"west": {"uv": [2, 7, 3, 8], "texture": "#texture", "tintindex": 0},
				"up": {"uv": [2, 7, 3, 8], "texture": "#texture", "tintindex": 0},
				"down": {"uv": [2, 7, 3, 8], "texture": "#texture", "tintindex": 0}
			}
		},
		{
			"name": "Side",
			"from": [1, 0.25, 4],
			"to": [2, 0.75, 4],
			"rotation": {"angle": 0, "axis": "y", "origin": [7, 8.25, 12]},
			"faces": {
				"north": {"uv": [2, 7, 3, 8], "texture": "#texture", "tintindex": 0},
				"east": {"uv": [2, 7, 3, 8], "texture": "#texture", "tintindex": 0},
				"south": {"uv": [2, 7, 3, 8], "texture": "#texture", "tintindex": 0},
				"west": {"uv": [2, 7, 3, 8], "texture": "#texture", "tintindex": 0},
				"up": {"uv": [2, 7, 3, 8], "texture": "#texture", "tintindex": 0},
				"down": {"uv": [2, 7, 3, 8], "texture": "#texture", "tintindex": 0}
			}
		},
		{
			"name": "Side",
			"from": [2, 0.25, 2],
			"to": [3, 0.75, 2],
			"rotation": {"angle": 0, "axis": "y", "origin": [8, 8.25, 10]},
			"faces": {
				"north": {"uv": [2, 7, 3, 8], "texture": "#texture", "tintindex": 0},
				"east": {"uv": [2, 7, 3, 8], "texture": "#texture", "tintindex": 0},
				"south": {"uv": [2, 7, 3, 8], "texture": "#texture", "tintindex": 0},
				"west": {"uv": [2, 7, 3, 8], "texture": "#texture", "tintindex": 0},
				"up": {"uv": [2, 7, 3, 8], "texture": "#texture", "tintindex": 0},
				"down": {"uv": [2, 7, 3, 8], "texture": "#texture", "tintindex": 0}
			}
		},
		{
			"name": "Side",
			"from": [8, 0.25, 3],
			"to": [8, 0.75, 5],
			"rotation": {"angle": 0, "axis": "y", "origin": [15, 8.25, 11]},
			"faces": {
				"north": {"uv": [2, 7, 3, 8], "texture": "#texture", "tintindex": 0},
				"east": {"uv": [2, 7, 3, 8], "texture": "#texture", "tintindex": 0},
				"south": {"uv": [2, 7, 3, 8], "texture": "#texture", "tintindex": 0},
				"west": {"uv": [2, 7, 3, 8], "texture": "#texture", "tintindex": 0},
				"up": {"uv": [2, 7, 3, 8], "texture": "#texture", "tintindex": 0},
				"down": {"uv": [2, 7, 3, 8], "texture": "#texture", "tintindex": 0}
			}
		},
		{
			"name": "Side",
			"from": [7, 0.25, 3],
			"to": [7, 0.75, 5],
			"rotation": {"angle": 0, "axis": "y", "origin": [14, 8.25, 11]},
			"faces": {
				"north": {"uv": [2, 7, 3, 8], "texture": "#texture", "tintindex": 0},
				"east": {"uv": [2, 7, 3, 8], "texture": "#texture", "tintindex": 0},
				"south": {"uv": [2, 7, 3, 8], "texture": "#texture", "tintindex": 0},
				"west": {"uv": [2, 7, 3, 8], "texture": "#texture", "tintindex": 0},
				"up": {"uv": [2, 7, 3, 8], "texture": "#texture", "tintindex": 0},
				"down": {"uv": [2, 7, 3, 8], "texture": "#texture", "tintindex": 0}
			}
		},
		{
			"name": "Side",
			"from": [2, 0.25, 2],
			"to": [2, 0.75, 4],
			"rotation": {"angle": 0, "axis": "y", "origin": [9, 8.25, 10]},
			"faces": {
				"north": {"uv": [2, 7, 3, 8], "texture": "#texture", "tintindex": 0},
				"east": {"uv": [2, 7, 3, 8], "texture": "#texture", "tintindex": 0},
				"south": {"uv": [2, 7, 3, 8], "texture": "#texture", "tintindex": 0},
				"west": {"uv": [2, 7, 3, 8], "texture": "#texture", "tintindex": 0},
				"up": {"uv": [2, 7, 3, 8], "texture": "#texture", "tintindex": 0},
				"down": {"uv": [2, 7, 3, 8], "texture": "#texture", "tintindex": 0}
			}
		},
		{
			"name": "Side",
			"from": [13, 0.25, 11],
			"to": [13, 0.75, 13],
			"rotation": {"angle": 0, "axis": "y", "origin": [20, 8.25, 19]},
			"faces": {
				"north": {"uv": [2, 7, 3, 8], "texture": "#texture", "tintindex": 0},
				"east": {"uv": [2, 7, 3, 8], "texture": "#texture", "tintindex": 0},
				"south": {"uv": [2, 7, 3, 8], "texture": "#texture", "tintindex": 0},
				"west": {"uv": [2, 7, 3, 8], "texture": "#texture", "tintindex": 0},
				"up": {"uv": [2, 7, 3, 8], "texture": "#texture", "tintindex": 0},
				"down": {"uv": [2, 7, 3, 8], "texture": "#texture", "tintindex": 0}
			}
		},
		{
			"name": "Side",
			"from": [2, 0.25, 11],
			"to": [2, 0.75, 13],
			"rotation": {"angle": 0, "axis": "y", "origin": [9, 8.25, 19]},
			"faces": {
				"north": {"uv": [2, 7, 3, 8], "texture": "#texture", "tintindex": 0},
				"east": {"uv": [2, 7, 3, 8], "texture": "#texture", "tintindex": 0},
				"south": {"uv": [2, 7, 3, 8], "texture": "#texture", "tintindex": 0},
				"west": {"uv": [2, 7, 3, 8], "texture": "#texture", "tintindex": 0},
				"up": {"uv": [2, 7, 3, 8], "texture": "#texture", "tintindex": 0},
				"down": {"uv": [2, 7, 3, 8], "texture": "#texture", "tintindex": 0}
			}
		},
		{
			"name": "Side",
			"from": [3, 0.25, 13],
			"to": [3, 0.75, 14],
			"rotation": {"angle": 0, "axis": "y", "origin": [10, 8.25, 21]},
			"faces": {
				"north": {"uv": [2, 7, 3, 8], "texture": "#texture", "tintindex": 0},
				"east": {"uv": [2, 7, 3, 8], "texture": "#texture", "tintindex": 0},
				"south": {"uv": [2, 7, 3, 8], "texture": "#texture", "tintindex": 0},
				"west": {"uv": [2, 7, 3, 8], "texture": "#texture", "tintindex": 0},
				"up": {"uv": [2, 7, 3, 8], "texture": "#texture", "tintindex": 0},
				"down": {"uv": [2, 7, 3, 8], "texture": "#texture", "tintindex": 0}
			}
		},
		{
			"name": "Side",
			"from": [12, 0.25, 13],
			"to": [12, 0.75, 14],
			"rotation": {"angle": 0, "axis": "y", "origin": [19, 8.25, 21]},
			"faces": {
				"north": {"uv": [2, 7, 3, 8], "texture": "#texture", "tintindex": 0},
				"east": {"uv": [2, 7, 3, 8], "texture": "#texture", "tintindex": 0},
				"south": {"uv": [2, 7, 3, 8], "texture": "#texture", "tintindex": 0},
				"west": {"uv": [2, 7, 3, 8], "texture": "#texture", "tintindex": 0},
				"up": {"uv": [2, 7, 3, 8], "texture": "#texture", "tintindex": 0},
				"down": {"uv": [2, 7, 3, 8], "texture": "#texture", "tintindex": 0}
			}
		},
		{
			"name": "Side",
			"from": [12, 0.25, 1],
			"to": [12, 0.75, 2],
			"rotation": {"angle": 0, "axis": "y", "origin": [19, 8.25, 9]},
			"faces": {
				"north": {"uv": [2, 7, 3, 8], "texture": "#texture", "tintindex": 0},
				"east": {"uv": [2, 7, 3, 8], "texture": "#texture", "tintindex": 0},
				"south": {"uv": [2, 7, 3, 8], "texture": "#texture", "tintindex": 0},
				"west": {"uv": [2, 7, 3, 8], "texture": "#texture", "tintindex": 0},
				"up": {"uv": [2, 7, 3, 8], "texture": "#texture", "tintindex": 0},
				"down": {"uv": [2, 7, 3, 8], "texture": "#texture", "tintindex": 0}
			}
		},
		{
			"name": "Side",
			"from": [3, 0.25, 1],
			"to": [3, 0.75, 2],
			"rotation": {"angle": 0, "axis": "y", "origin": [10, 8.25, 9]},
			"faces": {
				"north": {"uv": [2, 7, 3, 8], "texture": "#texture", "tintindex": 0},
				"east": {"uv": [2, 7, 3, 8], "texture": "#texture", "tintindex": 0},
				"south": {"uv": [2, 7, 3, 8], "texture": "#texture", "tintindex": 0},
				"west": {"uv": [2, 7, 3, 8], "texture": "#texture", "tintindex": 0},
				"up": {"uv": [2, 7, 3, 8], "texture": "#texture", "tintindex": 0},
				"down": {"uv": [2, 7, 3, 8], "texture": "#texture", "tintindex": 0}
			}
		},
		{
			"name": "Side",
			"from": [5, 0.25, 14],
			"to": [5, 0.75, 15],
			"rotation": {"angle": 0, "axis": "y", "origin": [12, 8.25, 22]},
			"faces": {
				"north": {"uv": [2, 7, 3, 8], "texture": "#texture", "tintindex": 0},
				"east": {"uv": [2, 7, 3, 8], "texture": "#texture", "tintindex": 0},
				"south": {"uv": [2, 7, 3, 8], "texture": "#texture", "tintindex": 0},
				"west": {"uv": [2, 7, 3, 8], "texture": "#texture", "tintindex": 0},
				"up": {"uv": [2, 7, 3, 8], "texture": "#texture", "tintindex": 0},
				"down": {"uv": [2, 7, 3, 8], "texture": "#texture", "tintindex": 0}
			}
		},
		{
			"name": "Side",
			"from": [10, 0.25, 14],
			"to": [10, 0.75, 15],
			"rotation": {"angle": 0, "axis": "y", "origin": [17, 8.25, 22]},
			"faces": {
				"north": {"uv": [2, 7, 3, 8], "texture": "#texture", "tintindex": 0},
				"east": {"uv": [2, 7, 3, 8], "texture": "#texture", "tintindex": 0},
				"south": {"uv": [2, 7, 3, 8], "texture": "#texture", "tintindex": 0},
				"west": {"uv": [2, 7, 3, 8], "texture": "#texture", "tintindex": 0},
				"up": {"uv": [2, 7, 3, 8], "texture": "#texture", "tintindex": 0},
				"down": {"uv": [2, 7, 3, 8], "texture": "#texture", "tintindex": 0}
			}
		}
	]
}