{
	"credit": "Made with Blockbench",
	"ambientocclusion": false,
	"textures": {
		"particle": "block/red_mushroom"
	},
	"elements": [
		{
			"from": [7, 0, 7],
			"to": [9, 3, 9],
			"rotation": {"angle": 0, "axis": "y", "origin": [16, 8, 15]},
			"faces": {
				"north": {"uv": [7, 13, 9, 16], "texture": "#particle"},
				"east": {"uv": [7, 13, 9, 16], "texture": "#particle"},
				"south": {"uv": [7, 13, 9, 16], "texture": "#particle"},
				"west": {"uv": [7, 13, 9, 16], "texture": "#particle"},
				"up": {"uv": [7, 13, 9, 16], "texture": "#particle"},
				"down": {"uv": [7, 13, 9, 16], "texture": "#particle"}
			}
		},
		{
			"from": [4, 3, 4],
			"to": [12, 5, 12],
			"rotation": {"angle": 0, "axis": "y", "origin": [16, 11, 15]},
			"faces": {
				"north": {"uv": [4, 11, 12, 13], "texture": "#particle"},
				"east": {"uv": [4, 11, 12, 13], "texture": "#particle"},
				"south": {"uv": [4, 11, 12, 13], "texture": "#particle"},
				"west": {"uv": [4, 11, 12, 13], "texture": "#particle"},
				"up": {"uv": [7, 11, 9, 13], "texture": "#particle"},
				"down": {"uv": [8, 11, 10, 13], "texture": "#particle"}
			}
		},
		{
			"from": [5, 5, 5],
			"to": [11, 6, 11],
			"rotation": {"angle": 0, "axis": "y", "origin": [16, 13, 15]},
			"faces": {
				"north": {"uv": [5, 10, 11, 11], "texture": "#particle"},
				"east": {"uv": [5, 10, 11, 11], "texture": "#particle"},
				"south": {"uv": [5, 10, 11, 11], "texture": "#particle"},
				"west": {"uv": [5, 10, 11, 11], "texture": "#particle"},
				"up": {"uv": [5, 10, 11, 11], "texture": "#particle"},
				"down": {"uv": [5, 10, 11, 11], "texture": "#particle"}
			}
		},
		{
			"from": [6, 6, 6],
			"to": [10, 7, 10],
			"rotation": {"angle": 0, "axis": "y", "origin": [16, 14, 15]},
			"faces": {
				"north": {"uv": [6, 9, 10, 10], "texture": "#particle"},
				"east": {"uv": [6, 9, 10, 10], "texture": "#particle"},
				"south": {"uv": [6, 9, 10, 10], "texture": "#particle"},
				"west": {"uv": [6, 9, 10, 10], "texture": "#particle"},
				"up": {"uv": [7, 11, 9, 13], "texture": "#particle"},
				"down": {"uv": [6, 9, 10, 10], "texture": "#particle"}
			}
		}
	]
}