{
	"credit": "Made with Blockbench",
	"ambientocclusion": false,
	"textures": {
		"particle": "block/sugar_cane",
		"cross": "block/sugar_cane"
	},
	"elements": [
		{
			"from": [0, 0, 3],
			"to": [2, 16, 5],
			"rotation": {"angle": 45, "axis": "y", "origin": [1, 8, 1]},
			"faces": {
				"north": {"uv": [1, 0, 3, 16], "texture": "#cross"},
				"east": {"uv": [1, 0, 3, 16], "texture": "#cross"},
				"south": {"uv": [1, 0, 3, 16], "texture": "#cross"},
				"west": {"uv": [1, 0, 3, 16], "texture": "#cross"},
				"up": {"uv": [1, 0, 3, 2], "texture": "#cross"},
				"down": {"uv": [1, 14, 3, 16], "texture": "#cross"}
			}
		},
		{
			"from": [0, 0, 7],
			"to": [2, 16, 9],
			"rotation": {"angle": 45, "axis": "y", "origin": [8, 0.5, 8]},
			"faces": {
				"north": {"uv": [1, 0, 3, 16], "texture": "#cross"},
				"east": {"uv": [1, 0, 3, 16], "texture": "#cross"},
				"south": {"uv": [1, 0, 3, 16], "texture": "#cross"},
				"west": {"uv": [1, 0, 3, 16], "texture": "#cross"},
				"up": {"uv": [1, 0, 3, 2], "rotation": 270, "texture": "#cross"},
				"down": {"uv": [1, 14, 3, 16], "rotation": 90, "texture": "#cross"}
			}
		},
		{
			"from": [0, 0, 7],
			"to": [2, 16, 9],
			"rotation": {"angle": 45, "axis": "y", "origin": [1, 8, 1]},
			"faces": {
				"north": {"uv": [5, 0, 7, 16], "texture": "#cross"},
				"east": {"uv": [5, 0, 7, 16], "texture": "#cross"},
				"south": {"uv": [5, 0, 7, 16], "texture": "#cross"},
				"west": {"uv": [5, 0, 7, 16], "texture": "#cross"},
				"up": {"uv": [5, 0, 7, 2], "texture": "#cross"},
				"down": {"uv": [5, 14, 7, 16], "texture": "#cross"}
			}
		},
		{
			"from": [4, 0, 7],
			"to": [6, 16, 9],
			"rotation": {"angle": 45, "axis": "y", "origin": [8, 0.5, 8]},
			"faces": {
				"north": {"uv": [5, 0, 7, 16], "texture": "#cross"},
				"east": {"uv": [5, 0, 7, 16], "texture": "#cross"},
				"south": {"uv": [5, 0, 7, 16], "texture": "#cross"},
				"west": {"uv": [5, 0, 7, 16], "texture": "#cross"},
				"up": {"uv": [5, 0, 7, 2], "rotation": 270, "texture": "#cross"},
				"down": {"uv": [5, 14, 7, 16], "rotation": 90, "texture": "#cross"}
			}
		},
		{
			"from": [0, 0, 13],
			"to": [2, 16, 15],
			"rotation": {"angle": 45, "axis": "y", "origin": [1, 8, 1]},
			"faces": {
				"north": {"uv": [9, 0, 11, 16], "texture": "#cross"},
				"east": {"uv": [9, 0, 11, 16], "texture": "#cross"},
				"south": {"uv": [9, 0, 11, 16], "texture": "#cross"},
				"west": {"uv": [9, 0, 11, 16], "texture": "#cross"},
				"up": {"uv": [9, 0, 11, 2], "texture": "#cross"},
				"down": {"uv": [9, 14, 11, 16], "texture": "#cross"}
			}
		},
		{
			"from": [10, 0, 7],
			"to": [12, 16, 9],
			"rotation": {"angle": 45, "axis": "y", "origin": [8, 0.5, 8]},
			"faces": {
				"north": {"uv": [9, 0, 11, 16], "texture": "#cross"},
				"east": {"uv": [9, 0, 11, 16], "texture": "#cross"},
				"south": {"uv": [9, 0, 11, 16], "texture": "#cross"},
				"west": {"uv": [9, 0, 11, 16], "texture": "#cross"},
				"up": {"uv": [9, 0, 11, 2], "rotation": 270, "texture": "#cross"},
				"down": {"uv": [9, 14, 11, 16], "rotation": 90, "texture": "#cross"}
			}
		},
		{
			"from": [0, 0, 17],
			"to": [2, 16, 19],
			"rotation": {"angle": 45, "axis": "y", "origin": [1, 8, 1]},
			"faces": {
				"north": {"uv": [13, 0, 15, 16], "texture": "#cross"},
				"east": {"uv": [13, 0, 15, 16], "texture": "#cross"},
				"south": {"uv": [13, 0, 15, 16], "texture": "#cross"},
				"west": {"uv": [13, 0, 15, 16], "texture": "#cross"},
				"up": {"uv": [13, 0, 15, 2], "texture": "#cross"},
				"down": {"uv": [13, 14, 15, 16], "texture": "#cross"}
			}
		},
		{
			"from": [14, 0, 7],
			"to": [16, 16, 9],
			"rotation": {"angle": 45, "axis": "y", "origin": [8, 0.5, 8]},
			"faces": {
				"north": {"uv": [13, 0, 15, 16], "texture": "#cross"},
				"east": {"uv": [13, 0, 15, 16], "texture": "#cross"},
				"south": {"uv": [13, 0, 15, 16], "texture": "#cross"},
				"west": {"uv": [13, 0, 15, 16], "texture": "#cross"},
				"up": {"uv": [13, 0, 15, 2], "rotation": 270, "texture": "#cross"},
				"down": {"uv": [13, 14, 15, 16], "rotation": 90, "texture": "#cross"}
			}
		},
		{
			"from": [-1, 0, 8],
			"to": [7, 16, 8],
			"rotation": {"angle": -45, "axis": "y", "origin": [8, 0.5, 8]},
			"faces": {
				"north": {"uv": [0, 0, 8, 16], "texture": "#cross"},
				"east": {"uv": [0, 0, 0, 16], "texture": "#cross"},
				"south": {"uv": [0, 0, 8, 16], "texture": "#cross"},
				"west": {"uv": [0, 0, 0, 16], "texture": "#cross"},
				"up": {"uv": [0, 0, 0, 8], "rotation": 270, "texture": "#cross"},
				"down": {"uv": [0, 0, 0, 8], "rotation": 90, "texture": "#cross"}
			}
		},
		{
			"from": [9, 0, 8],
			"to": [17, 16, 8],
			"rotation": {"angle": -45, "axis": "y", "origin": [8, 0.5, 8]},
			"faces": {
				"north": {"uv": [8, 0, 16, 16], "texture": "#cross"},
				"east": {"uv": [0, 0, 0, 16], "texture": "#cross"},
				"south": {"uv": [8, 0, 16, 16], "texture": "#cross"},
				"west": {"uv": [0, 0, 0, 16], "texture": "#cross"},
				"up": {"uv": [0, 0, 0, 8], "rotation": 270, "texture": "#cross"},
				"down": {"uv": [0, 0, 0, 8], "rotation": 90, "texture": "#cross"}
			}
		},
		{
			"from": [-1, 0, 8],
			"to": [7, 16, 8],
			"rotation": {"angle": 45, "axis": "y", "origin": [8, 0.5, 8]},
			"faces": {
				"north": {"uv": [0, 0, 8, 16], "texture": "#cross"},
				"east": {"uv": [0, 0, 0, 16], "texture": "#cross"},
				"south": {"uv": [0, 0, 8, 16], "texture": "#cross"},
				"west": {"uv": [0, 0, 0, 16], "texture": "#cross"},
				"up": {"uv": [0, 0, 0, 8], "rotation": 270, "texture": "#cross"},
				"down": {"uv": [0, 0, 0, 8], "rotation": 90, "texture": "#cross"}
			}
		},
		{
			"from": [9, 0, 8],
			"to": [17, 16, 8],
			"rotation": {"angle": 45, "axis": "y", "origin": [8, 0.5, 8]},
			"faces": {
				"north": {"uv": [8, 0, 16, 16], "texture": "#cross"},
				"east": {"uv": [0, 0, 0, 16], "texture": "#cross"},
				"south": {"uv": [8, 0, 16, 16], "texture": "#cross"},
				"west": {"uv": [0, 0, 0, 16], "texture": "#cross"},
				"up": {"uv": [0, 0, 0, 8], "rotation": 270, "texture": "#cross"},
				"down": {"uv": [0, 0, 0, 8], "rotation": 90, "texture": "#cross"}
			}
		}
	]
}