{
    "ambientocclusion": false,
	"textures": {
		"0": "block/acacia_door_bottom",
		"particle": "block/acacia_door_bottom"
	},
	"elements": [
		{
			"from": [0, 0, 0],
			"to": [2, 3, 16],
			"faces": {
				"north": {"uv": [0, 13, 2, 16], "texture": "#0"},
				"east": {"uv": [16, 13, 0, 16], "texture": "#0"},
				"south": {"uv": [0, 13, 2, 16], "texture": "#0"},
				"west": {"uv": [0, 13, 16, 16], "texture": "#0"},
				"up": {"uv": [0, 14, 16, 16], "rotation": 90, "texture": "#0"},
				"down": {"uv": [0, 13, 16, 16], "rotation": 270, "texture": "#0"}
			}
		},
		{
			"from": [0, 3, 0],
			"to": [2, 4, 16],
			"faces": {
				"east": {"uv": [16, 12, 0, 13], "texture": "#0"},
				"west": {"uv": [0, 12, 16, 13], "texture": "#0"},
				"up": {"uv": [0, 12, 16, 13], "rotation": 90, "texture": "#0"}
			}
		},
		{
			"from": [0.5, 13, 0],
			"to": [1.5, 15, 16],
			"faces": {
				"east": {"uv": [16, 1, 0, 3], "texture": "#0"},
				"west": {"uv": [0, 1, 16, 3], "texture": "#0"},
				"up": {"uv": [0, 14, 16, 15], "rotation": 90, "texture": "#0"},
				"down": {"uv": [0, 14, 16, 15], "rotation": 270, "texture": "#0"}
			}
		},
		{
			"from": [0, 3, 0],
			"to": [2, 16, 3],
			"faces": {
				"north": {"uv": [0, 0, 2, 13], "texture": "#0"},
				"east": {"uv": [3, 1, 0, 13], "texture": "#0"},
				"south": {"uv": [0, 0, 2, 13], "texture": "#0"},
				"west": {"uv": [0, 0, 3, 13], "texture": "#0"},
				"down": {"uv": [0, 0, 3, 3], "rotation": 270, "texture": "#missing"}
			}
		},
		{
			"from": [0, 3, 13],
			"to": [2, 16, 16],
			"faces": {
				"north": {"uv": [0, 0, 2, 13], "texture": "#0"},
				"east": {"uv": [16, 0, 13, 13], "texture": "#0"},
				"south": {"uv": [0, 0, 2, 13], "texture": "#0"},
				"west": {"uv": [13, 0, 16, 13], "texture": "#0"},
				"down": {"uv": [0, 0, 3, 3], "rotation": 270, "texture": "#missing"}
			}
		},
		{
			"from": [0, 3, 10],
			"to": [2, 16, 12],
			"faces": {
				"north": {"uv": [0, 0, 2, 13], "texture": "#0"},
				"east": {"uv": [6, 0, 4, 13], "texture": "#0"},
				"south": {"uv": [0, 0, 2, 13], "texture": "#0"},
				"west": {"uv": [10, 0, 12, 13], "texture": "#0"},
				"down": {"uv": [0, 0, 2, 3], "rotation": 270, "texture": "#missing"}
			}
		},
		{
			"from": [0, 3, 4],
			"to": [2, 16, 6],
			"faces": {
				"north": {"uv": [0, 0, 2, 13], "texture": "#0"},
				"east": {"uv": [12, 0, 10, 13], "texture": "#0"},
				"south": {"uv": [0, 0, 2, 13], "texture": "#0"},
				"west": {"uv": [4, 0, 6, 13], "texture": "#0"},
				"down": {"uv": [0, 0, 2, 3], "rotation": 270, "texture": "#missing"}
			}
		}
	],
	"groups": [
		{
			"name": "acacia_door_bottom",
			"origin": [8, 8, 8],
			"color": 0,
			"children": [
				{
					"name": "acacia_door_bottom",
					"origin": [8, 8, 8],
					"color": 0,
					"children": [0, 1, 2, 3, 4, 5, 6]
				}
			]
		}
	]
}