{
  "parent": "minecraft:block/cube",
	"textures": {
		"0": "block/bookshelf_top",
		"1": "block/crafting_table_back",
		"2": "block/crafting_table_front",
		"3": "block/crafting_table_left",
		"4": "block/crafting_table_right",
		"5": "block/crafting_table_top",
		"6": "block/crafting_table_extra",
		"particle": "block/bookshelf_top"
	},
	"elements": [
		{
			"from": [0, 0, 0],
			"to": [16, 16, 16],
			"faces": {
				"north": {"uv": [0, 0, 16, 16], "texture": "#2", "cullface": "north"},
				"east": {"uv": [0, 0, 16, 16], "texture": "#3", "cullface": "east"},
				"south": {"uv": [0, 0, 16, 16], "texture": "#1", "cullface": "south"},
				"west": {"uv": [0, 0, 16, 16], "texture": "#4", "cullface": "west"},
				"up": {"uv": [0, 0, 16, 16], "texture": "#5", "cullface": "up"},
				"down": {"uv": [0, 0, 16, 16], "texture": "#0", "cullface": "down"}
			}
		},
		{
			"from": [14.25, 16, 6],
			"to": [15.25, 17, 10],
			"rotation": {"angle": 22.5, "axis": "y", "origin": [8, 0, 8]},
			"faces": {
				"south": {"uv": [4, 6, 5, 7], "texture": "#6", "cullface": "up"},
				"east": {"uv": [4, 3, 5, 7], "rotation": 90, "texture": "#6", "cullface": "up"},
				"west": {"uv": [4, 3, 5, 7], "rotation": 270, "texture": "#6", "cullface": "up"},
				"up": {"uv": [4, 3, 5, 7], "texture": "#6", "cullface": "up"}
			}
		},
		{
			"from": [13.25, 16, 4],
			"to": [16.25, 18, 6],
			"rotation": {"angle": 22.5, "axis": "y", "origin": [8, 0, 8]},
			"faces": {
				"north": {"uv": [3, 1, 6, 3], "texture": "#6", "cullface": "up"},
				"east": {"uv": [4, 1, 6, 3], "rotation": 90, "texture": "#6", "cullface": "up"},
				"south": {"uv": [3, 1, 6, 3], "texture": "#6", "cullface": "up"},
				"west": {"uv": [3, 1, 5, 3], "rotation": 270, "texture": "#6", "cullface": "up"},
				"up": {"uv": [3, 1, 6, 3], "texture": "#6", "cullface": "up"}
			}
		},
		{
			"from": [2.75, 16.25, 13.5],
			"to": [9.75, 16.25, 14.5],
			"rotation": {"angle": -22.5, "axis": "y", "origin": [8, 0, 8]},
			"faces": {
				"up": {"uv": [1, 0, 2, 7], "rotation": 270, "texture": "#6", "cullface": "up"}
			}
		},
		{
			"from": [3.75, 16.25, 14.5],
			"to": [7.75, 16.25, 15.5],
			"rotation": {"angle": -22.5, "axis": "y", "origin": [8, 0, 8]},
			"faces": {
				"up": {"uv": [0, 1, 1, 5], "rotation": 270, "texture": "#6", "cullface": "up"}
			}
		}
	]
}