{
  "parent": "minecraft:block/cube",
	"textures": {
		"0": "block/bookshelf_top",
		"1": "block/crafting_table_back",
		"2": "block/crafting_table_front",
		"3": "block/crafting_table_left",
		"4": "block/crafting_table_right",
		"5": "block/crafting_table_top",
		"particle": "block/bookshelf_top"
	},
	"elements": [
		{
			"from": [0, 0, 0],
			"to": [16, 16, 16],
			"faces": {
				"north": {"uv": [0, 0, 16, 16], "texture": "#2"},
				"east": {"uv": [0, 0, 16, 16], "texture": "#3"},
				"south": {"uv": [0, 0, 16, 16], "texture": "#1"},
				"west": {"uv": [0, 0, 16, 16], "texture": "#4"},
				"up": {"uv": [0, 0, 16, 16], "texture": "#5"},
				"down": {"uv": [0, 0, 16, 16], "texture": "#0"}
			}
		}
	]
}