{
	"credit": "Made with Blockbench",
	"textures": {
		"bottom": "block/end_stone",
		"top": "block/end_portal_frame_top",
		"particle": "block/end_portal_frame_side",
		"side": "block/end_portal_frame_side",
		"eye": "block/end_portal_frame_eye"
	},
	"elements": [
		{
			"from": [0, 0, 0],
			"to": [16, 13, 16],
			"faces": {
				"north": {"uv": [0, 3, 16, 16], "texture": "#side", "cullface": "north"},
				"east": {"uv": [0, 3, 16, 16], "texture": "#side", "cullface": "east"},
				"south": {"uv": [0, 3, 16, 16], "texture": "#side", "cullface": "south"},
				"west": {"uv": [0, 3, 16, 16], "texture": "#side", "cullface": "west"},
				"up": {"uv": [0, 0, 16, 16], "texture": "#top"},
				"down": {"uv": [0, 0, 16, 16], "texture": "#bottom", "cullface": "down"}
			}
		},
		{
			"from": [4, 11.34697, 3.89551],
			"to": [12, 15.59697, 11.89551],
			"rotation": {"angle": 22.5, "axis": "x", "origin": [8, 13.47197, 7.89551]},
			"faces": {
				"north": {"uv": [4, 0, 12, 4], "texture": "#eye"},
				"east": {"uv": [4, 0, 12, 4], "texture": "#eye"},
				"south": {"uv": [4, 0, 12, 4], "texture": "#eye"},
				"west": {"uv": [4, 0, 12, 4], "texture": "#eye"},
				"up": {"uv": [4, 4, 12, 12], "texture": "#eye", "cullface": "up"}
			}
		}
	],
	"groups": [
		{
			"name": "end_portal_frame_filled",
			"origin": [8, 8, 8],
			"color": 0,
			"children": [0, 1]
		}
	]
}