{
	"credit": "Made with Blockbench",
	"ambientocclusion": false,
	"textures": {
		"particle": "block/iron_bars",
		"bars": "block/iron_bars"
	},
	"elements": [
		{
			"from": [7, 15, 0],
			"to": [9, 16, 7],
			"rotation": {"angle": 0, "axis": "y", "origin": [8, 16, 8.25]},
			"faces": {
				"east": {"uv": [7, 0, 8, 7], "rotation": 90, "texture": "#bars", "cullface": "up"},
				"west": {"uv": [7, 9, 8, 16], "rotation": 90, "texture": "#bars", "cullface": "up"},
				"up": {"uv": [7, 0, 9, 7], "texture": "#bars", "cullface": "up"},
				"down": {"uv": [7, 9, 9, 16], "texture": "#bars", "cullface": "up"}
			}
		},
		{
			"from": [8, 0, 0],
			"to": [8, 16, 7],
			"faces": {
				"east": {"uv": [9, 0, 16, 16], "texture": "#bars"},
				"west": {"uv": [0, 0, 7, 16], "texture": "#bars"}
			}
		}
	]
}