{
	"credit": "Made with Blockbench",
	"textures": {
		"particle": "block/item_frame_border",
		"wood": "block/item_frame_border",
		"back": "block/item_frame"
	},
	"elements": [
		{
			"from": [0, 0, 14.9],
			"to": [16, 16, 15.9],
			"faces": {
				"north": {"uv": [0, 0, 16, 16], "texture": "#back"},
				"south": {"uv": [0, 0, 16, 16], "texture": "#back"}
			}
		},
		{
			"from": [-1, -1, 14.9],
			"to": [17, 0, 15.9],
			"faces": {
				"north": {"uv": [0, 15, 16, 16], "texture": "#wood"},
				"east": {"uv": [0, 15, 1, 16], "texture": "#wood"},
				"south": {"uv": [0, 15, 16, 16], "rotation": 180, "texture": "#wood"},
				"west": {"uv": [15, 15, 16, 16], "texture": "#wood"},
				"down": {"uv": [0, 15, 16, 16], "rotation": 180, "texture": "#wood"}
			}
		},
		{
			"from": [-1, 16, 14.9],
			"to": [17, 17, 15.9],
			"faces": {
				"north": {"uv": [0, 0, 16, 1], "texture": "#wood"},
				"east": {"uv": [0, 0, 1, 1], "texture": "#wood"},
				"south": {"uv": [0, 0, 16, 1], "rotation": 180, "texture": "#wood"},
				"west": {"uv": [15, 0, 16, 1], "texture": "#wood"},
				"up": {"uv": [0, 0, 16, 1], "rotation": 180, "texture": "#wood"}
			}
		},
		{
			"from": [-1, 0, 14.9],
			"to": [0, 16, 15.9],
			"faces": {
				"north": {"uv": [15, 1, 16, 15], "texture": "#wood"},
				"south": {"uv": [15, 1, 16, 15], "texture": "#wood"},
				"west": {"uv": [15, 1, 16, 15], "texture": "#wood"}
			}
		},
		{
			"from": [16, 0, 14.9],
			"to": [17, 16, 15.9],
			"faces": {
				"north": {"uv": [0, 1, 1, 15], "texture": "#wood"},
				"east": {"uv": [0, 1, 1, 15], "texture": "#wood"},
				"south": {"uv": [0, 1, 1, 15], "texture": "#wood"}
			}
		}
	],
	"groups": [
		{
			"name": "item_frame_map",
			"origin": [8, 8, 8],
			"color": 0,
			"children": [0, 1, 2, 3, 4]
		}
	]
}