{
	"credit": "Made with Blockbench",
	"textures": {
		"particle": "block/item_frame_border",
		"wood": "block/item_frame_border",
		"back": "block/item_frame"
	},
	"elements": [
		{
			"from": [4, 4, 15.9],
			"to": [12, 12, 15.9],
			"faces": {
				"north": {"uv": [4, 4, 12, 12], "texture": "#back"},
				"south": {"uv": [4, 4, 12, 12], "texture": "#back"}
			}
		},
		{
			"from": [3, 12, 15.4],
			"to": [13, 13, 15.9],
			"faces": {
				"north": {"uv": [3, 3, 13, 4], "texture": "#wood"},
				"east": {"uv": [3, 3, 4, 4], "texture": "#wood"},
				"south": {"uv": [3, 3, 13, 4], "texture": "#wood"},
				"west": {"uv": [12, 3, 13, 4], "texture": "#wood"},
				"up": {"uv": [3, 3, 13, 4], "rotation": 180, "texture": "#wood"},
				"down": {"uv": [3, 3, 13, 4], "texture": "#wood"}
			}
		},
		{
			"from": [3, 3, 15.4],
			"to": [13, 4, 15.9],
			"faces": {
				"north": {"uv": [3, 12, 13, 13], "texture": "#wood"},
				"east": {"uv": [3, 12, 4, 13], "texture": "#wood"},
				"south": {"uv": [3, 12, 13, 13], "texture": "#wood"},
				"west": {"uv": [12, 12, 13, 13], "texture": "#wood"},
				"up": {"uv": [3, 12, 13, 13], "rotation": 180, "texture": "#wood"},
				"down": {"uv": [3, 12, 13, 13], "texture": "#wood"}
			}
		},
		{
			"from": [12, 4, 15.4],
			"to": [13, 12, 15.9],
			"faces": {
				"north": {"uv": [3, 4, 4, 12], "texture": "#wood"},
				"east": {"uv": [3, 4, 4, 12], "texture": "#wood"},
				"south": {"uv": [3, 4, 4, 12], "texture": "#wood"},
				"west": {"uv": [3, 4, 4, 12], "texture": "#wood"}
			}
		},
		{
			"from": [3, 4, 15.4],
			"to": [4, 12, 15.9],
			"faces": {
				"north": {"uv": [12, 4, 13, 12], "texture": "#wood"},
				"east": {"uv": [12, 4, 13, 12], "texture": "#wood"},
				"south": {"uv": [12, 4, 13, 12], "texture": "#wood"},
				"west": {"uv": [12, 4, 13, 12], "texture": "#wood"}
			}
		}
	],
	"groups": [
		{
			"name": "item_frame",
			"origin": [8, 8, 8],
			"color": 0,
			"children": [0, 1, 2, 3, 4]
		}
	]
}