{
	"credit": "Made with Blockbench",
	"parent": "minecraft:block/cube",
	"textures": {
		"0": "block/jukebox_side",
		"1": "block/jukebox_top_disc",
		"2": "block/note_block",
		"3": "block/jukebox_top_2",
		"particle": "block/jukebox_side"
	},
	"elements": [
		{
			"from": [0, 0, 0],
			"to": [16, 16, 16],
			"faces": {
				"north": {"uv": [0, 0, 16, 16], "texture": "#0"},
				"east": {"uv": [0, 0, 16, 16], "texture": "#0"},
				"south": {"uv": [0, 0, 16, 16], "texture": "#0"},
				"west": {"uv": [0, 0, 16, 16], "texture": "#0"},
				"up": {"uv": [0, 0, 16, 16], "texture": "#1"},
				"down": {"uv": [0, 0, 16, 16], "texture": "#2"}
			}
		},
		{
			"from": [12, 16, 3],
			"to": [13, 16.5, 6],
			"rotation": {"angle": 0, "axis": "y", "origin": [12.5, 16, 3.5]},
			"faces": {
				"north": {"uv": [13, 3, 14, 3.5], "texture": "#3"},
				"east": {"uv": [13, 3, 13.5, 6], "rotation": 90, "texture": "#3"},
				"west": {"uv": [13, 3, 13.5, 6], "rotation": 90, "texture": "#3"},
				"up": {"uv": [13, 3, 14, 6], "texture": "#3"}
			}
		},
		{
			"from": [12, 16, 6],
			"to": [13, 16.5, 9],
			"rotation": {"angle": -45, "axis": "y", "origin": [13, 16, 6]},
			"faces": {
				"east": {"uv": [13, 5, 13.5, 8], "rotation": 90, "texture": "#3"},
				"south": {"uv": [13, 7, 14, 7.5], "texture": "#3"},
				"west": {"uv": [13, 5, 13.5, 8], "rotation": 270, "texture": "#3"},
				"up": {"uv": [13, 5, 14, 8], "texture": "#3"},
				"down": {"uv": [0, 0, 1, 3], "texture": "#missing"}
			}
		}
	]
}