{
    "ambientocclusion": false,
	"textures": {
		"texture": "block/jungle_fence",
		"particle": "block/jungle_planks"
	},
	"elements": [
		{
			"name": "Center post",
			"from": [6, 0, 0],
			"to": [10, 16, 2],
			"faces": {
				"north": {"uv": [0, 0, 4, 16], "texture": "#texture", "cullface": "north"},
				"east": {"uv": [8, 0, 10, 16], "texture": "#texture"},
				"south": {"uv": [0, 0, 4, 16], "texture": "#texture"},
				"west": {"uv": [10, 0, 12, 16], "texture": "#texture"},
				"up": {"uv": [8, 0, 12, 2], "texture": "#texture"},
				"down": {"uv": [8, 14, 12, 16], "texture": "#texture"}
			}
		},
		{
			"name": "top bar",
			"from": [7, 11, 0],
			"to": [9, 15, 6],
			"faces": {
				"east": {"uv": [4, 2, 10, 6], "texture": "#texture"},
				"west": {"uv": [10, 2, 16, 6], "texture": "#texture"},
				"up": {"uv": [10, 3, 16, 5], "rotation": 90, "texture": "#texture"},
				"down": {"uv": [4, 3, 10, 5], "rotation": 90, "texture": "#texture"}
			}
		},
		{
			"name": "lower bar",
			"from": [7, 3, 0],
			"to": [9, 7, 6],
			"faces": {
				"east": {"uv": [4, 10, 10, 14], "texture": "#texture"},
				"west": {"uv": [10, 10, 16, 14], "texture": "#texture"},
				"up": {"uv": [10, 11, 16, 13], "rotation": 90, "texture": "#texture"},
				"down": {"uv": [4, 11, 10, 13], "rotation": 90, "texture": "#texture"}
			}
		}
	],
	"groups": [
		{
			"name": "jungle_fence_side",
			"origin": [8, 8, 8],
			"color": 0,
			"children": [0, 1, 2]
		}
	]
}