{
    "ambientocclusion": false,
    "textures": {
        "particle": "block/lily_pad",
        "texture": "block/lily_pad"
    },
    "elements": [
        {   "from": [ 0, 0.25, 0 ],
            "to": [ 16, 0.25, 16 ],
			"rotation": {"angle": 22.5, "axis": "y", "origin": [8, 8, 8]},
            "faces": {
                "down":  { "uv": [ 16, 16, 0,  0 ], "texture": "#texture", "tintindex": 0 },
                "up":    { "uv": [ 16,  0, 0, 16 ], "texture": "#texture", "tintindex": 0 }
            }
        }
    ]
}
