{
  "schemaVersion": 2,
  "type": "square-textured",
  "blend": false,
  "textures": {
    "top": "fabricskyboxes:sky/starfield01_top.png",
    "bottom": "fabricskyboxes:sky/starfield01_bottom.png",
    "north": "fabricskyboxes:sky/starfield01_north.png",
    "south": "fabricskyboxes:sky/starfield01_south.png",
    "east": "fabricskyboxes:sky/starfield01_east.png",
    "west": "fabricskyboxes:sky/starfield01_west.png"
  },
  "properties": {
    "fade": {
      "startFadeIn": 11500,
      "endFadeIn": 14000,
      "startFadeOut": -2334,
      "endFadeOut": 166
    },
    "shouldRotate": false,
    "rotation": {
      "axis": [
        0.0,
        0.0,
        180.0
      ]
    }
  },
  "conditions": {
    "worlds": [
      "minecraft:overworld"
    ]
  }
}