{
  "schemaVersion": 2,
  "type": "square-textured",
  "blend": false,
  "textures": {
    "top": "fabricskyboxes:sky/cloud2_top.png",
    "bottom": "fabricskyboxes:sky/cloud2_bottom.png",
    "north": "fabricskyboxes:sky/cloud2_north.png",
    "south": "fabricskyboxes:sky/cloud2_south.png",
    "east": "fabricskyboxes:sky/cloud2_east.png",
    "west": "fabricskyboxes:sky/cloud2_west.png"
  },
  "properties": {
    "fade": {
      "startFadeIn": 22750,
      "endFadeIn": 23166,
      "startFadeOut": 23333,
      "endFadeOut": 83
    },
    "shouldRotate": false,
    "rotation": {
      "axis": [
        0.0,
        -36.0,
        0.0
      ]
    }
  },
  "conditions": {
    "worlds": [
      "minecraft:overworld"
    ]
  }
}