{
  "type": "minecraft:block",
  "pools": [
    {
      "rolls": 1,
      "entries": [
        {
          "type": "minecraft:alternatives",
          "children": [
            {
              "type": "minecraft:item",
              "conditions": [
                {
                  "condition": "minecraft:alternative",
                  "terms": [
                    {
                      "condition": "minecraft:match_tool",
                      "predicate": {
                        "enchantments": [
                          {
                            "enchantment": "minecraft:silk_touch",
                            "levels": {
                              "min": 1
                            }
                          }
                        ]
                      }
                    },
                    {
                      "condition": "minecraft:reference",
                      "name": "enderian:silky_hands"
                    }
                  ]
                }
              ],
              "functions": [
                {
                  "function": "minecraft:copy_nbt",
                  "source": "block_entity",
                  "ops": [
                    {
                      "source": "Bees",
                      "target": "BlockEntityTag.Bees",
                      "op": "replace"
                    }
                  ]
                },
                {
                  "function": "minecraft:copy_state",
                  "block": "minecraft:beehive",
                  "properties": [
                    "honey_level"
                  ]
                }
              ],
              "name": "minecraft:beehive"
            },
            {
              "type": "minecraft:item",
              "name": "minecraft:beehive"
            }
          ]
        }
      ]
    }
  ]
}