{
    "type": "minecraft:block",
    "pools": [
        {
            "rolls": 1,
            "entries": [
                {
                    "type": "minecraft:item",
                    "name": "minecraft:budding_amethyst"
                }
            ],
            "conditions": [
                {
                    "condition": "minecraft:alternative",
                    "terms": [
                        {
                            "condition": "minecraft:reference",
                            "name": "enderian:silky_hands"
                        }
                    ]
                }
            ]
        }
    ]
}