{
    "type": "minecraft:block",
    "pools": [
        {
            "rolls": 1,
            "entries": [
                {
                    "type": "minecraft:alternatives",
                    "children": [
                        {
                            "type": "minecraft:item",
                            "conditions": [
                                {
                                    "condition": "minecraft:reference",
                                    "name": "enderian:silky_hands"
                                }
                            ],
                            "name": "minecraft:chorus_plant"
                        },
                        {
                            "type": "minecraft:item",
                            "name": "minecraft:chorus_fruit",
                            "functions": [
                                {
                                    "function": "minecraft:set_count",
                                    "add": false,
                                    "count": {
                                        "type": "minecraft:uniform",
                                        "min": 0,
                                        "max": 1
                                    }
                                },
                                {
                                    "function": "minecraft:explosion_decay"
                                }
                            ]
                        }
                    ]
                }
            ]
        }
    ]
}