{
    "name": "Lepus",
    "description": "An evolutionary branch of common rabbits, the Lepus love to explore and scavenge lost ruins for loot.",
    "powers": [
        "lepus:leap",
        "lepus:bunny_hop",
        "lepus:luck_effect",
        "lepus:what_cost",
        "lepus:lucky_strike",
        "origins:fall_immunity",
        "lepus:energetic",
        "lepus:vegetarianplus",
        "lepus:forager",
        "lepus:goldenvision",
        "lepus:bundle",
        "lepus:hide",
        "lepus:better_plant"
    ],
    "icon": {
        "item": "minecraft:rabbit_hide"
    },
    "unchoosable": false,
    "order": 1,
    "impact": 1,
    "loading_priority": 0
}