{
    "type": "minecraft:block",
    "pools": [
        {
            "rolls": 1,
            "entries": [
                {
                    "type": "minecraft:item",
                    "name": "minecraft:cake",
                    "functions": [
                        {
                            "function": "minecraft:copy_state",
                            "block": "minecraft:cake",
                            "properties": [
                                "bites"
                            ]
                        },
                        {
                            "function": "minecraft:set_nbt",
                            "conditions": [
                                {
                                    "condition": "minecraft:block_state_property",
                                    "block": "minecraft:cake",
                                    "properties": {
                                        "bites": 3
                                    }
                                }
                            ],
                            "tag": "{CustomModelData:3,display:{Lore:['{\"text\":\"4 Slices\",\"color\":\"gray\",\"italic\":false}']}}"
                        },
                        {
                            "function": "minecraft:set_nbt",
                            "conditions": [
                                {
                                    "condition": "minecraft:block_state_property",
                                    "block": "minecraft:cake",
                                    "properties": {
                                        "bites": 1
                                    }
                                }
                            ],
                            "tag": "{CustomModelData:1,display:{Lore:['{\"text\":\"6 Slices\",\"color\":\"gray\",\"italic\":false}']}}"
                        },
                        {
                            "function": "minecraft:set_nbt",
                            "conditions": [
                                {
                                    "condition": "minecraft:block_state_property",
                                    "block": "minecraft:cake",
                                    "properties": {
                                        "bites": 2
                                    }
                                }
                            ],
                            "tag": "{CustomModelData:2,display:{Lore:['{\"text\":\"5 Slices\",\"color\":\"gray\",\"italic\":false}']}}"
                        },
                        {
                            "function": "minecraft:set_nbt",
                            "conditions": [
                                {
                                    "condition": "minecraft:block_state_property",
                                    "block": "minecraft:cake",
                                    "properties": {
                                        "bites": 4
                                    }
                                }
                            ],
                            "tag": "{CustomModelData:4,display:{Lore:['{\"text\":\"3 Slices\",\"color\":\"gray\",\"italic\":false}']}}"
                        },
                        {
                            "function": "minecraft:set_nbt",
                            "conditions": [
                                {
                                    "condition": "minecraft:block_state_property",
                                    "block": "minecraft:cake",
                                    "properties": {
                                        "bites": 5
                                    }
                                }
                            ],
                            "tag": "{CustomModelData:5,display:{Lore:['{\"text\":\"2 Slices\",\"color\":\"gray\",\"italic\":false}']}}"
                        },
                        {
                            "function": "minecraft:set_nbt",
                            "conditions": [
                                {
                                    "condition": "minecraft:block_state_property",
                                    "block": "minecraft:cake",
                                    "properties": {
                                        "bites": 6
                                    }
                                }
                            ],
                            "tag": "{CustomModelData:6,display:{Lore:['{\"text\":\"1 Slice\",\"color\":\"gray\",\"italic\":false}']}}"
                        }
                    ]
                }
            ],
            "conditions": [
                {
                    "condition": "minecraft:alternative",
                    "terms": [
                        {
                            "condition": "minecraft:reference",
                            "name": "enderian:silky_hands"
                        }
                    ]
                }
            ]
        }
    ]
}