{
    "type": "minecraft:block",
    "pools": [
        {
            "rolls": 1,
            "bonus_rolls": 0,
            "entries": [
                {
                    "type": "minecraft:item",
                    "name": "minecraft:candle"
                }
            ]
        },
        {
            "rolls": 1,
            "bonus_rolls": 0,
            "entries": [
                {
                    "type": "minecraft:item",
                    "name": "minecraft:cake",
                    "conditions": [
                        {
                            "condition": "minecraft:reference",
                            "name": "enderian:silky_hands"
                        }
                    ]
                }
            ]
        }
    ]
}