{
  "type": "minecraft:block",
  "pools": [
    {
      "rolls": 1,
      "entries": [
        {
          "type": "minecraft:item",
          "name": "minecraft:pink_stained_glass_pane"
        }
      ],
      "conditions": [
        {
          "condition": "minecraft:alternative",
          "terms": [
            {
              "condition": "minecraft:match_tool",
              "predicate": {
                "enchantments": [
                  {
                    "enchantment": "minecraft:silk_touch",
                    "levels": {
                      "min": 1
                    }
                  }
                ]
              }
            },
            {
              "condition": "minecraft:reference",
              "name": "enderian:silky_hands"
            }
          ]
        }
      ]
    }
  ]
}