{
    "pools": [
        {
            "conditions": [
                {
                    "condition": "minecraft:alternative",
                    "terms": [
                        {
                            "condition": "minecraft:reference",
                            "name": "enderian:silky_hands"
                        }
                    ]
                }
            ],
            "rolls": 1,
            "entries": [
                {
                    "functions": [
                        {
                            "function": "minecraft:copy_nbt",
                            "source": "block_entity",
                            "ops": [
                                {
                                    "source": "SpawnData.entity.id",
                                    "target": "BlockEntityTag.SpawnData.entity.id",
                                    "op": "replace"
                                },
                                {
                                    "source": "SpawnPotentials",
                                    "target": "BlockEntityTag.SpawnPotentials",
                                    "op": "replace"
                                }
                            ]
                        },
                        {
                            "function": "apoli:add_power",
                            "slot": "mainhand",
                            "power": "enderian:util/spawner_storage",
                            "hidden": true
                        },
                        {
                            "function": "apoli:add_power",
                            "slot": "offhand",
                            "power": "enderian:util/spawner_storage",
                            "hidden": true
                        },
                        {
                            "function": "minecraft:set_name",
                            "name": "§4§lERROR",
                            "entity": "this"
                        },
                        {
                            "function": "minecraft:set_lore",
                            "lore": [
                                "§7If you are seeing this in-game (without the use of commands), please message §5@Nobody#0836§7 on discord!"
                            ],
                            "entity": "this"
                        }
                    ],
                    "type": "item",
                    "name": "minecraft:spawner"
                }
            ]
        }
    ]
}