{
  "type": "minecraft:block",
  "pools": [
    {
      "rolls": 1.0,
      "bonus_rolls": 0.0,
      "entries": [
        {
          "type": "minecraft:item",
          "name": "minecraft:yellow_candle"
        }
      ]
    },
    {
        "rolls": 1,
        "bonus_rolls": 0,
        "entries": [
            {
                "type": "minecraft:item",
                "name": "minecraft:cake",
                "conditions": [
                    {
                        "condition": "minecraft:reference",
                        "name": "enderian:silky_hands"
                    }
                ]
            }
        ]
    }
  ]
}