{
  "display": {
    "icon": {
      "item": "minecraft:barrier"
    },
    "title": "ERROR     ",
    "description": "If you are seeing this in-game, please message §5@Nobody#0836§r on discord\n\n§7(Unless you are using the §bClickable Advancements§7 mod, in which case please either uninstall the mod or ignore this message)",
    "frame": "task",
    "show_toast": false,
    "announce_to_chat": false,
    "hidden": true
  },
  "parent": "enderian:util_root",
  "criteria": {
    "look_at": {
      "trigger": "minecraft:tick",
      "conditions": {
        "player": [
          {
            "condition": "minecraft:reference",
            "name": "enderian:looking_at"
          }
        ]
      }
    }
  },
  "rewards": {
    "function": "enderian:ender_allies/main"
  }
}
