{
    "display": {
        "icon": {
            "item": "minecraft:barrier"
        },
        "title": "ERROR     ",
        "description": "If you are seeing this in-game, please message §5@Nobody#0836§r on discord\n\n§7(Unless you are using the §bClickable Advancements§7 mod, in which case please either uninstall the mod or ignore this message)",
        "frame": "task",
        "show_toast": false,
        "announce_to_chat": false,
        "hidden": true
    },
    "criteria": {
        "set_id": {
            "trigger": "minecraft:tick",
            "conditions": {
                "player": [
                    {
                        "condition": "minecraft:inverted",
                        "term": {
                            "condition": "minecraft:entity_scores",
                            "entity": "this",
                            "scores": {
                                "playerid": {
                                    "min": 1
                                }
                            }
                        }
                    }
                ]
            }
        }
    },
    "rewards": {
        "function": "enderian:silky_hands/set_id"
    },
    "parent": "enderian:util_root",
    "requirements": [
        [
            "set_id"
        ]
    ]
}