{
  "variants": {
    "": [
      {
        "model": "minecraft:block/lily_pad", "weight":1
      },
      {
        "model": "minecraft:block/lily_pad",
        "y": 90, "weight":1
      },
      {
        "model": "minecraft:block/lily_pad",
        "y": 180, "weight":1
      },
      {
        "model": "minecraft:block/lily_pad",
        "y": 270, "weight":1
      },
	  
	  { "model": "block/lily_pad1", "weight":1 },
	  { "model": "block/lily_pad1","y": 90, "weight":1 },
	  { "model": "block/lily_pad1","y": 180, "weight":1 },
	  { "model": "block/lily_pad1","y": 270, "weight":1 },
	  
	  { "model": "block/lily_pad2", "weight":1 },
	  { "model": "block/lily_pad2","y": 90, "weight":1 },
	  { "model": "block/lily_pad2","y": 180, "weight":1 },
	  { "model": "block/lily_pad2","y": 270, "weight":1 },
	  
	  { "model": "block/lily_pad3", "weight":1 },
	  { "model": "block/lily_pad3","y": 90, "weight":1 },
	  { "model": "block/lily_pad3","y": 180, "weight":1 },
	  { "model": "block/lily_pad3","y": 270, "weight":1 },
	  
	  { "model": "block/lily_pad4", "weight":1 },
	  { "model": "block/lily_pad4","y": 90, "weight":1 },
	  { "model": "block/lily_pad4","y": 180, "weight":1 },
	  { "model": "block/lily_pad4","y": 270, "weight":1 },
	  
	  { "model": "block/lily_pad5", "weight":1 },
	  { "model": "block/lily_pad5","y": 90, "weight":1 },
	  { "model": "block/lily_pad5","y": 180, "weight":1 },
	  { "model": "block/lily_pad5","y": 270, "weight":1 },
	  
	  { "model": "block/lily_pad_bugs", "weight":1 },
	  { "model": "block/lily_pad5","y": 90, "weight":1 },
	  { "model": "block/lily_pad5","y": 180, "weight":1 },
	  { "model": "block/lily_pad5","y": 270, "weight":1 }
    ]
  }
}