{
    "name": "Ender Allies",
    "description": "Endermen will not hurt you unless you attack them first.",
    "loading_priority": 9,
    "type": "origins:multiple",
    "leave": {
        "hidden": true,
        "type": "origins:target_action_on_hit",
        "target_condition": {
            "type": "origins:entity_type",
            "entity_type": "minecraft:enderman"
        },
        "entity_action": {
            "type": "origins:and",
            "actions": [
                {
                    "type": "origins:execute_command",
                    "command": "/team join angry @s[team=Enderian]"
                },
                {
                    "type": "origins:grant_power",
                    "power": "enderian:util/angry",
                    "source": "enderian:util"
                }
            ]
        },
        "cooldown": 0,
        "hud_render": {
            "should_render": false,
            "sprite_location": "origins:textures/gui/resource_bar.png",
            "bar_index": 0
        }
    },
    "callback": {
        "hidden": true,
        "type": "origins:action_on_callback",
        "execute_chosen_when_orb": false,
        "entity_action_removed": {
            "type": "origins:execute_command",
            "command": "/team leave @s[team=Enderian]"
        }
    },
    "join": {
        "condition": {
            "type": "origins:command",
            "command": "/execute if entity @e[predicate=enderian:joinable]",
            "comparison": ">",
            "compare_to": 0
        },
        "type": "origins:action_over_time",
        "interval": 10,
        "entity_action": {
            "type": "origins:execute_command",
            "command": "team join Enderian @e[predicate=enderian:joinable]"
        }
    }
}