{
    "name": "power.origins.pumpkin_hate.name",
    "description": "power.origins.pumpkin_hate.description",
    "type": "origins:multiple",
    "prevent_eating": {
        "type": "origins:prevent_item_use",
        "item_condition": {
            "type": "origins:ingredient",
            "ingredient": {
                "item": "minecraft:pumpkin_pie"
            }
        }
    },
    "prevent_seeing": {
        "condition": {
            "inverted": true,
            "type": "origins:gamemode",
            "gamemode": "spectator"
        },
        "type": "origins:prevent_entity_render",
        "entity_condition": {
            "type": "origins:equipped_item",
            "equipment_slot": "head",
            "item_condition": {
                "type": "origins:or",
                "conditions": [
                    {
                        "type": "origins:ingredient",
                        "ingredient": {
                            "item": "minecraft:carved_pumpkin"
                        }
                    },
                    {
                        "type": "origins:ingredient",
                        "ingredient": {
                            "item": "minecraft:jack_o_lantern"
                        }
                    }
                ]
            }
        }
    },
    "weakness": {
        "condition": {
            "type": "origins:and",
            "conditions": [
                {
                    "type": "origins:resource",
                    "resource": "*:*_check",
                    "comparison": "==",
                    "compare_to": 1
                },
                {
                    "inverted": true,
                    "type": "origins:gamemode",
                    "gamemode": "spectator"
                }
            ]
        },
        "type": "origins:stacking_status_effect",
        "min_stacks": 0,
        "max_stacks": 9,
        "duration_per_stack": 12,
        "tick_rate": 10,
        "effects": [
            {
                "effect": "minecraft:slowness",
                "duration": 100,
                "amplifier": 2,
                "is_ambient": true,
                "show_particles": true,
                "show_icon": true
            },
            {
                "effect": "minecraft:weakness",
                "duration": 100,
                "amplifier": 0,
                "is_ambient": true,
                "show_particles": true,
                "show_icon": true
            }
        ]
    },
    "overlay": {
        "condition": {
            "type": "origins:and",
            "conditions": [
                {
                    "type": "origins:resource",
                    "resource": "*:*_check",
                    "comparison": "==",
                    "compare_to": 1
                },
                {
                    "inverted": true,
                    "type": "origins:gamemode",
                    "gamemode": "spectator"
                }
            ]
        },
        "type": "origins:overlay",
        "texture": "minecraft:textures/misc/nausea.png",
        "strength": 0.5,
        "red": 0.89,
        "green": 0.54,
        "blue": 0.11,
        "draw_mode": "nausea",
        "draw_phase": "above_hud",
        "hide_with_hud": true,
        "visible_in_third_person": true
    },
    "temp_overlay": {
        "condition": {
            "type": "origins:and",
            "conditions": [
                {
                    "type": "origins:or",
                    "conditions": [
                        {
                            "type": "origins:and",
                            "conditions": [
                                {
                                    "type": "origins:resource",
                                    "resource": "*:*_temp_time",
                                    "comparison": ">",
                                    "compare_to": 10
                                },
                                {
                                    "type": "origins:resource",
                                    "resource": "*:*_temp_time",
                                    "comparison": "<=",
                                    "compare_to": 15
                                }
                            ]
                        },
                        {
                            "type": "origins:and",
                            "conditions": [
                                {
                                    "type": "origins:resource",
                                    "resource": "*:*_temp_time",
                                    "comparison": ">",
                                    "compare_to": 0
                                },
                                {
                                    "type": "origins:resource",
                                    "resource": "*:*_temp_time",
                                    "comparison": "<=",
                                    "compare_to": 5
                                }
                            ]
                        },
                        {
                            "type": "origins:and",
                            "conditions": [
                                {
                                    "type": "origins:resource",
                                    "resource": "*:*_temp_time",
                                    "comparison": ">",
                                    "compare_to": 20
                                },
                                {
                                    "type": "origins:resource",
                                    "resource": "*:*_temp_time",
                                    "comparison": "<=",
                                    "compare_to": 25
                                }
                            ]
                        }
                    ]
                },
                {
                    "inverted": true,
                    "type": "origins:gamemode",
                    "gamemode": "spectator"
                }
            ]
        },
        "type": "origins:overlay",
        "texture": "minecraft:textures/misc/nausea.png",
        "strength": 0.4,
        "red": 0.89,
        "green": 0.54,
        "blue": 0.11,
        "draw_mode": "nausea",
        "draw_phase": "above_hud",
        "hide_with_hud": true,
        "visible_in_third_person": true
    },
    "temp_time": {
        "type": "origins:cooldown",
        "cooldown": 25,
        "hud_render": {
            "should_render": false
        }
    },
    "callback": {
        "type": "origins:action_on_callback",
        "entity_action_chosen": {
            "type": "origins:set_resource",
            "resource": "*:*_temp_time",
            "value": 25
        },
        "execute_chosen_when_orb": true,
        "entity_action_respawned": {
            "type": "origins:set_resource",
            "resource": "*:*_temp_time",
            "value": 25
        }
    },
    "check": {
        "type": "origins:resource",
        "min": 0,
        "max": 1,
        "start_value": 0,
        "hud_render": {
            "should_render": false
        }
    },
    "check_state": {
        "type": "origins:resource",
        "min": 1,
        "max": 6,
        "start_value": 1,
        "hud_render": {
            "should_render": false
        }
    },
    "check_tick": {
        "type": "origins:action_over_time",
        "interval": 5,
        "entity_action": {
            "type": "origins:and",
            "actions": [
                {
                    "type": "origins:if_else",
                    "condition": {
                        "type": "origins:block_in_radius",
                        "block_condition": {
                            "type": "origins:in_tag",
                            "tag": "enderian:pumpkins"
                        },
                        "radius": 15,
                        "shape": "star",
                        "comparison": ">=",
                        "compare_to": 1
                    },
                    "if_action": {
                        "type": "origins:change_resource",
                        "resource": "*:*_check",
                        "change": 1,
                        "operation": "set"
                    },
                    "else_action": {
                        "type": "origins:if_else",
                        "condition": {
                            "type": "origins:or",
                            "conditions": [
                                {
                                    "type": "origins:resource",
                                    "resource": "*:*_check_state",
                                    "comparison": "==",
                                    "compare_to": 2
                                },
                                {
                                    "type": "origins:resource",
                                    "resource": "*:*_check_state",
                                    "comparison": "==",
                                    "compare_to": 4
                                },
                                {
                                    "type": "origins:resource",
                                    "resource": "*:*_check_state",
                                    "comparison": "==",
                                    "compare_to": 6
                                }
                            ]
                        },
                        "if_action": {
                            "type": "origins:if_else",
                            "condition": {
                                "type": "origins:block_in_radius",
                                "block_condition": {
                                    "type": "origins:in_tag",
                                    "tag": "enderian:pumpkins"
                                },
                                "radius": 30,
                                "shape": "star",
                                "comparison": ">=",
                                "compare_to": 2
                            },
                            "if_action": {
                                "type": "origins:change_resource",
                                "resource": "*:*_check",
                                "change": 1,
                                "operation": "set"
                            },
                            "else_action": {
                                "type": "origins:if_else",
                                "condition": {
                                    "type": "origins:or",
                                    "conditions": [
                                        {
                                            "type": "origins:resource",
                                            "resource": "*:*_check_state",
                                            "comparison": "==",
                                            "compare_to": 3
                                        },
                                        {
                                            "type": "origins:resource",
                                            "resource": "*:*_check_state",
                                            "comparison": "==",
                                            "compare_to": 6
                                        }
                                    ]
                                },
                                "if_action": {
                                    "type": "origins:if_else",
                                    "condition": {
                                        "type": "origins:block_in_radius",
                                        "block_condition": {
                                            "type": "origins:in_tag",
                                            "tag": "enderian:pumpkins"
                                        },
                                        "radius": 45,
                                        "shape": "star",
                                        "comparison": ">=",
                                        "compare_to": 3
                                    },
                                    "if_action": {
                                        "type": "origins:change_resource",
                                        "resource": "*:*_check",
                                        "change": 1,
                                        "operation": "set"
                                    },
                                    "else_action": {
                                        "type": "origins:change_resource",
                                        "resource": "*:*_check",
                                        "change": 0,
                                        "operation": "set"
                                    }
                                }
                            }
                        }
                    }
                },
                {
                    "type": "origins:if_else",
                    "condition": {
                        "type": "origins:resource",
                        "resource": "*:*_check_state",
                        "comparison": "!=",
                        "compare_to": 6
                    },
                    "if_action": {
                        "type": "origins:change_resource",
                        "resource": "*:*_check_state",
                        "change": 1,
                        "operation": "add"
                    },
                    "else_action": {
                        "type": "origins:change_resource",
                        "resource": "*:*_check_state",
                        "change": 1,
                        "operation": "set"
                    }
                }
            ]
        }
    }
}