{
    "name": "Silky Hands",
    "description": "Just like an enderman, you can pick up and move blocks with your bare hands.",
    "loading_priority": 9,
    "type": "origins:multiple",
    "xp_kill": {
        "hidden": true,
        "condition": {
            "inverted": false,
            "type": "origins:predicate",
            "predicate": "enderian:silky_hands"
        },
        "type": "origins:action_on_block_break",
        "block_action": {
            "type": "origins:execute_command",
            "command": "/kill @e[distance=0,type=experience_orb]"
        },
        "only_when_harvested": false
    },
    "silverfish_kill": {
        "hidden": true,
        "condition": {
            "inverted": false,
            "type": "origins:predicate",
            "predicate": "enderian:silky_hands"
        },
        "type": "origins:action_on_block_break",
        "block_action": {
            "type": "origins:and",
            "actions": [
                {
                    "type": "origins:execute_command",
                    "command": "/execute align y run power grant @e[distance=0,type=silverfish,limit=1] enderian:util/invis_apply"
                },
                {
                    "type": "origins:execute_command",
                    "command": "/tp @e[nbt={cardinal_components:{\"apoli:powers\":{Powers:[{Type:\"enderian:util/invis_apply\"}]}}}] ~ -500 ~"
                }
            ]
        },
        "block_condition": {
            "inverted": false,
            "type": "origins:in_tag",
            "tag": "enderian:infested"
        },
        "only_when_harvested": false
    },
    "bee_kill": {
        "hidden": true,
        "condition": {
            "inverted": false,
            "type": "origins:predicate",
            "predicate": "enderian:silky_hands"
        },
        "type": "origins:action_on_block_break",
        "block_action": {
            "type": "origins:and",
            "actions": [
				{
                    "type": "origins:execute_command",
                    "command": "/execute positioned ~ ~-0.30000001192093 ~ run power grant @e[nbt={HivePos:{},AngerTime:0},distance=..0.0000001,type=bee,limit=3] enderian:util/invis_apply"
                },
                {
                    "type": "origins:execute_command",
                    "command": "/execute positioned ~ ~-0.30000001192093 ~0.89999999403953 run power grant @e[nbt={HivePos:{},AngerTime:0},distance=..0.0000001,type=bee,limit=3] enderian:util/invis_apply"
                },
                {
                    "type": "origins:execute_command",
                    "command": "/execute positioned ~-0.89999999403953 ~-0.30000001192093 ~ run power grant @e[nbt={HivePos:{},AngerTime:0},distance=..0.0000001,type=bee,limit=3] enderian:util/invis_apply"
                },
                {
                    "type": "origins:execute_command",
                    "command": "/execute positioned ~ ~-0.30000001192093 ~-0.89999999403953 run power grant @e[nbt={HivePos:{},AngerTime:0},distance=..0.0000001,type=bee,limit=3] enderian:util/invis_apply"
                },
                {
                    "type": "origins:execute_command",
                    "command": "/execute positioned ~0.89999999403953 ~-0.30000001192093 ~ run power grant @e[nbt={HivePos:{},AngerTime:0},distance=..0.0000001,type=bee,limit=3] enderian:util/invis_apply"
                }
            ]
        },
        "block_condition": {
            "type": "origins:nbt",
            "nbt": "{Bees:[]}"
        },
        "only_when_harvested": false
    },
    "silk_harvest": {
        "condition": {
            "inverted": false,
            "type": "origins:predicate",
            "predicate": "enderian:silky_hands"
        },
        "type": "origins:modify_harvest",
        "block_condition": {
            "inverted": false,
            "type": "origins:in_tag",
            "tag": "minecraft:mineable/pickaxe"
        },
        "allow": true
    },
    "spawner": {
        "condition": {
            "inverted": false,
            "type": "origins:predicate",
            "predicate": "enderian:silky_hands"
        },
        "type": "origins:action_on_block_break",
        "block_action": {
            "type": "origins:execute_command",
            "command": "/execute as @e[type=item,sort=nearest,limit=1,nbt={Item:{tag:{display:{Lore:['{\"text\":\"§7If you are seeing this in-game (without the use of commands), please message §5@Nobody#0836§7 on discord!\"}'],Name:'{\"text\":\"§4§lERROR\"}'}}}}] run function enderian:silky_hands/update_item"
        },
        "block_condition": {
            "type": "origins:block",
            "block": "minecraft:spawner"
        },
        "only_when_harvested": true
    },
    "ice_fix": {
        "condition": {
            "inverted": false,
            "type": "origins:predicate",
            "predicate": "enderian:silky_hands"
        },
        "type": "origins:action_on_block_break",
        "block_action": {
            "type": "origins:set_block",
            "block": "minecraft:air"
        },
        "block_condition": {
            "type": "origins:block",
            "block": "minecraft:ice"
        },
        "only_when_harvested": true
    }
}