{
    "name": "Teleportation",
    "description": "Teleport instantly to the block you are looking at, up to 40 blocks away. This ability has a short cooldown.",
    "type": "origins:multiple",
    "active": {
        "condition": {
            "type": "origins:and",
            "conditions": [
                {
                    "type": "origins:resource",
                    "resource": "*:*_cooldown",
                    "comparison": "==",
                    "compare_to": 0
                },
                {
                    "inverted": true,
                    "type": "origins:gamemode",
                    "gamemode": "spectator"
                },
                {
                    "type": "origins:or",
                    "conditions": [
                        {
                            "type": "origins:resource",
                            "resource": "*:pumpkin_hate_check",
                            "comparison": "==",
                            "compare_to": 0
                        },
                        {
                            "inverted": true,
                            "type": "origins:power",
                            "power": "enderian:pumpkin_hate"
                        }
                    ]
                }
            ]
        },
        "type": "origins:active_self",
        "entity_action": {
            "type": "origins:and",
            "actions": [
                {
                    "type": "origins:raycast",
                    "distance": 40,
                    "block": true,
                    "entity": false,
                    "shape_type": "visual",
                    "fluid_handling": "none",
                    "block_action": {
                        "type": "origins:and",
                        "actions": [
                            {
                                "type": "origins:execute_command",
                                "command": "execute positioned ~ ~0.5 ~ align y run summon armor_stand ~ ~ ~ {NoGravity:1b,Invulnerable:1b,Invisible:1b,PersistenceRequired:1b,Tags:[\"tp\"]}"
                            },
                            {
                                "type": "origins:execute_command",
                                "command": "execute positioned ~ ~0.5 ~ align y run scoreboard players operation @e[type=minecraft:armor_stand,tag=tp,limit=1,sort=nearest,distance=0] playerid = @a[tag=current,sort=nearest,limit=1] playerid"
                            },
                            {
                                "type": "origins:execute_command",
                                "command": "execute positioned ~ ~0.5 ~ align y run data modify entity @e[type=minecraft:armor_stand,tag=tp,limit=1,sort=nearest,distance=0] Rotation set from entity @a[tag=current,sort=nearest,limit=1] Rotation"
                            }
                        ]
                    },
                    "before_action": {
                        "type": "origins:execute_command",
                        "command": "/tag @s add current"
                    },
                    "hit_action": {
                        "type": "origins:delay",
                        "action": {
                            "type": "origins:and",
                            "actions": [
                                {
                                    "type": "origins:execute_command",
                                    "command": "tag @s remove current"
                                }
                            ]
                        },
                        "ticks": 1
                    },
                    "miss_action": {
                        "type": "origins:and",
                        "actions": [
                            {
                                "type": "origins:execute_command",
                                "command": "execute positioned ^ ^ ^40 align xyz run summon armor_stand ~0.5 ~ ~0.5 {NoGravity:1b,Invulnerable:1b,Invisible:1b,PersistenceRequired:1b,Tags:[\"tp\"]}"
                            },
                            {
                                "type": "origins:execute_command",
                                "command": "execute positioned ^ ^ ^40 align xyz positioned ~0.5 ~ ~0.5 run scoreboard players operation @e[type=minecraft:armor_stand,tag=tp,limit=1,sort=nearest,distance=0] playerid = @a[tag=current,sort=nearest,limit=1] playerid"
                            },
                            {
                                "type": "origins:execute_command",
                                "command": "execute positioned ^ ^ ^40 align xyz positioned ~0.5 ~ ~0.5 run data modify entity @e[type=minecraft:armor_stand,tag=tp,limit=1,sort=nearest,distance=0] Rotation set from entity @a[tag=current,sort=nearest,limit=1] Rotation"
                            },
                            {
                                "type": "origins:execute_command",
                                "command": "execute positioned ^ ^ ^40 align xyz positioned ~0.5 ~ ~0.5 run power grant @e[type=minecraft:armor_stand,tag=tp,limit=1,sort=nearest,distance=0] enderian:util/tp_check_2"
                            },
                            {
                                "type": "origins:execute_command",
                                "command": "tag @s remove current"
                            }
                        ]
                    },
                    "command_at_hit": "/execute align y run function enderian:tp/start"
                }
            ]
        },
        "cooldown": 1,
        "hud_render": {
            "should_render": false,
            "bar_index": 6
        },
        "key": {
            "key": "key.origins.primary_active"
        }
    },
    "cooldown": {
        "type": "origins:cooldown",
        "cooldown": 60,
        "hud_render": {
            "should_render": true,
            "bar_index": 6
        }
    }
}