{
    "name": "Avian+",
    "description": "Evolved from flightless birds, this race holds a strict advantage in their speed. Not only in their movement, but their attacks and mining as well.",
    "powers": [
        "originsplus:active_slow_fall",
        "origins:like_air",
        "originsplus:down",
        "origins:vegetarian",
        "originsplus:fresh_air",
        "origins:tailwind",
        "originsplus:fastweak",
        "originsplus:seeds",
        "origins:lay_eggs"
    ],
    "icon": {
        "item": "minecraft:feather"
    },
    "unchoosable": false,
    "order": 0,
    "impact": 1
}