{
    "type": "origins:active_self",
    "entity_action": {
        "type": "origins:and",
        "actions": [
            {
                "type": "origins:equipped_item_action",
                "equipment_slot": "mainhand",
                "action": {
                    "type": "origins:consume",
                    "amount": 1
                }
            },
            {
                "type": "origins:apply_effect",
                "effect": {
                    "effect": "minecraft:saturation",
                    "duration": 2,
                    "amplifier": 0,
                    "is_ambient": true,
                    "show_particles": false,
                    "show_icon": false
                }
            }
        ]
    },
    "cooldown": 10,
    "hud_render": {
        "should_render": false
    },
    "key": {
        "key": "key.use",
        "continuous": true
    },
    "condition": {
        "type": "origins:equipped_item",
        "equipment_slot": "mainhand",
        "item_condition": {
            "type": "origins:ingredient",
            "ingredient": {
                "item": "minecraft:wheat_seeds"
            }
        }
    },
	"name":"Granivore",
	"description":"As a birb, you prefer to eat wheat seeds instead of other food, so you can only eat wheat seeds."
}